CREATE DATABASE  IF NOT EXISTS `vikahotel` /*!40100 DEFAULT CHARACTER SET latin1 */;
USE `vikahotel`;
-- MySQL dump 10.13  Distrib 5.6.13, for osx10.6 (i386)
--
-- Host: localhost    Database: vikahotel
-- ------------------------------------------------------
-- Server version	5.5.33-cll-lve

/*!40101 SET @OLD_CHARACTER_SET_CLIENT=@@CHARACTER_SET_CLIENT */;
/*!40101 SET @OLD_CHARACTER_SET_RESULTS=@@CHARACTER_SET_RESULTS */;
/*!40101 SET @OLD_COLLATION_CONNECTION=@@COLLATION_CONNECTION */;
/*!40101 SET NAMES utf8 */;
/*!40103 SET @OLD_TIME_ZONE=@@TIME_ZONE */;
/*!40103 SET TIME_ZONE='+00:00' */;
/*!40014 SET @OLD_UNIQUE_CHECKS=@@UNIQUE_CHECKS, UNIQUE_CHECKS=0 */;
/*!40014 SET @OLD_FOREIGN_KEY_CHECKS=@@FOREIGN_KEY_CHECKS, FOREIGN_KEY_CHECKS=0 */;
/*!40101 SET @OLD_SQL_MODE=@@SQL_MODE, SQL_MODE='NO_AUTO_VALUE_ON_ZERO' */;
/*!40111 SET @OLD_SQL_NOTES=@@SQL_NOTES, SQL_NOTES=0 */;

--
-- Table structure for table `apartamento`
--

DROP TABLE IF EXISTS `apartamento`;
/*!40101 SET @saved_cs_client     = @@character_set_client */;
/*!40101 SET character_set_client = utf8 */;
CREATE TABLE `apartamento` (
  `id` int(11) NOT NULL AUTO_INCREMENT,
  `nombre` varchar(200) DEFAULT NULL,
  `hotel_id` int(11) NOT NULL,
  `descripcion_corta` text,
  `descripcion_larga` text,
  `estado` varchar(45) DEFAULT NULL,
  `adultos` int(11) DEFAULT NULL,
  `superficie` double DEFAULT NULL,
  `ninios` int(11) DEFAULT NULL,
  `tiempo_creacion` timestamp NULL DEFAULT NULL,
  `ultima_modificacion` timestamp NULL DEFAULT NULL,
  PRIMARY KEY (`id`),
  KEY `fk_apartamentos_hotel_idx` (`hotel_id`),
  CONSTRAINT `fk_apartamentos_hotel` FOREIGN KEY (`hotel_id`) REFERENCES `hotel` (`id`) ON DELETE NO ACTION ON UPDATE NO ACTION
) ENGINE=InnoDB DEFAULT CHARSET=latin1;
/*!40101 SET character_set_client = @saved_cs_client */;

--
-- Dumping data for table `apartamento`
--

LOCK TABLES `apartamento` WRITE;
/*!40000 ALTER TABLE `apartamento` DISABLE KEYS */;
/*!40000 ALTER TABLE `apartamento` ENABLE KEYS */;
UNLOCK TABLES;

--
-- Table structure for table `apartamento_archivo`
--

DROP TABLE IF EXISTS `apartamento_archivo`;
/*!40101 SET @saved_cs_client     = @@character_set_client */;
/*!40101 SET character_set_client = utf8 */;
CREATE TABLE `apartamento_archivo` (
  `apartamento_id` int(11) NOT NULL,
  `archivo_id` int(11) NOT NULL,
  `id` int(11) NOT NULL AUTO_INCREMENT,
  `tipo` varchar(45) DEFAULT NULL,
  PRIMARY KEY (`id`),
  KEY `fk_apartamentos_has_archivos_archivos1_idx` (`archivo_id`),
  KEY `fk_apartamentos_has_archivos_apartamentos1_idx` (`apartamento_id`),
  CONSTRAINT `fk_apartamentos_has_archivos_apartamentos1` FOREIGN KEY (`apartamento_id`) REFERENCES `apartamento` (`id`) ON DELETE NO ACTION ON UPDATE NO ACTION,
  CONSTRAINT `fk_apartamentos_has_archivos_archivos1` FOREIGN KEY (`archivo_id`) REFERENCES `archivo` (`id`) ON DELETE NO ACTION ON UPDATE NO ACTION
) ENGINE=InnoDB DEFAULT CHARSET=latin1;
/*!40101 SET character_set_client = @saved_cs_client */;

--
-- Dumping data for table `apartamento_archivo`
--

LOCK TABLES `apartamento_archivo` WRITE;
/*!40000 ALTER TABLE `apartamento_archivo` DISABLE KEYS */;
/*!40000 ALTER TABLE `apartamento_archivo` ENABLE KEYS */;
UNLOCK TABLES;

--
-- Table structure for table `apartamento_condicion`
--

DROP TABLE IF EXISTS `apartamento_condicion`;
/*!40101 SET @saved_cs_client     = @@character_set_client */;
/*!40101 SET character_set_client = utf8 */;
CREATE TABLE `apartamento_condicion` (
  `apartamento_id` int(11) NOT NULL,
  `condicion_id` int(11) NOT NULL,
  `id` int(11) NOT NULL AUTO_INCREMENT,
  PRIMARY KEY (`id`),
  KEY `fk_apartamento_has_condicion_condicion1_idx` (`condicion_id`),
  KEY `fk_apartamento_has_condicion_apartamento1_idx` (`apartamento_id`),
  CONSTRAINT `fk_apartamento_has_condicion_apartamento1` FOREIGN KEY (`apartamento_id`) REFERENCES `apartamento` (`id`) ON DELETE NO ACTION ON UPDATE NO ACTION,
  CONSTRAINT `fk_apartamento_has_condicion_condicion1` FOREIGN KEY (`condicion_id`) REFERENCES `condicion` (`id`) ON DELETE NO ACTION ON UPDATE NO ACTION
) ENGINE=InnoDB DEFAULT CHARSET=latin1;
/*!40101 SET character_set_client = @saved_cs_client */;

--
-- Dumping data for table `apartamento_condicion`
--

LOCK TABLES `apartamento_condicion` WRITE;
/*!40000 ALTER TABLE `apartamento_condicion` DISABLE KEYS */;
/*!40000 ALTER TABLE `apartamento_condicion` ENABLE KEYS */;
UNLOCK TABLES;

--
-- Table structure for table `apartamento_servicio`
--

DROP TABLE IF EXISTS `apartamento_servicio`;
/*!40101 SET @saved_cs_client     = @@character_set_client */;
/*!40101 SET character_set_client = utf8 */;
CREATE TABLE `apartamento_servicio` (
  `apartamento_id` int(11) NOT NULL,
  `servicio_id` int(11) NOT NULL,
  `id` int(11) NOT NULL AUTO_INCREMENT,
  PRIMARY KEY (`id`),
  KEY `fk_apartamento_has_servicio_servicio1_idx` (`servicio_id`),
  KEY `fk_apartamento_has_servicio_apartamento1_idx` (`apartamento_id`),
  CONSTRAINT `fk_apartamento_has_servicio_apartamento1` FOREIGN KEY (`apartamento_id`) REFERENCES `apartamento` (`id`) ON DELETE NO ACTION ON UPDATE NO ACTION,
  CONSTRAINT `fk_apartamento_has_servicio_servicio1` FOREIGN KEY (`servicio_id`) REFERENCES `servicio` (`id`) ON DELETE NO ACTION ON UPDATE NO ACTION
) ENGINE=InnoDB DEFAULT CHARSET=latin1;
/*!40101 SET character_set_client = @saved_cs_client */;

--
-- Dumping data for table `apartamento_servicio`
--

LOCK TABLES `apartamento_servicio` WRITE;
/*!40000 ALTER TABLE `apartamento_servicio` DISABLE KEYS */;
/*!40000 ALTER TABLE `apartamento_servicio` ENABLE KEYS */;
UNLOCK TABLES;

--
-- Table structure for table `archivo`
--

DROP TABLE IF EXISTS `archivo`;
/*!40101 SET @saved_cs_client     = @@character_set_client */;
/*!40101 SET character_set_client = utf8 */;
CREATE TABLE `archivo` (
  `id` int(11) NOT NULL AUTO_INCREMENT,
  `nombre` varchar(150) DEFAULT NULL,
  `ruta` varchar(300) DEFAULT NULL,
  `tipo` varchar(15) DEFAULT NULL,
  `extension` varchar(4) DEFAULT NULL,
  PRIMARY KEY (`id`)
) ENGINE=InnoDB AUTO_INCREMENT=1906 DEFAULT CHARSET=latin1;
/*!40101 SET character_set_client = @saved_cs_client */;

--
-- Dumping data for table `archivo`
--

LOCK TABLES `archivo` WRITE;
/*!40000 ALTER TABLE `archivo` DISABLE KEYS */;
INSERT INTO `archivo` VALUES (1117,'','http://vikahotel.com/templates/images/apartamentos/3ad7fc91c35ef8afab8e88e709ccfaa1.jpg','imagen','jpg'),(1118,'','http://vikahotel.com/templates/images/apartamentos/e6992137484bbc5a8e3f7f7faef8ae03.jpg','imagen','jpg'),(1119,'','http://vikahotel.com/templates/images/apartamentos/7ad3b0bde001bc60e7d0af822293c65a.jpg','imagen','jpg'),(1120,'','http://vikahotel.com/templates/images/apartamentos/433a2cfdaab0fa2d685fc70ac7ee1233.jpg','imagen','jpg'),(1121,'','http://vikahotel.com/templates/images/apartamentos/13f44e6bca1b01dd260e28075e15cf80.jpg','imagen','jpg'),(1122,'','http://vikahotel.com/templates/images/apartamentos/16448eb8db8a38db3b1e9d66e28a531a.jpg','imagen','jpg'),(1123,'','http://vikahotel.com/templates/images/apartamentos/937569025a37ba049e05f0b778685857.jpg','imagen','jpg'),(1124,'','http://vikahotel.com/templates/images/apartamentos/25f9526c91fd2f661baf229f4b8e6ec9.jpg','imagen','jpg'),(1125,'','http://vikahotel.com/templates/images/apartamentos/8cce4f546017b50eb70d05be9d7d5f63.jpg','imagen','jpg'),(1126,'','http://vikahotel.com/templates/images/apartamentos/9bb7ba1853bb70e6b0784f1abfae76ce.jpg','imagen','jpg'),(1127,'','http://vikahotel.com/templates/images/apartamentos/795538f7ba8197b69291b09363706ba3.jpg','imagen','jpg'),(1128,'','http://vikahotel.com/templates/images/apartamentos/ccf7f9ea112b6677ce11176db97c50cb.jpg','imagen','jpg'),(1129,'','http://vikahotel.com/templates/images/apartamentos/12769adf9067b776f4645e690287a165.jpg','imagen','jpg'),(1130,'','http://vikahotel.com/templates/images/apartamentos/ab6af26d26251c416137acc9befaeed8.jpg','imagen','jpg'),(1131,'','http://vikahotel.com/templates/images/apartamentos/795dec16c278e84ca4d756faba6140ce.jpg','imagen','jpg'),(1132,'','http://vikahotel.com/templates/images/apartamentos/46e69acb68e3ec17697fbc28dac408e8.jpg','imagen','jpg'),(1133,'','http://vikahotel.com/templates/images/apartamentos/42129e03c37bfba5c4e68d4331777d9a.jpg','imagen','jpg'),(1134,'','http://vikahotel.com/templates/images/apartamentos/8c24825b5e61c67be6d26cb9fac59926.jpg','imagen','jpg'),(1135,'','http://vikahotel.com/templates/images/apartamentos/eca2e4739fafae8b0286475e2f9b9431.jpg','imagen','jpg'),(1136,'','http://vikahotel.com/templates/images/apartamentos/801dad527588212dd63d87d428c62634.jpg','imagen','jpg'),(1137,'','http://vikahotel.com/templates/images/apartamentos/71f945556ccb91ca3b38e2ab665fa122.jpg','imagen','jpg'),(1138,'','http://vikahotel.com/templates/images/apartamentos/f8e99781578abd4963f352d33581ce33.jpg','imagen','jpg'),(1139,'','http://vikahotel.com/templates/images/apartamentos/fd7b03edd6d65a5ae0e3909cbd9fd4ea.jpg','imagen','jpg'),(1140,'','http://vikahotel.com/templates/images/apartamentos/7962f199f1c1e883dc1739bbafe25839.jpg','imagen','jpg'),(1141,'','http://vikahotel.com/templates/images/apartamentos/a5207f9d4d2ca41f815ac98aadb76175.jpg','imagen','jpg'),(1142,'','http://vikahotel.com/templates/images/apartamentos/2df8da082d93df7bbad6dd6f956b9daa.jpg','imagen','jpg'),(1143,'','http://vikahotel.com/templates/images/apartamentos/50fe6b1303673fcc70da5e2986ff8916.jpg','imagen','jpg'),(1144,'','http://vikahotel.com/templates/images/apartamentos/47cf8159185f6eed85c5d96296272ad3.jpg','imagen','jpg'),(1145,'','http://vikahotel.com/templates/images/apartamentos/4487c3e5f87cdad5b86e6c7cb35f6ed1.jpg','imagen','jpg'),(1146,'','http://vikahotel.com/templates/images/apartamentos/f1b08b812bbdef4d77e3c751d05d998a.jpg','imagen','jpg'),(1147,'','http://vikahotel.com/templates/images/apartamentos/6f751c32e0064cf4eb3a20d5eafd5255.jpg','imagen','jpg'),(1148,'','http://vikahotel.com/templates/images/apartamentos/a5f4cc061c8e2723afa9022227f933d1.jpg','imagen','jpg'),(1149,'','http://vikahotel.com/templates/images/apartamentos/99cb38e782bc7ddaed6c417f0899b093.jpg','imagen','jpg'),(1150,'','http://vikahotel.com/templates/images/apartamentos/fd75ec20d6a6306bb48f2e703cd9f528.jpg','imagen','jpg'),(1151,'','http://vikahotel.com/templates/images/apartamentos/894f915994a935073fb18428462abfaa.jpg','imagen','jpg'),(1152,'','http://vikahotel.com/templates/images/apartamentos/0f0559d64b9a15cc7781896d7c403745.jpg','imagen','jpg'),(1153,'','http://vikahotel.com/templates/images/apartamentos/7e50796fd5617f23f4ef3b5beb6c0495.jpg','imagen','jpg'),(1154,'','http://vikahotel.com/templates/images/apartamentos/fb8cb479dd09bc6a5ec472e7b0cd4f0d.jpg','imagen','jpg'),(1155,'','http://vikahotel.com/templates/images/apartamentos/a8be73badad97603b143d2e7e75bd2ff.jpg','imagen','jpg'),(1156,'','http://vikahotel.com/templates/images/apartamentos/41b5a21e20d76525e423c7464cecf58c.jpg','imagen','jpg'),(1157,'','http://vikahotel.com/templates/images/apartamentos/679af9d7b30cc36f3df9dd21b03cbfe8.jpg','imagen','jpg'),(1158,'','http://vikahotel.com/templates/images/apartamentos/afbecec61554401b0aee7a68360d7356.jpg','imagen','jpg'),(1159,'','http://vikahotel.com/templates/images/apartamentos/28be147736f0f663f48a8dd1f3985c4d.jpg','imagen','jpg'),(1160,'','http://vikahotel.com/templates/images/apartamentos/9f89b098ae099fbd6e9733e162c92963.jpg','imagen','jpg'),(1161,'','http://vikahotel.com/templates/images/apartamentos/dfcadda30a08de9b2060945014ccad0a.jpg','imagen','jpg'),(1162,'','http://vikahotel.com/templates/images/apartamentos/d0d922ba6f97ae6a56d0386356158f2a.jpg','imagen','jpg'),(1163,'','http://vikahotel.com/templates/images/apartamentos/dfaaa7d7892619fc492b762d7d5d4dff.jpg','imagen','jpg'),(1164,'','http://vikahotel.com/templates/images/apartamentos/245c529f09320366197a71c6e529ebd8.jpg','imagen','jpg'),(1165,'','http://vikahotel.com/templates/images/apartamentos/f9b95c7235fbb55fabc8f389c993df2e.jpg','imagen','jpg'),(1166,'','http://vikahotel.com/templates/images/apartamentos/f86ed62c4e4bc41447bc5154771d6034.jpg','imagen','jpg'),(1167,'','http://vikahotel.com/templates/images/apartamentos/e4d11dd3bbb083ec6c0a6a6a83acbf9e.jpg','imagen','jpg'),(1168,'','http://vikahotel.com/templates/images/apartamentos/dbdb5b208335388e85c91fc96d9e9af3.jpg','imagen','jpg'),(1169,'','http://vikahotel.com/templates/images/apartamentos/d244bdf1368173d8fe97aae87b1ae2bb.jpg','imagen','jpg'),(1170,'','http://vikahotel.com/templates/images/apartamentos/730b3cafea0dfc35b54abcfa6db457d2.jpg','imagen','jpg'),(1171,'','http://vikahotel.com/templates/images/apartamentos/fa7f3866f76bc5abab83b23d307c3907.jpg','imagen','jpg'),(1172,'','http://vikahotel.com/templates/images/apartamentos/d29ff90bfeb1743d401b7ea1a69e1f7d.jpg','imagen','jpg'),(1173,'','http://vikahotel.com/templates/images/apartamentos/a22a72138736929bf90735e88d395f38.jpg','imagen','jpg'),(1174,'','http://vikahotel.com/templates/images/apartamentos/2e51df2127cc4994145dc650eb1635cd.jpg','imagen','jpg'),(1175,'','http://vikahotel.com/templates/images/apartamentos/fe25a6eee240afa42b8583315a5a7482.jpg','imagen','jpg'),(1177,'','http://vikahotel.com/templates/images/apartamentos/71fc7605cae87ad9adac806ea220f05d.jpg','imagen','jpg'),(1178,'','http://vikahotel.com/templates/images/apartamentos/d04b4b1ed5a705d7a0cdf448a5120822.jpg','imagen','jpg'),(1179,'','http://vikahotel.com/templates/images/apartamentos/29d0f47ec9b19b6773a5136c6eb8e8c8.jpg','imagen','jpg'),(1180,'','http://vikahotel.com/templates/images/apartamentos/711628230f1071ea227523383f4b0b1e.jpg','imagen','jpg'),(1182,'','http://vikahotel.com/templates/images/apartamentos/963b4661bcfa5b2ac0e5f94541338886.jpg','imagen','jpg'),(1183,'','http://vikahotel.com/templates/images/apartamentos/37e4a8718369c035f31a6fec76006d9a.jpg','imagen','jpg'),(1184,'','http://vikahotel.com/templates/images/apartamentos/b969c2bc98e81e73d9e58ca0edd96079.jpg','imagen','jpg'),(1185,'','http://vikahotel.com/templates/images/apartamentos/643c803f4a400b2c3aa012b805ce3dca.jpg','imagen','jpg'),(1186,'','http://vikahotel.com/templates/images/apartamentos/965eab0324ac0014b8658f1c6b20c34f.jpg','imagen','jpg'),(1187,'','http://vikahotel.com/templates/images/apartamentos/c3df1581fd9ef0d85201081ce9ea5b9f.jpg','imagen','jpg'),(1188,'','http://vikahotel.com/templates/images/apartamentos/8484771d108c0dcb5cfc245af2a084db.jpg','imagen','jpg'),(1189,'','http://vikahotel.com/templates/images/apartamentos/7af6a8d2b50524a7984fc4a3634cb4bf.jpg','imagen','jpg'),(1190,'','http://vikahotel.com/templates/images/apartamentos/efe70ed3db659c027e03771c79f7885b.jpg','imagen','jpg'),(1191,'','http://vikahotel.com/templates/images/apartamentos/9c35129129f93f508d8d7196ebe18934.jpg','imagen','jpg'),(1192,'','http://vikahotel.com/templates/images/apartamentos/9b4111c8e5ac348f62b835c4da0a9721.jpg','imagen','jpg'),(1193,'','http://vikahotel.com/templates/images/apartamentos/82fa8ef03f6493a50645d3486e6f7cbb.jpg','imagen','jpg'),(1263,'','http://vikahotel.com/templates/images/apartamentos/ad513d7b83ca7bb0ab8d773d946f0551.jpg','imagen','jpg'),(1264,'','http://vikahotel.com/templates/images/apartamentos/8b6a1be29fc06c85fa35b7fd602048fb.jpg','imagen','jpg'),(1265,'','http://vikahotel.com/templates/images/apartamentos/c71779b06cce13b82d59b409027bb8c6.jpg','imagen','jpg'),(1266,'','http://vikahotel.com/templates/images/apartamentos/74a62cb9bda4291e57d5b8b652d9de89.jpg','imagen','jpg'),(1267,'','http://vikahotel.com/templates/images/apartamentos/2e0973568c135be7f4c7fcd4221d4e6f.jpg','imagen','jpg'),(1268,'','http://vikahotel.com/templates/images/apartamentos/1f4ea1c2681721dfdf6cf5bff303ac27.jpg','imagen','jpg'),(1269,'','http://vikahotel.com/templates/images/apartamentos/e40a055b831042cb9f29158169cab10e.jpg','imagen','jpg'),(1270,'','http://vikahotel.com/templates/images/apartamentos/a5adbbd33029d4ed4784572deaee1420.jpg','imagen','jpg'),(1271,'','http://vikahotel.com/templates/images/apartamentos/cc147046d493a6a5e4215d31b1bb163d.jpg','imagen','jpg'),(1273,'','http://vikahotel.com/templates/images/apartamentos/06d791458062e027cfc802da13c1c67b.jpg','imagen','jpg'),(1274,'','http://vikahotel.com/templates/images/apartamentos/c17c3f297a5d3158f03ae34243f809ae.jpg','imagen','jpg'),(1275,'','http://vikahotel.com/templates/images/apartamentos/993acb0eed0b45f7778cfa0c815b46f4.jpg','imagen','jpg'),(1276,'','http://vikahotel.com/templates/images/apartamentos/f835e9f00e93c197689013175762f53b.jpg','imagen','jpg'),(1277,'','http://vikahotel.com/templates/images/apartamentos/01d19b553a205637f20c2f6a52124fdf.jpg','imagen','jpg'),(1278,'','http://vikahotel.com/templates/images/apartamentos/dc5c7443549e7637983207be02e59fb9.jpg','imagen','jpg'),(1279,'','http://vikahotel.com/templates/images/apartamentos/3840aab520dad437947bec583867d1aa.jpg','imagen','jpg'),(1280,'','http://vikahotel.com/templates/images/apartamentos/2f7866b222ff83b60417c56e0f7c38f4.jpg','imagen','jpg'),(1281,'','http://vikahotel.com/templates/images/apartamentos/7f4d2b86ab66555beaebe2372a5aadcc.jpg','imagen','jpg'),(1282,'','http://vikahotel.com/templates/images/apartamentos/9e8da5cd63aae87eb0d372d168abdddb.jpg','imagen','jpg'),(1315,'','http://vikahotel.com/templates/images/apartamentos/c83638cabdc2dee13e94a0d1f4134bfa.jpg','imagen','jpg'),(1316,'','http://vikahotel.com/templates/images/apartamentos/04b2413d14b627edb6505b5ff6782ecf.jpg','imagen','jpg'),(1317,'','http://vikahotel.com/templates/images/apartamentos/bb1e75a5b825992816fb10db84fc8cc5.jpg','imagen','jpg'),(1318,'','http://vikahotel.com/templates/images/apartamentos/2d0b2a65f8eb5ef08835f2f7845a54dd.jpg','imagen','jpg'),(1319,'','http://vikahotel.com/templates/images/apartamentos/a2527381a934364c8f8ca9ca39e89c7e.jpg','imagen','jpg'),(1320,'','http://vikahotel.com/templates/images/apartamentos/e432d0ed51f13f4acd7378bfd1174682.jpg','imagen','jpg'),(1321,'','http://vikahotel.com/templates/images/apartamentos/a608b7cc42dd7e222f8a17472a9f6302.jpg','imagen','jpg'),(1322,'','http://vikahotel.com/templates/images/apartamentos/d51fff857e303aacc34869bc1aa7493e.jpg','imagen','jpg'),(1323,'','http://vikahotel.com/templates/images/apartamentos/4bb2b38f6dec8f35d38fc6887807e58d.jpg','imagen','jpg'),(1324,'','http://vikahotel.com/templates/images/apartamentos/09ec627254b5737c99461d2ef9e446f6.jpg','imagen','jpg'),(1325,'','http://vikahotel.com/templates/images/apartamentos/d4d25d84fc568d87b8faea23a3152860.jpg','imagen','jpg'),(1326,'','http://vikahotel.com/templates/images/apartamentos/482996cbc7b58ed3527cddb052f1c5e8.jpg','imagen','jpg'),(1327,'','http://vikahotel.com/templates/images/apartamentos/7ae2162cb9f6d82dc6432260f42c3dc0.jpg','imagen','jpg'),(1328,'','http://vikahotel.com/templates/images/apartamentos/a5592131c59cc3f234c2f814f9d79e09.jpg','imagen','jpg'),(1329,'','http://vikahotel.com/templates/images/apartamentos/e2790b6ab462c4524bbba89153a0b0a7.jpg','imagen','jpg'),(1330,'','http://vikahotel.com/templates/images/apartamentos/2b7d455cc650db872b87c006519f7f5f.jpg','imagen','jpg'),(1331,'','http://vikahotel.com/templates/images/apartamentos/37071278727e9959bcf123d6f503c671.jpg','imagen','jpg'),(1332,'','http://vikahotel.com/templates/images/apartamentos/860fd334d9efdbb0794345a2933582d8.jpg','imagen','jpg'),(1333,'','http://vikahotel.com/templates/images/apartamentos/86bf9828a287750c7f27d9468245debe.jpg','imagen','jpg'),(1334,'','http://vikahotel.com/templates/images/apartamentos/37f5628c0d3798a27f5ffa9773bb261b.jpg','imagen','jpg'),(1335,'','http://vikahotel.com/templates/images/apartamentos/2b849e97038049403a0144a03aeb2b1f.jpg','imagen','jpg'),(1336,'','http://vikahotel.com/templates/images/apartamentos/0a1cd9d4cbc7eac91f1c5cac646f2299.jpg','imagen','jpg'),(1337,'','http://vikahotel.com/templates/images/apartamentos/cb769b8041b25ccba7166fd7a6336be9.jpg','imagen','jpg'),(1338,'','http://vikahotel.com/templates/images/apartamentos/ebff1aa798f1f769e15a0051f4412597.jpg','imagen','jpg'),(1339,'','http://vikahotel.com/templates/images/apartamentos/a62914dc27769e02a314009dbccaa8d6.jpg','imagen','jpg'),(1340,'','http://vikahotel.com/templates/images/apartamentos/b421bdb456e5ba60db9aba7c13e2af16.jpg','imagen','jpg'),(1341,'','http://vikahotel.com/templates/images/apartamentos/07c94d9b66b2c13eba71208043240679.jpg','imagen','jpg'),(1342,'','http://vikahotel.com/templates/images/apartamentos/746a04e03a9df5aefb3addff248ca726.jpg','imagen','jpg'),(1343,'','http://vikahotel.com/templates/images/apartamentos/2184928a75b3384b510008f4eced80a7.jpg','imagen','jpg'),(1344,'','http://vikahotel.com/templates/images/apartamentos/9a6b8feaeb022b3b77f749546b06ed73.jpg','imagen','jpg'),(1345,'','http://vikahotel.com/templates/images/apartamentos/ac0e87ab9061630e71b300a0f48882d4.jpg','imagen','jpg'),(1346,'','http://vikahotel.com/templates/images/apartamentos/fbac68b856fc7ca48cd2915db64c3bfd.jpg','imagen','jpg'),(1347,'','http://vikahotel.com/templates/images/apartamentos/2f37c7acf3f6c043090dd40e034cd6e1.jpg','imagen','jpg'),(1348,'','http://vikahotel.com/templates/images/apartamentos/78662cd4f8abd191ff006b14ba06e9e5.jpg','imagen','jpg'),(1349,'','http://vikahotel.com/templates/images/apartamentos/fe5648a7d165c3808bb71087eae8dc95.jpg','imagen','jpg'),(1350,'','http://vikahotel.com/templates/images/apartamentos/effb28eb60d95f61fcd52c10c7f6da84.jpg','imagen','jpg'),(1351,'','http://vikahotel.com/templates/images/apartamentos/7a6702fa307ff2e87907b515feb0e7f5.jpg','imagen','jpg'),(1352,'','http://vikahotel.com/templates/images/apartamentos/d41e456ae553a40fc7d01810a183cc40.jpg','imagen','jpg'),(1353,'','http://vikahotel.com/templates/images/apartamentos/9aaa98dfe9aa7946be559a34dff9d599.jpg','imagen','jpg'),(1354,'','http://vikahotel.com/templates/images/apartamentos/d9245f9b175ff6042ff8fb2787447cfa.jpg','imagen','jpg'),(1355,'','http://vikahotel.com/templates/images/apartamentos/d76bf184c28e154c7a7a34982ed747ff.jpg','imagen','jpg'),(1356,'','http://vikahotel.com/templates/images/apartamentos/518de677e1273d3ec32dea30ead2ca18.jpg','imagen','jpg'),(1357,'','http://vikahotel.com/templates/images/apartamentos/0df754eea7e156710ea91d019f6aaa62.jpg','imagen','jpg'),(1358,'','http://vikahotel.com/templates/images/apartamentos/5b14e2fc73c9ce6f25d94a156eebf86e.jpg','imagen','jpg'),(1359,'','http://vikahotel.com/templates/images/apartamentos/32b0d7faf37126aa1bcceeb647bac63b.jpg','imagen','jpg'),(1360,'','http://vikahotel.com/templates/images/apartamentos/df7d2525111e83174cc993643b0360bf.jpg','imagen','jpg'),(1361,'','http://vikahotel.com/templates/images/apartamentos/cfc405120ebd9c99538e7c4ccbcc0679.jpg','imagen','jpg'),(1362,'','http://vikahotel.com/templates/images/apartamentos/cc224d1b47290b62266f92bc9f6d536f.jpg','imagen','jpg'),(1363,'','http://vikahotel.com/templates/images/apartamentos/9874c24bff64dca27584c2803a09f3d7.jpg','imagen','jpg'),(1364,'','http://vikahotel.com/templates/images/apartamentos/09c85cf6163549ead9e9155a13c0321d.jpg','imagen','jpg'),(1365,'','http://vikahotel.com/templates/images/apartamentos/da4826fc4b404a95c1337b2ba5d66777.jpg','imagen','jpg'),(1366,'','http://vikahotel.com/templates/images/apartamentos/799cdd793a496da0d2cb2610eacff0f9.jpg','imagen','jpg'),(1367,'','http://vikahotel.com/templates/images/apartamentos/4c1945cd10c318d85e77c677eb9277d3.jpg','imagen','jpg'),(1368,'','http://vikahotel.com/templates/images/apartamentos/bedd4c20c385b3500e7c5f2d963b9693.jpg','imagen','jpg'),(1369,'','http://vikahotel.com/templates/images/apartamentos/111960aa9857d735a57295c84596b1cc.jpg','imagen','jpg'),(1370,'','http://vikahotel.com/templates/images/apartamentos/f056bffa8dccf8a48043d6446cd73e56.jpg','imagen','jpg'),(1371,'','http://vikahotel.com/templates/images/apartamentos/0d2c2866a585ec5b57ecbc6754b1f001.jpg','imagen','jpg'),(1372,'','http://vikahotel.com/templates/images/apartamentos/2701f43c0bb95976fa82d3baa7676d61.jpg','imagen','jpg'),(1373,'','http://vikahotel.com/templates/images/apartamentos/db172d230b7826c314854ded47d4f2aa.jpg','imagen','jpg'),(1374,'','http://vikahotel.com/templates/images/apartamentos/1a9615b72c4e0da415c93ca939d0687a.jpg','imagen','jpg'),(1375,'','http://vikahotel.com/templates/images/apartamentos/639a091aba0c68fbdc637533779c4a51.jpg','imagen','jpg'),(1376,'','http://vikahotel.com/templates/images/apartamentos/81549dea3f4d3a69ec1e20e729d663f0.jpg','imagen','jpg'),(1377,'','http://vikahotel.com/templates/images/apartamentos/bd8aa8dc27b4dec697bce354505d4322.jpg','imagen','jpg'),(1378,'','http://vikahotel.com/templates/images/apartamentos/157356669f2aedc3b1ac575a48a08327.jpg','imagen','jpg'),(1379,'','http://vikahotel.com/templates/images/apartamentos/8d1d1fb952646c9f5a3954a644d0481a.jpg','imagen','jpg'),(1380,'','http://vikahotel.com/templates/images/apartamentos/d462b2b63d89e3aa6c79345eed42fa39.jpg','imagen','jpg'),(1381,'','http://vikahotel.com/templates/images/apartamentos/aa2c739bdab4ecca698c38e4286404c7.jpg','imagen','jpg'),(1382,'','http://vikahotel.com/templates/images/apartamentos/49a43dc24045be3f2b6ee387978c1561.jpg','imagen','jpg'),(1383,'','http://vikahotel.com/templates/images/apartamentos/b2429074e92176bb69f175c3efe397cc.jpg','imagen','jpg'),(1384,'','http://vikahotel.com/templates/images/apartamentos/20a4b9be0f401ad7737d30a98413501c.jpg','imagen','jpg'),(1385,'','http://vikahotel.com/templates/images/apartamentos/0fb6582f7623e972dff06a1159a04649.jpg','imagen','jpg'),(1386,'','http://vikahotel.com/templates/images/apartamentos/e1d2cd250879e1fe35cbc657d944a6ad.jpg','imagen','jpg'),(1387,'','http://vikahotel.com/templates/images/apartamentos/6a2b33c727a849fb6b6d6fca1fe6a559.jpg','imagen','jpg'),(1388,'','http://vikahotel.com/templates/images/apartamentos/68284b89236b41626ab71adc669ffcff.jpg','imagen','jpg'),(1389,'','http://vikahotel.com/templates/images/apartamentos/d2709e0eff6d88f7619f6878cf852704.jpg','imagen','jpg'),(1390,'','http://vikahotel.com/templates/images/apartamentos/e191b9e4f235972d5003a8a1a47b344e.jpg','imagen','jpg'),(1391,'','http://vikahotel.com/templates/images/apartamentos/ec121863e038d3196ffdeb76cfe95ed9.jpg','imagen','jpg'),(1392,'','http://vikahotel.com/templates/images/apartamentos/f221f8666ff9c1cc3b1b76108c27bfec.jpg','imagen','jpg'),(1393,'','http://vikahotel.com/templates/images/apartamentos/ddd1ad3e1a80dd8f620d7a4da068ada0.jpg','imagen','jpg'),(1394,'','http://vikahotel.com/templates/images/apartamentos/caf9d322e828e4b92351ab7d9c24c060.jpg','imagen','jpg'),(1395,'','http://vikahotel.com/templates/images/apartamentos/7f55d5d4c43610933bd53e7199010525.jpg','imagen','jpg'),(1396,'','http://vikahotel.com/templates/images/apartamentos/b3f5cdecff1d04f417829ee633fcd006.jpg','imagen','jpg'),(1397,'','http://vikahotel.com/templates/images/apartamentos/186e9709107c22fcf739c57be5a4d8ad.jpg','imagen','jpg'),(1398,'','http://vikahotel.com/templates/images/apartamentos/cf53ddc5676ba00c57314940774faf63.jpg','imagen','jpg'),(1399,'','http://vikahotel.com/templates/images/apartamentos/fe43f72ab5c2a0460b378ba39d742975.jpg','imagen','jpg'),(1400,'','http://vikahotel.com/templates/images/apartamentos/f038dff3141e2c1bc460b068e9ee24d9.jpg','imagen','jpg'),(1402,'','http://vikahotel.com/templates/images/apartamentos/f1214a96370448a12f1d3f6b00a8370d.jpg','imagen','jpg'),(1403,'','http://vikahotel.com/templates/images/apartamentos/3a6adde03c6eae2c7a073de4a11a38e8.jpg','imagen','jpg'),(1404,'','http://vikahotel.com/templates/images/apartamentos/564f98792c85bf862523764b357c83bf.jpg','imagen','jpg'),(1405,'','http://vikahotel.com/templates/images/apartamentos/f45d93c6bcf6d1601958c76149ef0e79.jpg','imagen','jpg'),(1406,'','http://vikahotel.com/templates/images/apartamentos/0fa792680aa021e5014488b931708ac9.jpg','imagen','jpg'),(1407,'','http://vikahotel.com/templates/images/apartamentos/36c952b1d70b726b9bafc22d24e3bebb.jpg','imagen','jpg'),(1408,'','http://vikahotel.com/templates/images/apartamentos/023666f0ed4fa0b8a28f7fd4da5acb1a.jpg','imagen','jpg'),(1409,'','http://vikahotel.com/templates/images/apartamentos/14d6d58f8828f685b282f085e6d2f10a.jpg','imagen','jpg'),(1410,'','http://vikahotel.com/templates/images/apartamentos/57d9e319e582f3a919c146d950ed2518.jpg','imagen','jpg'),(1411,'','http://vikahotel.com/templates/images/apartamentos/7a1f6a356b61d1007e4f60391afa1124.jpg','imagen','jpg'),(1412,'','http://vikahotel.com/templates/images/apartamentos/535e7c5a1a5d181f705f0b1290cec23f.jpg','imagen','jpg'),(1413,'','http://vikahotel.com/templates/images/apartamentos/c93f3cb2a4fb505b9e84465a2d30e628.jpg','imagen','jpg'),(1414,'','http://vikahotel.com/templates/images/apartamentos/884eaf57206a36e2642ae176bb7d25a7.jpg','imagen','jpg'),(1415,'','http://vikahotel.com/templates/images/apartamentos/3683e32b507beb94578e6bc54ee1ea5a.jpg','imagen','jpg'),(1416,'','http://vikahotel.com/templates/images/apartamentos/ee6c2215088bbe60adf1dcc0e26fc362.jpg','imagen','jpg'),(1417,'','http://vikahotel.com/templates/images/apartamentos/3eb7516a74489f1ec6c84196765b8bf6.jpg','imagen','jpg'),(1418,'','http://vikahotel.com/templates/images/apartamentos/a09e5bee3427a2d5c83805e574ff09ba.jpg','imagen','jpg'),(1419,'','http://vikahotel.com/templates/images/apartamentos/6e44a19e499ff245047758e3bc555162.jpg','imagen','jpg'),(1420,'','http://vikahotel.com/templates/images/apartamentos/920d0dccf39edd4b98c194f5958d28a6.jpg','imagen','jpg'),(1422,'','http://vikahotel.com/templates/images/apartamentos/d688e626a7488928d5f55b9d923a0f9f.jpg','imagen','jpg'),(1423,'','http://vikahotel.com/templates/images/apartamentos/5988971a87497fb733255b94f324a348.jpg','imagen','jpg'),(1424,'','http://vikahotel.com/templates/images/apartamentos/4d34a2ff119d93047bc102e4f2ddbfe3.jpg','imagen','jpg'),(1425,'','http://vikahotel.com/templates/images/apartamentos/4b37679ffaa40a9d92c7dffd20ca84ce.jpg','imagen','jpg'),(1426,'','http://vikahotel.com/templates/images/apartamentos/2e351fadf06ae5244ad8de1e71b4647b.jpg','imagen','jpg'),(1427,'','http://vikahotel.com/templates/images/apartamentos/170460373249dd04d2df74c1966931d5.jpg','imagen','jpg'),(1428,'','http://vikahotel.com/templates/images/apartamentos/1c125433a991054a5a52dbc9afbdbc15.jpg','imagen','jpg'),(1429,'','http://vikahotel.com/templates/images/apartamentos/a8c719771969dce34e086d3b9382fe06.jpg','imagen','jpg'),(1430,'','http://vikahotel.com/templates/images/apartamentos/b3c7154dab18232ffce2c191d125a278.jpg','imagen','jpg'),(1431,'','http://vikahotel.com/templates/images/apartamentos/2318533f96a13b74675648c8b8808374.jpg','imagen','jpg'),(1432,'','http://vikahotel.com/templates/images/apartamentos/6f3a2d771bb83d10f346692e46f42a21.jpg','imagen','jpg'),(1433,'','http://vikahotel.com/templates/images/apartamentos/957cd726a0821a7595fd405eca8271f0.jpg','imagen','jpg'),(1434,'','http://vikahotel.com/templates/images/apartamentos/39f3d4e412f607a643d82dd5e61893dc.jpg','imagen','jpg'),(1435,'','http://vikahotel.com/templates/images/apartamentos/7f5ebec3443b7120db0ce30e829ffdd2.jpg','imagen','jpg'),(1436,'','http://vikahotel.com/templates/images/apartamentos/c865e6aba7d3da3c885d5b03f5f72de6.jpg','imagen','jpg'),(1437,'','http://vikahotel.com/templates/images/apartamentos/575b2a71cea8241790e91c2db2ec571f.jpg','imagen','jpg'),(1438,'','http://vikahotel.com/templates/images/apartamentos/7c44bd175c36e37c1049167a5d1515ec.jpg','imagen','jpg'),(1439,'','http://vikahotel.com/templates/images/apartamentos/1df7da5e34290af8cc415d5f8b2d7d9c.jpg','imagen','jpg'),(1440,'','http://vikahotel.com/templates/images/apartamentos/257bcdb2efed6a97ddd22b444736bbaa.jpg','imagen','jpg'),(1441,'','http://vikahotel.com/templates/images/apartamentos/99ffcd05be919b7265e2850cff765bbc.jpg','imagen','jpg'),(1442,'','http://vikahotel.com/templates/images/apartamentos/26a535d5340948382c7c823f3483438e.jpg','imagen','jpg'),(1443,'','http://vikahotel.com/templates/images/apartamentos/e79a0e78d884329ee09395bea2de9841.jpg','imagen','jpg'),(1444,'','http://vikahotel.com/templates/images/apartamentos/48748c06e8dcb03694ae3d1583c4a336.jpg','imagen','jpg'),(1445,'','http://vikahotel.com/templates/images/apartamentos/a41361acc61c7e64cce00ee1bb162284.jpg','imagen','jpg'),(1446,'','http://www.vikahotel.com/templates/images/apartamentos/98836c86908158635c7b931e502b910c.jpg','imagen','jpg'),(1447,'','http://www.vikahotel.com/templates/images/apartamentos/4d77e9b72b928a7c374b95e231e928d3.jpg','imagen','jpg'),(1448,'','http://www.vikahotel.com/templates/images/apartamentos/922dd670c22c7f12abc48561e9f8293d.jpg','imagen','jpg'),(1449,'','http://www.vikahotel.com/templates/images/apartamentos/a631213e80a90fe13eacd8cadee23a19.jpg','imagen','jpg'),(1450,'','http://www.vikahotel.com/templates/images/apartamentos/ff80f6ffacca2cc63c61941e29231d80.jpg','imagen','jpg'),(1451,'','http://www.vikahotel.com/templates/images/apartamentos/00ac22a964f0af189c1838eab06f187d.jpg','imagen','jpg'),(1452,'','http://www.vikahotel.com/templates/images/apartamentos/f5bf54bf963fc83a12bd2b0d2b418e5b.jpg','imagen','jpg'),(1453,'','http://www.vikahotel.com/templates/images/apartamentos/616cced502e76acc97c5428d80613507.jpg','imagen','jpg'),(1454,'','http://www.vikahotel.com/templates/images/apartamentos/938c4085e8d9b81220a6d9de11a3b736.jpg','imagen','jpg'),(1455,'','http://www.vikahotel.com/templates/images/apartamentos/4747b099e230ddd7d8bc96ae11656638.jpg','imagen','jpg'),(1456,'','http://www.vikahotel.com/templates/images/apartamentos/262a47322f821ba163a804a4a1911f92.jpg','imagen','jpg'),(1457,'','http://www.vikahotel.com/templates/images/apartamentos/a6f113df4c9fdbe2a4c4832c09cd1e6e.jpg','imagen','jpg'),(1458,'','http://www.vikahotel.com/templates/images/apartamentos/68837d5a5ef2d95c80a3234b8ad12859.jpg','imagen','jpg'),(1459,'','http://www.vikahotel.com/templates/images/apartamentos/6644cd70e1c2e68cfd8e310fcb196686.jpg','imagen','jpg'),(1460,'','http://www.vikahotel.com/templates/images/apartamentos/ae8c66f638870a1ef401b90939d1da3a.jpg','imagen','jpg'),(1461,'','http://www.vikahotel.com/templates/images/apartamentos/ca9d6db32d48931d7222c91ae652977e.jpg','imagen','jpg'),(1462,'','http://www.vikahotel.com/templates/images/apartamentos/5ea5871c97e7e7ccc058cc2758616d3b.jpg','imagen','jpg'),(1463,'','http://www.vikahotel.com/templates/images/apartamentos/8d0fded620d1610a8c4d1f34b9349da1.jpg','imagen','jpg'),(1464,'','http://www.vikahotel.com/templates/images/apartamentos/a7c46de6be6d2aa7c4dfe09dcdc5b78b.jpg','imagen','jpg'),(1465,'','http://www.vikahotel.com/templates/images/apartamentos/fbe2d0c065383bd38618c5d58dc9e345.jpg','imagen','jpg'),(1466,'','http://www.vikahotel.com/templates/images/apartamentos/6d273d5a925cb8e35bf76a593b243de7.jpg','imagen','jpg'),(1467,'','http://www.vikahotel.com/templates/images/apartamentos/33f5fbf028d36e86edbfd3b67f3c3523.jpg','imagen','jpg'),(1468,'','http://www.vikahotel.com/templates/images/apartamentos/ee7ed1f3d62ef4454863913fcb75d63f.jpg','imagen','jpg'),(1469,'','http://www.vikahotel.com/templates/images/apartamentos/cd476db93865d0f88a595baedbfda5d3.jpg','imagen','jpg'),(1470,'','http://www.vikahotel.com/templates/images/apartamentos/55892d3028b87be2f444dd8b80f07d46.jpg','imagen','jpg'),(1471,'','http://www.vikahotel.com/templates/images/apartamentos/14df1f2eac714f453438a1068f13364f.jpg','imagen','jpg'),(1472,'','http://www.vikahotel.com/templates/images/apartamentos/7a09eabd7150c569be9c273a3c6674c0.jpg','imagen','jpg'),(1473,'','http://www.vikahotel.com/templates/images/apartamentos/053a7b831eff0e0799cf206754f57a6e.jpg','imagen','jpg'),(1474,'','http://www.vikahotel.com/templates/images/apartamentos/fe3295a2479ed69e06b1f49c75e2c20e.jpg','imagen','jpg'),(1475,'','http://www.vikahotel.com/templates/images/apartamentos/e465d64cc98074bdd59462bad4bf5062.jpg','imagen','jpg'),(1476,'','http://www.vikahotel.com/templates/images/apartamentos/6dfef90be9c706c69aad7a1761dd4037.jpg','imagen','jpg'),(1477,'','http://www.vikahotel.com/templates/images/apartamentos/f40c62d5b91e6246e536245e3de241db.jpg','imagen','jpg'),(1478,'','http://www.vikahotel.com/templates/images/apartamentos/66910b776322f4a1b2372f823437e7bf.jpg','imagen','jpg'),(1479,'','http://www.vikahotel.com/templates/images/apartamentos/03e4672bc43cb653b7236951728cd736.jpg','imagen','jpg'),(1480,'','http://www.vikahotel.com/templates/images/apartamentos/ae4b008c998721365ad73e55b9dd4809.jpg','imagen','jpg'),(1481,'','http://www.vikahotel.com/templates/images/apartamentos/9b0794dbec2a8ce5d05c8c8834c46e89.jpg','imagen','jpg'),(1482,'','http://www.vikahotel.com/templates/images/apartamentos/a5c9f2ff16af6fdedd551623c739fac2.jpg','imagen','jpg'),(1483,'','http://www.vikahotel.com/templates/images/apartamentos/6c62f9dea0050b5420f607af30e99c12.jpg','imagen','jpg'),(1484,'','http://www.vikahotel.com/templates/images/apartamentos/db697ad8a8ab9b63a53d562476af88b6.jpg','imagen','jpg'),(1485,'937002a385657814c9e1b0ab0a405bee.png','http://www.vikahotel.com/templates/images/hotel/937002a385657814c9e1b0ab0a405bee.png','logo','.png'),(1510,'cb05c6fa96e2de5b1898574807a8b96c.png','http://www.vikahotel.com/templates/images/hotel/cb05c6fa96e2de5b1898574807a8b96c.png','logo','.png'),(1511,'9bf5a049d1416457be30292f0d81587a.png','http://www.vikahotel.com/templates/images/hotel/9bf5a049d1416457be30292f0d81587a.png','logo','.png'),(1512,'','http://www.vikahotel.com/templates/images/apartamentos/385e4e6629e741c1a44c705ed173b07f.jpg','imagen','jpg'),(1513,'','http://www.vikahotel.com/templates/images/apartamentos/5025c130381521748567ae541786dc43.jpg','imagen','jpg'),(1514,'','http://www.vikahotel.com/templates/images/apartamentos/70cf8805a0a51e8eb88f480a877f98b0.jpg','imagen','jpg'),(1515,'','http://www.vikahotel.com/templates/images/apartamentos/3a43b7cf9ddb11456fe6c464bb8f7d78.jpg','imagen','jpg'),(1516,'','http://www.vikahotel.com/templates/images/apartamentos/e829edba56bddd0c009cb13fc8a3bb49.jpg','imagen','jpg'),(1517,'','http://www.vikahotel.com/templates/images/apartamentos/54fddcace14e84c27ea5c2db67463fcb.jpg','imagen','jpg'),(1518,'','http://www.vikahotel.com/templates/images/apartamentos/688ad18d0860a91194ca58064254e746.jpg','imagen','jpg'),(1519,'','http://www.vikahotel.com/templates/images/apartamentos/0e71d02c44e89a03c17983e0adf04d4a.jpg','imagen','jpg'),(1520,'','http://www.vikahotel.com/templates/images/apartamentos/6c578be8aeff471aa4aa6aadef4a70cb.jpg','imagen','jpg'),(1521,'','http://www.vikahotel.com/templates/images/apartamentos/149995abf3458a7e64147e41f60cacbc.jpg','imagen','jpg'),(1522,'','http://www.vikahotel.com/templates/images/apartamentos/f35486af5db85ee949870f75b1908e31.jpg','imagen','jpg'),(1523,'','http://www.vikahotel.com/templates/images/apartamentos/4727a371d913e1a8417aa94a0cca9c10.jpg','imagen','jpg'),(1524,'','http://www.vikahotel.com/templates/images/apartamentos/dabae1cd9a06b81ed122c688ff8c4ffb.jpg','imagen','jpg'),(1525,'','http://www.vikahotel.com/templates/images/apartamentos/07c7e38e4865cd4ff0c2b457127fcc33.jpg','imagen','jpg'),(1526,'','http://www.vikahotel.com/templates/images/apartamentos/5acfcd844d7c259919ee8a65761edbe4.jpg','imagen','jpg'),(1527,'','http://www.vikahotel.com/templates/images/apartamentos/2c52ab4e571ea928330ae728d16118eb.jpg','imagen','jpg'),(1528,'','http://www.vikahotel.com/templates/images/apartamentos/df38aed5cf592b02dff28f79bd0ad8e3.jpg','imagen','jpg'),(1529,'','http://www.vikahotel.com/templates/images/apartamentos/82434744a56e9de81369075da1752e8a.jpg','imagen','jpg'),(1530,'','http://www.vikahotel.com/templates/images/apartamentos/7a6913a20600c676e43a3663ab6bcb13.jpg','imagen','jpg'),(1531,'','http://www.vikahotel.com/templates/images/apartamentos/96b92d49008cfd4c35a5aee96c0481c1.jpg','imagen','jpg'),(1532,'','http://www.vikahotel.com/templates/images/apartamentos/1005a88a02da12e5efbbcd1ca5a6b7d5.jpg','imagen','jpg'),(1533,'','http://www.vikahotel.com/templates/images/apartamentos/bc483b7330b0fb2ebbe59a986bd503c8.jpg','imagen','jpg'),(1534,'','http://www.vikahotel.com/templates/images/apartamentos/150e6ec0739ef467df67f787abbc589f.jpg','imagen','jpg'),(1535,'','http://www.vikahotel.com/templates/images/apartamentos/1a1250539ab9a9bca6920d0d7568df31.jpg','imagen','jpg'),(1536,'','http://www.vikahotel.com/templates/images/apartamentos/f0bd5a723158d67640c0f22498c2d553.jpg','imagen','jpg'),(1537,'','http://www.vikahotel.com/templates/images/apartamentos/e536173d88c94fd8dc4b11f6d0611284.jpg','imagen','jpg'),(1538,'','http://www.vikahotel.com/templates/images/apartamentos/3183729c330e5a765e3dcbc894b5a350.jpg','imagen','jpg'),(1539,'','http://www.vikahotel.com/templates/images/apartamentos/cbe021ab7be1f719771d32660791be9b.jpg','imagen','jpg'),(1540,'','http://www.vikahotel.com/templates/images/apartamentos/68b99af3ee86e0e2d7126ad1ca09403b.jpg','imagen','jpg'),(1541,'','http://www.vikahotel.com/templates/images/apartamentos/eb9f1a0424e755cf4a8f1600c4bbd3a5.jpg','imagen','jpg'),(1542,'','http://www.vikahotel.com/templates/images/apartamentos/c3677c8cf844c9089aa6da8b4d0f4e3e.jpg','imagen','jpg'),(1543,'','http://www.vikahotel.com/templates/images/apartamentos/765df6747d5a693ff41ea093b9162e3c.jpg','imagen','jpg'),(1544,'','http://www.vikahotel.com/templates/images/apartamentos/13a8963f453d89c21097b39cfb6190e9.jpg','imagen','jpg'),(1545,'','http://www.vikahotel.com/templates/images/apartamentos/0ec365fadc2bdb5d94b80b8f65e8dae3.jpg','imagen','jpg'),(1546,'','http://www.vikahotel.com/templates/images/apartamentos/a5b15d9f58b89071c649e640be899a76.jpg','imagen','jpg'),(1547,'','http://www.vikahotel.com/templates/images/apartamentos/894ab04c6427780924685e4c90d8de76.jpg','imagen','jpg'),(1548,'','http://www.vikahotel.com/templates/images/apartamentos/899322f4c6c0b78d4ab71beba41eee5c.jpg','imagen','jpg'),(1549,'','http://www.vikahotel.com/templates/images/apartamentos/8a9f65b15f62d9b30690dc2b278cc340.jpg','imagen','jpg'),(1550,'','http://www.vikahotel.com/templates/images/apartamentos/8cb5612955328f8edba9ebea42f19c57.jpg','imagen','jpg'),(1551,'','http://www.vikahotel.com/templates/images/apartamentos/5dc8231900be64e66e921895e6a1939a.jpg','imagen','jpg'),(1552,'','http://www.vikahotel.com/templates/images/apartamentos/cbc212bea83da24bef366e15f6076739.jpg','imagen','jpg'),(1553,'','http://www.vikahotel.com/templates/images/apartamentos/e7e9231711cfd4b06114b1e42356e020.jpg','imagen','jpg'),(1554,'','http://www.vikahotel.com/templates/images/apartamentos/9bbc546209e68f577ee25c1bf1abe4ad.jpg','imagen','jpg'),(1555,'','http://www.vikahotel.com/templates/images/apartamentos/5d098db042ea5a55615f523ec97a6bd8.jpg','imagen','jpg'),(1556,'','http://www.vikahotel.com/templates/images/apartamentos/084153c7f522fb1311bc3c4dfe6b0224.jpg','imagen','jpg'),(1557,'','http://www.vikahotel.com/templates/images/apartamentos/9c30751ec9b824708d2dbd6179313783.jpg','imagen','jpg'),(1558,'','http://www.vikahotel.com/templates/images/apartamentos/a53ceb31c23d8dbc4bc3473755dc7aff.jpg','imagen','jpg'),(1559,'','http://www.vikahotel.com/templates/images/apartamentos/72a503ebad807ed6d186e8c0c9c0909b.jpg','imagen','jpg'),(1560,'','http://www.vikahotel.com/templates/images/apartamentos/42bf47159af95d6aef4cd41853060e50.jpg','imagen','jpg'),(1561,'','http://www.vikahotel.com/templates/images/apartamentos/01cdd87d341abff88807914f3c001e0b.jpg','imagen','jpg'),(1562,'','http://www.vikahotel.com/templates/images/apartamentos/526547ce1643603efbe2499857eafab0.jpg','imagen','jpg'),(1563,'','http://www.vikahotel.com/templates/images/apartamentos/d8f9433c07fea65ecbe826551f21e98b.jpg','imagen','jpg'),(1564,'','http://www.vikahotel.com/templates/images/apartamentos/3ff13620cfbf243205be068dddbddeaf.jpg','imagen','jpg'),(1565,'','http://www.vikahotel.com/templates/images/apartamentos/54fb7a2c6f054f584560650a4a32ccb4.jpg','imagen','jpg'),(1566,'','http://www.vikahotel.com/templates/images/apartamentos/80d95c3e020d7cbeb71611687675ced6.jpg','imagen','jpg'),(1567,'','http://www.vikahotel.com/templates/images/apartamentos/de07c1fa32a2a1b494f30b88a89882d8.jpg','imagen','jpg'),(1568,'','http://www.vikahotel.com/templates/images/apartamentos/f8757fde2ddaa283a4745fe9a3740ae3.jpg','imagen','jpg'),(1569,'','http://www.vikahotel.com/templates/images/apartamentos/6bd931e650591ec3a3f67e1a1563c9b1.jpg','imagen','jpg'),(1570,'','http://www.vikahotel.com/templates/images/apartamentos/35822062262fe95f136c369fafab1e38.jpg','imagen','jpg'),(1571,'','http://www.vikahotel.com/templates/images/apartamentos/9cccec4f33581ddac72810bc9e06a48c.jpg','imagen','jpg'),(1572,'','http://www.vikahotel.com/templates/images/apartamentos/b8893fa02d1e27f00af7611675b92602.jpg','imagen','jpg'),(1573,'','http://www.vikahotel.com/templates/images/apartamentos/f6ddfee47d15dab73fa8316668eed341.jpg','imagen','jpg'),(1574,'','http://www.vikahotel.com/templates/images/apartamentos/ab4be60deb9f98f76984b4485678009a.jpg','imagen','jpg'),(1575,'','http://www.vikahotel.com/templates/images/apartamentos/07e6d29d8faf357a528224ab516f34bd.jpg','imagen','jpg'),(1576,'','http://www.vikahotel.com/templates/images/apartamentos/e1eee3725fe960cf8d2601feface2fd1.jpg','imagen','jpg'),(1577,'','http://www.vikahotel.com/templates/images/apartamentos/b02be2a8070bb1f59d7c35440f9b12c8.jpg','imagen','jpg'),(1578,'','http://www.vikahotel.com/templates/images/apartamentos/47c49dc4a6f4766dd242eceb9c90a7f6.jpg','imagen','jpg'),(1579,'','http://www.vikahotel.com/templates/images/apartamentos/4a52983ae72350a6ef4c04956e523257.jpg','imagen','jpg'),(1580,'','http://www.vikahotel.com/templates/images/apartamentos/bbf07dbe004e658fc9cbf5fd4124caaf.jpg','imagen','jpg'),(1581,'','http://www.vikahotel.com/templates/images/apartamentos/b3bb24acc3222d6c97d92368a5984b05.jpg','imagen','jpg'),(1582,'','http://www.vikahotel.com/templates/images/apartamentos/2607b570f2869e8fbae9cc83139e4221.jpg','imagen','jpg'),(1583,'','http://www.vikahotel.com/templates/images/apartamentos/0d0814ee60cd53de382dc56becb68664.jpg','imagen','jpg'),(1584,'','http://www.vikahotel.com/templates/images/apartamentos/1e7e8c062dde72b1d8c52d8b1c3fbe26.jpg','imagen','jpg'),(1585,'','http://www.vikahotel.com/templates/images/apartamentos/655e5fe21a29e21a51929d5a1689a312.jpg','imagen','jpg'),(1586,'','http://www.vikahotel.com/templates/images/apartamentos/921e4a39997c7e3f4d7fd8847ccc56b1.jpg','imagen','jpg'),(1587,'','http://www.vikahotel.com/templates/images/apartamentos/b9e5380a72339cab772e391e84ccdd78.jpg','imagen','jpg'),(1588,'','http://www.vikahotel.com/templates/images/apartamentos/815c022724ec5fd049ab84402a7e9eea.jpg','imagen','jpg'),(1590,'','http://www.vikahotel.com/templates/images/apartamentos/7b25122b20ad953b509b5a1a9b1aa318.jpg','imagen','jpg'),(1591,'','http://www.vikahotel.com/templates/images/apartamentos/60ba126fea8f5167976f11b453e450fe.jpg','imagen','jpg'),(1592,'','http://www.vikahotel.com/templates/images/apartamentos/6e5c934ea6602093c1182b0e387e7818.jpg','imagen','jpg'),(1593,'','http://www.vikahotel.com/templates/images/apartamentos/ca85b7bb77869b4ea16381d39924361b.jpg','imagen','jpg'),(1594,'','http://www.vikahotel.com/templates/images/apartamentos/ac62238eb105d9aa02c08728910bf51b.jpg','imagen','jpg'),(1595,'','http://www.vikahotel.com/templates/images/apartamentos/fd38f2a0646d397af5a9e345185a8f96.jpg','imagen','jpg'),(1596,'','http://www.vikahotel.com/templates/images/apartamentos/4f939e41ec9ec27bfae0baba13de90cd.jpg','imagen','jpg'),(1597,'','http://www.vikahotel.com/templates/images/apartamentos/83ee0b27985b7cb6ec8769051787a739.jpg','imagen','jpg'),(1598,'','http://www.vikahotel.com/templates/images/apartamentos/9044003586bdd14940832c922229502c.jpg','imagen','jpg'),(1599,'','http://www.vikahotel.com/templates/images/apartamentos/041fa5250fa4b882dd9e8ea3afd9b659.jpg','imagen','jpg'),(1600,'','http://www.vikahotel.com/templates/images/apartamentos/2b68716e59e53fc953411fdbb0bec716.jpg','imagen','jpg'),(1601,'','http://www.vikahotel.com/templates/images/apartamentos/072c4b7377dc74ee66fb12ec5043c4bb.jpg','imagen','jpg'),(1602,'','http://www.vikahotel.com/templates/images/apartamentos/bc4153f63f9edbf64576ae23ae3dd259.jpg','imagen','jpg'),(1603,'','http://www.vikahotel.com/templates/images/apartamentos/b23c8f1209b209f90ec80dc5dc2df161.jpg','imagen','jpg'),(1604,'','http://www.vikahotel.com/templates/images/apartamentos/286da442684e8d863d6d38de72227fcb.jpg','imagen','jpg'),(1605,'','http://www.vikahotel.com/templates/images/apartamentos/c17808fd7e49189ad83ca964e2dc1826.jpg','imagen','jpg'),(1606,'','http://www.vikahotel.com/templates/images/apartamentos/7d72dac43671f60ef2037cb06343f232.jpg','imagen','jpg'),(1607,'','http://www.vikahotel.com/templates/images/apartamentos/c23289c1a31a0ce07e1ad48bc19e14d9.jpg','imagen','jpg'),(1608,'','http://www.vikahotel.com/templates/images/apartamentos/57bd9f32e1ba21d097a28a3bd1583a7f.jpg','imagen','jpg'),(1609,'','http://www.vikahotel.com/templates/images/apartamentos/985a720cf7600380d2cd496678c2093d.jpg','imagen','jpg'),(1610,'','http://www.vikahotel.com/templates/images/apartamentos/ae072cb813a88c6e19962282375ffc99.jpg','imagen','jpg'),(1611,'','http://www.vikahotel.com/templates/images/apartamentos/9b7b50a1acbf1c16a5d2b61a1fa236ec.jpg','imagen','jpg'),(1612,'','http://www.vikahotel.com/templates/images/apartamentos/2a1c7cebbf9d92b7dab2da43c569c603.jpg','imagen','jpg'),(1613,'','http://www.vikahotel.com/templates/images/apartamentos/e1195806406e7b3811d9c1f2359cc2ad.jpg','imagen','jpg'),(1614,'','http://www.vikahotel.com/templates/images/apartamentos/4debbce3c2d8422e8dc1c21f197065f8.jpg','imagen','jpg'),(1615,'','http://www.vikahotel.com/templates/images/apartamentos/94ee259bdae2dfffef03c879e22fa1bd.jpg','imagen','jpg'),(1616,'','http://www.vikahotel.com/templates/images/apartamentos/5fd34fea3bf12708c7397092b9434086.jpg','imagen','jpg'),(1617,'','http://www.vikahotel.com/templates/images/apartamentos/ee714bc91b519296feded047ca269bac.jpg','imagen','jpg'),(1618,'','http://www.vikahotel.com/templates/images/apartamentos/9ca3860d3190b0839bdcb0b4117d90b9.jpg','imagen','jpg'),(1619,'','http://www.vikahotel.com/templates/images/apartamentos/0799e87259393743bebba93a648f1901.jpg','imagen','jpg'),(1620,'','http://www.vikahotel.com/templates/images/apartamentos/5bec1c31bb3dc07fdf52fc7a41335604.jpg','imagen','jpg'),(1621,'','http://www.vikahotel.com/templates/images/apartamentos/2ec2043054cd2286763b3051e39e5879.jpg','imagen','jpg'),(1622,'','http://www.vikahotel.com/templates/images/apartamentos/204406422d5d929f63b3b08ccf8ab2d0.jpg','imagen','jpg'),(1623,'','http://www.vikahotel.com/templates/images/apartamentos/6af8dd13486ef46f73df3108b90c4a17.jpg','imagen','jpg'),(1624,'','http://www.vikahotel.com/templates/images/apartamentos/ae9040c3f3a2d9f1a72c1717bc6d3990.jpg','imagen','jpg'),(1625,'','http://www.vikahotel.com/templates/images/apartamentos/0535544b73375abcc5186a82a70d27e7.jpg','imagen','jpg'),(1626,'','http://www.vikahotel.com/templates/images/apartamentos/3877818fb6ea28f3d0fef83ab86b7de0.jpg','imagen','jpg'),(1627,'','http://www.vikahotel.com/templates/images/apartamentos/302abba13154dd82046e8a077b51b114.jpg','imagen','jpg'),(1628,'','http://www.vikahotel.com/templates/images/apartamentos/c4d69d46078e7d8fc01f1e83eb6dbc47.jpg','imagen','jpg'),(1629,'','http://www.vikahotel.com/templates/images/apartamentos/c299e7b26a6ea4e20490999e38fa2449.jpg','imagen','jpg'),(1630,'','http://www.vikahotel.com/templates/images/apartamentos/cf7a0611b0852d0bbeceaf62056638bb.jpg','imagen','jpg'),(1631,'','http://www.vikahotel.com/templates/images/apartamentos/7bb2f9fdbc2cd567444e3cf5f504b60d.jpg','imagen','jpg'),(1632,'','http://www.vikahotel.com/templates/images/apartamentos/40a509e3d19e7ef6ec3c6c26df877d84.jpg','imagen','jpg'),(1747,'','http://www.vikahotel.com/templates/images/apartamentos/e76b2167ca85592bd88d0e851e13115a.jpg','imagen','jpg'),(1748,'','http://www.vikahotel.com/templates/images/apartamentos/829e5f14ea75d722643a90c373b3d442.jpg','imagen','jpg'),(1749,'','http://www.vikahotel.com/templates/images/apartamentos/2056f0c6fe77a0e87c43b68ed805786d.jpg','imagen','jpg'),(1750,'','http://www.vikahotel.com/templates/images/apartamentos/934c500d9d103dadeb111fee716d7569.jpg','imagen','jpg'),(1751,'','http://www.vikahotel.com/templates/images/apartamentos/c4ae5a22bfe345d617e04ae278e5d0bf.jpg','imagen','jpg'),(1752,'','http://www.vikahotel.com/templates/images/apartamentos/15dd8d0cea2ea04142667973daa1e8ce.jpg','imagen','jpg'),(1753,'','http://www.vikahotel.com/templates/images/apartamentos/f295fa7e158c546369af67ca48e923b1.jpg','imagen','jpg'),(1754,'','http://www.vikahotel.com/templates/images/apartamentos/828243e8e84fcc4e40a14463a3fd6d14.jpg','imagen','jpg'),(1755,'','http://www.vikahotel.com/templates/images/apartamentos/ea0d845bcac8c2b8c049d99430c323f5.jpg','imagen','jpg'),(1756,'','http://www.vikahotel.com/templates/images/apartamentos/ef0f2b6fd3e2265fb5826a665185d665.jpg','imagen','jpg'),(1757,'','http://www.vikahotel.com/templates/images/apartamentos/1157fb17727a8b380d413df2e049fabb.jpg','imagen','jpg'),(1758,'','http://www.vikahotel.com/templates/images/apartamentos/5f3549bc3aa6524426415769ca32f334.jpg','imagen','jpg'),(1759,'','http://www.vikahotel.com/templates/images/apartamentos/3568386ffe4cee9d1f9f2eef4b4d1dd2.jpg','imagen','jpg'),(1760,'','http://www.vikahotel.com/templates/images/apartamentos/51beecd4933eb3070cb93fb7aa4c819c.jpg','imagen','jpg'),(1761,'','http://www.vikahotel.com/templates/images/apartamentos/7cb306b9c16d20c2d61690fe79568e25.jpg','imagen','jpg'),(1762,'','http://www.vikahotel.com/templates/images/apartamentos/e9c45f6ae886625faf238be16701858d.jpg','imagen','jpg'),(1763,'','http://www.vikahotel.com/templates/images/apartamentos/b59102ba3880b17420c3f7a1eb2bde4e.jpg','imagen','jpg'),(1764,'','http://www.vikahotel.com/templates/images/apartamentos/fc8a25d97a49b86966fd2a322949f3d0.jpg','imagen','jpg'),(1765,'','http://www.vikahotel.com/templates/images/apartamentos/a74c3843133458014b897268f614df6d.jpg','imagen','jpg'),(1766,'','http://www.vikahotel.com/templates/images/apartamentos/9abaa69afbe70e9bcda880c9b766307b.jpg','imagen','jpg'),(1767,'','http://www.vikahotel.com/templates/images/apartamentos/a4d1faaab99b075557d4e2516427baf8.jpg','imagen','jpg'),(1768,'','http://www.vikahotel.com/templates/images/apartamentos/ff89573c6e2a8b82e2289402f9c3a151.jpg','imagen','jpg'),(1769,'','http://www.vikahotel.com/templates/images/apartamentos/ee68652d7b2463e6d514e5208d276f97.jpg','imagen','jpg'),(1770,'','http://www.vikahotel.com/templates/images/apartamentos/90856d0f50fdb83d0590f11d38475191.jpg','imagen','jpg'),(1771,'','http://www.vikahotel.com/templates/images/apartamentos/205884d753f63487d3db52ccf55ccfc7.jpg','imagen','jpg'),(1772,'','http://www.vikahotel.com/templates/images/apartamentos/b3160ac8cafd99463f5b4d0df45fca71.jpg','imagen','jpg'),(1774,'','http://www.vikahotel.com/templates/images/apartamentos/6b2aabf76ee0caad8c840611d19d6a69.jpg','imagen','jpg'),(1775,'','http://www.vikahotel.com/templates/images/apartamentos/c76e832eb52d657f0b80fc3c075c7c97.jpg','imagen','jpg'),(1776,'','http://www.vikahotel.com/templates/images/apartamentos/ab7d07619e10c83bef512ac9af7a9d32.jpg','imagen','jpg'),(1777,'','http://www.vikahotel.com/templates/images/apartamentos/b78bb2519f2fc3cbbf1e8adf64fa9296.jpg','imagen','jpg'),(1778,'','http://www.vikahotel.com/templates/images/apartamentos/7696b881728800a02b6d76c49961b2b2.jpg','imagen','jpg'),(1779,'','http://www.vikahotel.com/templates/images/apartamentos/33b48474dc07f19203d592374917116d.jpg','imagen','jpg'),(1780,'','http://www.vikahotel.com/templates/images/apartamentos/6b54ad9e46075378f32a2149028cc8e1.jpg','imagen','jpg'),(1781,'','http://www.vikahotel.com/templates/images/apartamentos/4a9432b73e15561e0b1a671dfed0348c.jpg','imagen','jpg'),(1782,'','http://www.vikahotel.com/templates/images/apartamentos/21d011b8c635d0093c6be8cf9340c896.jpg','imagen','jpg'),(1783,'','http://www.vikahotel.com/templates/images/apartamentos/dffdf21ff4dd642bd4d6b8c1c7596905.jpg','imagen','jpg'),(1784,'','http://www.vikahotel.com/templates/images/apartamentos/0b2ed1d86c53eda3e199842ac4e9898c.jpg','imagen','jpg'),(1785,'','http://www.vikahotel.com/templates/images/apartamentos/546519125adfcf3cc484f414a794a159.jpg','imagen','jpg'),(1786,'','http://www.vikahotel.com/templates/images/apartamentos/aac9aded80f8f592752475d7f7567bf3.jpg','imagen','jpg'),(1787,'','http://www.vikahotel.com/templates/images/apartamentos/56604268d1979ceae34fb376c3ca22c8.jpg','imagen','jpg'),(1788,'','http://www.vikahotel.com/templates/images/apartamentos/6090f39b0afd7ef7959bacbf2eb06a66.jpg','imagen','jpg'),(1789,'','http://www.vikahotel.com/templates/images/apartamentos/0e21bdd0eb1e4b54eb2d192f430fbc81.jpg','imagen','jpg'),(1790,'','http://www.vikahotel.com/templates/images/apartamentos/c323247a40acf9d631296da7e0e11006.jpg','imagen','jpg'),(1791,'','http://www.vikahotel.com/templates/images/apartamentos/55e82db4a31a7b46b5b716488226ea51.jpg','imagen','jpg'),(1792,'','http://www.vikahotel.com/templates/images/apartamentos/115cc66ece497064a58f136dde204708.jpg','imagen','jpg'),(1793,'','http://www.vikahotel.com/templates/images/apartamentos/72dbd4838d2d40db70f2a8fd3d1c5290.jpg','imagen','jpg'),(1794,'','http://www.vikahotel.com/templates/images/apartamentos/617bc8caf6ab0bf4e2a427d0bf83a032.jpg','imagen','jpg'),(1795,'','http://www.vikahotel.com/templates/images/apartamentos/3aedc4b416bc6a88bf1c424c21c6110a.jpg','imagen','jpg'),(1796,'','http://www.vikahotel.com/templates/images/apartamentos/fd0f2a0297afb962b85d4d29932904de.jpg','imagen','jpg'),(1797,'','http://www.vikahotel.com/templates/images/apartamentos/5271e22bd848b1b56a5f8894ccade327.jpg','imagen','jpg'),(1798,'','http://www.vikahotel.com/templates/images/apartamentos/33f335a6bc46cb077ed63d69d0f4be9e.jpg','imagen','jpg'),(1799,'','http://www.vikahotel.com/templates/images/apartamentos/52b9de80702057a68944b65e1ce04429.jpg','imagen','jpg'),(1800,'','http://www.vikahotel.com/templates/images/apartamentos/391d4a36d223f3b39f74d34152a72611.jpg','imagen','jpg'),(1801,'','http://www.vikahotel.com/templates/images/apartamentos/14626586ac7f09e9103784c00a4a2914.jpg','imagen','jpg'),(1802,'','http://www.vikahotel.com/templates/images/apartamentos/699fab81f20fd57035c7e8f9b534cf55.jpg','imagen','jpg'),(1803,'','http://www.vikahotel.com/templates/images/apartamentos/7452e1ce41507f22b178b356de39c037.jpg','imagen','jpg'),(1804,'','http://www.vikahotel.com/templates/images/apartamentos/7d33d872959581e747b4dded9ddd2332.jpg','imagen','jpg'),(1805,'','http://www.vikahotel.com/templates/images/apartamentos/f6dd950f5d5105b43254ff8b9aa69e15.jpg','imagen','jpg'),(1806,'','http://www.vikahotel.com/templates/images/apartamentos/a7b04aa1c4f54b1476018223771a667c.jpg','imagen','jpg'),(1807,'','http://www.vikahotel.com/templates/images/apartamentos/ae975263f4f14ee595f98da590377c09.jpg','imagen','jpg'),(1808,'','http://www.vikahotel.com/templates/images/apartamentos/18d7319a2c99e8a66da7679e4f577083.jpg','imagen','jpg'),(1809,'','http://www.vikahotel.com/templates/images/apartamentos/0a9d07fc806e71eae7aa857a4b75dafa.jpg','imagen','jpg'),(1810,'','http://www.vikahotel.com/templates/images/apartamentos/bf0153a0f25e0276aa475333f6a6b5c1.jpg','imagen','jpg'),(1811,'','http://www.vikahotel.com/templates/images/apartamentos/a29be2bc81153d10bed02040d56d9af0.jpg','imagen','jpg'),(1812,'','http://www.vikahotel.com/templates/images/apartamentos/85010312d835dd67c36434085f229bdc.jpg','imagen','jpg'),(1813,'','http://www.vikahotel.com/templates/images/apartamentos/0368a872d224ddc4e81659950a45db25.jpg','imagen','jpg'),(1814,'','http://www.vikahotel.com/templates/images/apartamentos/34b369046ba3347fa8cb0a22baac8135.jpg','imagen','jpg'),(1815,'','http://www.vikahotel.com/templates/images/apartamentos/dfce0d3243b179d4e88fe693b9ae38e8.jpg','imagen','jpg'),(1861,'','http://www.vikahotel.com/templates/images/apartamentos/bc258c27e9b92745b97dcef3b87b67f2.jpg','imagen','jpg'),(1862,'','http://www.vikahotel.com/templates/images/apartamentos/aec292cceffb64f2e966832ec0c7e46f.jpg','imagen','jpg'),(1863,'','http://www.vikahotel.com/templates/images/apartamentos/8735d0dafd94fef0d78d010b0e86f6b1.jpg','imagen','jpg'),(1864,'','http://www.vikahotel.com/templates/images/apartamentos/15c47bd1d8f633102ea23318fb15eb9a.jpg','imagen','jpg'),(1865,'','http://www.vikahotel.com/templates/images/apartamentos/d7d06dc829dd02ec639272a4aa6b307c.jpg','imagen','jpg'),(1866,'','http://www.vikahotel.com/templates/images/apartamentos/adb5703a842c2298b18b770fc5745a16.jpg','imagen','jpg'),(1867,'','http://www.vikahotel.com/templates/images/apartamentos/f774b0fc3b8da6498d6bea3efb687430.jpg','imagen','jpg'),(1868,'','http://www.vikahotel.com/templates/images/apartamentos/d0fe9e052847adbe42224ac8e1062893.jpg','imagen','jpg'),(1869,'','http://www.vikahotel.com/templates/images/apartamentos/1d8f90b57b845fbf406540e0c99a2645.jpg','imagen','jpg'),(1870,'','http://www.vikahotel.com/templates/images/apartamentos/5d4c69affb467aaa27a8b40f272846e2.jpg','imagen','jpg'),(1871,'','http://www.vikahotel.com/templates/images/apartamentos/70f549a78108c11eb6efcd93857369dc.jpg','imagen','jpg'),(1872,'','http://www.vikahotel.com/templates/images/apartamentos/5492e17eba8e42b6456b0ddb583cb32a.jpg','imagen','jpg'),(1873,'','http://www.vikahotel.com/templates/images/apartamentos/8fd0b210a49c7a62a26cc04d6de94788.jpg','imagen','jpg'),(1874,'','http://www.vikahotel.com/templates/images/apartamentos/60a11f5cf0796aefad43b5ec431cbd37.jpg','imagen','jpg'),(1875,'','http://www.vikahotel.com/templates/images/apartamentos/1a280e7326d3e160a04d1377c2d4e296.jpg','imagen','jpg'),(1876,'','http://www.vikahotel.com/templates/images/apartamentos/32b575c3046cfeb36f84a270bf4afd31.jpg','imagen','jpg'),(1877,'','http://www.vikahotel.com/templates/images/apartamentos/313007c2de0b0e2dd826606e33254e2d.jpg','imagen','jpg'),(1878,'','http://www.vikahotel.com/templates/images/apartamentos/370920fed8e6f8412190f612cd07506c.jpg','imagen','jpg'),(1879,'','http://www.vikahotel.com/templates/images/apartamentos/510e602de8e4f4020ba15174b22bdfed.jpg','imagen','jpg'),(1880,'','http://www.vikahotel.com/templates/images/apartamentos/18a03847ab87fcd91eb98e0ac0ba827f.jpg','imagen','jpg'),(1881,'','http://www.vikahotel.com/templates/images/apartamentos/b9f352cf1e29d11332ee05c3e679c10d.jpg','imagen','jpg'),(1882,'','http://www.vikahotel.com/templates/images/apartamentos/8c62549f4c249d046710ca73f8b08ad3.jpg','imagen','jpg'),(1883,'','http://www.vikahotel.com/templates/images/apartamentos/0e6bd73b75ffd8fefa72c24853dfdc07.jpg','imagen','jpg'),(1884,'','http://www.vikahotel.com/templates/images/apartamentos/301c74f98adcafd6397b70e4b416eea6.jpg','imagen','jpg'),(1885,'','http://www.vikahotel.com/templates/images/apartamentos/02e7782b5c6a30c9e46c3f2127cc4b23.jpg','imagen','jpg'),(1886,'','http://www.vikahotel.com/templates/images/apartamentos/720de23d57498d84dd5df8852738059e.jpg','imagen','jpg'),(1887,'','http://www.vikahotel.com/templates/images/apartamentos/3208336d87cdc5b0e684d755cbd6f09c.jpg','imagen','jpg'),(1888,'','http://www.vikahotel.com/templates/images/apartamentos/207b111f9e95e8c9aebfdb8a7471bc4a.jpg','imagen','jpg'),(1889,'','http://www.vikahotel.com/templates/images/apartamentos/17db541e79c97f59140786cfe7b139b3.jpg','imagen','jpg'),(1890,'','http://www.vikahotel.com/templates/images/apartamentos/88da3e0a5af04bd97a56795c3377fa15.jpg','imagen','jpg'),(1891,'','http://www.vikahotel.com/templates/images/apartamentos/e6d8e4853c749eca213c520da060905e.jpg','imagen','jpg'),(1892,'','http://www.vikahotel.com/templates/images/apartamentos/835cc4d1eadd1e6b84ae9dafc6b468a0.jpg','imagen','jpg'),(1893,'','http://www.vikahotel.com/templates/images/apartamentos/9cb8a35e215ccc8d326ba31994ea0c4d.jpg','imagen','jpg'),(1894,'','http://www.vikahotel.com/templates/images/apartamentos/84d1cb73a112432d33d6ef62876b8ba2.jpg','imagen','jpg'),(1895,'','http://www.vikahotel.com/templates/images/apartamentos/150c05c6827a10e14ddc2f8f7199fcb3.jpg','imagen','jpg'),(1896,'','http://www.vikahotel.com/templates/images/apartamentos/4fa1e7e135a2ba2e5b627fe8ff6279b0.jpg','imagen','jpg'),(1897,'','http://www.vikahotel.com/templates/images/apartamentos/16da1a6d7866db20675b94c20c0e6887.jpg','imagen','jpg'),(1898,'','http://www.vikahotel.com/templates/images/apartamentos/8e00cad57dac223950d5c1f9c0e10b54.jpg','imagen','jpg'),(1899,'','http://www.vikahotel.com/templates/images/apartamentos/2575e8382e1ce9208f9340db46b9d993.jpg','imagen','jpg'),(1900,'','http://www.vikahotel.com/templates/images/apartamentos/3629c2740ebfb687e1afdbf457a20903.jpg','imagen','jpg'),(1901,'','http://www.vikahotel.com/templates/images/apartamentos/cb16a014d8b0de680620cda478e796d0.jpg','imagen','jpg'),(1902,'','http://www.vikahotel.com/templates/images/apartamentos/c175f0f056acfeb3339320db88f0b139.jpg','imagen','jpg'),(1903,'','http://www.vikahotel.com/templates/images/apartamentos/7d76c7f5366816c839728bcbc9ffa3f5.jpg','imagen','jpg'),(1904,'','http://www.vikahotel.com/templates/images/apartamentos/c8115bf3aa9112c9b362a07f3708ddc5.jpg','imagen','jpg'),(1905,'','http://www.vikahotel.com/templates/images/apartamentos/bb665c941b4d1f412054e9b8182e8b7c.jpg','imagen','jpg');
/*!40000 ALTER TABLE `archivo` ENABLE KEYS */;
UNLOCK TABLES;

--
-- Table structure for table `blacklist`
--

DROP TABLE IF EXISTS `blacklist`;
/*!40101 SET @saved_cs_client     = @@character_set_client */;
/*!40101 SET character_set_client = utf8 */;
CREATE TABLE `blacklist` (
  `id` int(11) NOT NULL AUTO_INCREMENT,
  `palabra` text,
  PRIMARY KEY (`id`)
) ENGINE=InnoDB AUTO_INCREMENT=35 DEFAULT CHARSET=utf8;
/*!40101 SET character_set_client = @saved_cs_client */;

--
-- Dumping data for table `blacklist`
--

LOCK TABLES `blacklist` WRITE;
/*!40000 ALTER TABLE `blacklist` DISABLE KEYS */;
INSERT INTO `blacklist` VALUES (1,'Cancelacin GRATUITA - PAGA DESPUS'),(4,''),(5,'FREE cancellation - PAY LATER'),(6,'KOSTENLOS stornieren - SPTER ZAHLEN'),(7,'Annulation GRATUITE - PAYEZ PLUS TARD'),(8,'Cancellazione GRATUITA - PAGA DOPO'),(9,'  -  '),(10,'Cancelamento GRATUITO - PAGUE DEPOIS'),(11,'Condiciones especiales - PAGA DESPUS'),(12,'Besondere Bestimmungen - SPTER ZAHLEN'),(13,'Conditions spciales - PAYEZ PLUS TARD'),(14,'Condizioni Speciali - PAGA DOPO'),(15,'  -  '),(16,'Condies especiais - PAGUE DEPOIS'),(17,'Condiciones especiales'),(18,'Special conditions'),(19,'besondere Bestimmungen'),(20,'Conditions spciales'),(21,'Condizioni Speciali'),(22,''),(23,' '),(24,'Condies especiais'),(26,'Cancelacin GRATUITA'),(27,'Cancelacin GRATUITA'),(28,'FREE cancellation'),(29,'KOSTENLOSE Stornierung'),(30,'Annulation GRATUITE'),(31,'Cancellazione GRATUITA'),(32,'  '),(33,'Cancelamento GRATUITO'),(34,'No reembolsable');
/*!40000 ALTER TABLE `blacklist` ENABLE KEYS */;
UNLOCK TABLES;

--
-- Table structure for table `condicion`
--

DROP TABLE IF EXISTS `condicion`;
/*!40101 SET @saved_cs_client     = @@character_set_client */;
/*!40101 SET character_set_client = utf8 */;
CREATE TABLE `condicion` (
  `id` int(11) NOT NULL AUTO_INCREMENT,
  `nombre` text,
  `descripcion` text,
  `condicion_categoria_id` int(11) DEFAULT NULL,
  PRIMARY KEY (`id`),
  KEY `fk_condicion_condicion_categoria1_idx` (`condicion_categoria_id`),
  CONSTRAINT `fk_condicion_condicion_categoria1` FOREIGN KEY (`condicion_categoria_id`) REFERENCES `condicion_categoria` (`id`) ON DELETE NO ACTION ON UPDATE NO ACTION
) ENGINE=InnoDB AUTO_INCREMENT=3 DEFAULT CHARSET=latin1;
/*!40101 SET character_set_client = @saved_cs_client */;

--
-- Dumping data for table `condicion`
--

LOCK TABLES `condicion` WRITE;
/*!40000 ALTER TABLE `condicion` DISABLE KEYS */;
INSERT INTO `condicion` VALUES (1,'{\"es\":\"Condiciones generales de compra\"}','{\"es\":\"Condiciones Generales DeTeatros.com\\n\\n1. Identificacin de las Partes\\nLas presentes Condiciones Generales de Uso, son suscritas, de una parte, por Deteatros.com, que pone a disposicin de los usuarios de Internet de forma gratuita la Pgina segn las mismas, y de otra, por el Usuario, entendido como toda persona fsica o jurdica que acceda a la Pgina de forma libre, voluntaria y gratuita, haciendo o no uso de los servicios ofrecidos en la misma. El Usuario, por el mero hecho de visitar, navegar y usar la Pgina, se somete a las presentes Condiciones Generales de Uso sin perjuicio de que el registro gratuito en la misma implique el sometimiento a unas Condiciones de Contratacin que habrn de ser aceptadas expresamente al proceder al registro.\\n\\n2. Gratuidad de la Pgina\\nLa Pgina es de acceso gratuito, al igual que la navegacin por la misma. Deteatros.com, nicamente pone a disposicin de los usuarios la Pgina de forma gratuita para la mera navegacin por la misma. En caso de que los usuarios quieran reservar entradas a travs de Deteatros.com, habrn de seguir los procedimientos adecuados para ello y aceptar expresamente las Condiciones de Contratacin.Deteatros.com ofrece la posibilidad a cualquier usuario interesado en los espectculos ofertados de realizar reservas online sin necesidad de estar registrado. Para ello, bastar con realizar los pasos necesarios y aceptar las correspondientes Condiciones de Contratacin, a las que puedes acceder desde el correspondiente link en la Pgina o haciendo clic aqu.\\n\\n3. Obligaciones del usuario\\nComo Usuario, por la mera visita o navegacin por la web, debes:\\n- Utilizar la Pgina y sus servicios y funcionalidades respetando la legislacin aplicable (en especial las de propiedad intelectual e industrial y las leyes de proteccin de datos de carcter personal), as como la moral y buenas costumbres generalmente aceptadas, el orden pblico y las presentes Condiciones Generales de Uso.\\n- Utilizar la Pgina de una forma diligente, correcta y lcita.\\n- Si hacemos cambios en estas Condiciones Generales de Uso o en la Poltica de Privacidad, revsalos: pueden ser importantes.\\n- En su caso, revisa tambin las notificaciones que te enviemos, pueden contener informacin importante.\\nAsimismo, como usuario, te comprometes a respetar Deteatros.com y cumplir con las siguientes condiciones:\\n- No incumplir estas Condiciones Generales de Uso ni ninguna de sus condiciones ni de las obligaciones asumidas en ellas.\\n- No infringir ningn derecho o inters de Deteatros.com ni de terceros, tales como derechos de propiedad intelectual o industrial (patentes, marcas, secretos comerciales, derechos de copyright u otros derechos de nuestra propiedad).\\n- No utilizar la Pgina para recabar informacin y contenidos para prestar cualquier servicio que, a criterio de Deteatros.com, le correspondan o compitan con el mismo.\\n- No introducir por cualquier medio virus informticos, gusanos, troyanos o cualquier otra clase de cdigos maliciosos dirigidos a interrumpir, destruir o limitar la funcionalidad de Deteatros.com.\\n- No utilizar tcnicas de ingeniera inversa y/o descompilar o descifrar o utilizar cualquier otro sistema para conocer el cdigo fuente de la Pgina o de cualquier elemento sujeto a copyright o propiedad intelectual subyacente.\\n- No modificar la Pgina de ninguna forma o manera posible.\\n- No daar, deshabilitar, sobrecargar o dificultar el servicio (o la red o las redes conectadas al servicio), o interferir en el uso y disfrute del servicio por parte de cualquier usuario.\\n- No realizar acciones o utilizar medios para simular la apariencia o funcin de Deteatros.com con cualquier finalidad\\n\\n4. Exclusin de responsabilidad\\nLa Pgina es puesta a disposicin de los usuarios de Internet para su uso y disfrute y sus servicios y funcionalidades se muestran \\\"tal cual\\\" y \\\"segn disponibilidad\\\" en cada momento. Deteatros.com no ofrece garantas en relacin con los servicios que ofrece, en especial sobre aquellos que sean gratuitos para el usuario. No seremos en ningn caso responsables de cmo uses la Pgina, tampoco si incumples cualquier obligacin o compromiso de estas Condiciones Generales de Uso. En especial, Deteatros.com no ser en ningn caso responsable:\\na) de los contenidos de otras pginas web enlazadas a este sitio. Los riesgos derivados de la consulta de tales pginas corresponden exclusivamente al Comprador que deber regirse por los trminos y condiciones de utilizacin de las mismas. La Pgina cuenta o puede contar con enlaces o links a sitios web de terceros. No somos responsables en ningn caso de los contenidos y de cualquier accin que pueda derivar de que accedas a enlaces externos de otras pginas. Deteatros.com no revisa ni aprueba ningn tipo de funcin, contenido, publicidad, o cualquier otro contenido incluido en los sitios de terceros. \\nb) de los daos que pudieran derivarse por el uso de pginas de terceros ajenos a Deteatros.com. Deteatros.com, por lo que ste no puede garantizar que en los mismos no existan amenazas informticas, malware o virus o alberguen contenido ilcito u otros enlaces que, a su vez, lleven a sitios con alguna o varias de las mencionadas caractersticas. En este caso, Deteatros.com declina toda responsabilidad sobre los contenidos y servicios de los terceros as como de cualquier dao derivado sobre el acceso a los mismos.\\nc) del lucrocesante o dao emergente por cualquier cuestin relacionada con la Pgina.\\nDeteatros.com ofrece a los usuarios de Internet la posibilidad de valorar las obras y publicar comentarios sobre las mismas con la finalidad de compartir opiniones personales. En este sentido es de destacar: \\na) que Deteatros.com, conforme al artculo 16 de la Ley 34/2004, de 11 de julio, de servicios de la sociedad de la informacin y del comercio electrnico, se configura a los efectos de prestar este servicio como un prestador de sevicios de alojamiento o almacenamiento de datos. \\nb) que no se hace responsable de la ilegalidad, especialmente la infraccin de leyes en materia de propiedad intelectual e industrial, de los contenidos publicados por sus usuarios ni de las opiniones vertidas en ellos.\\nc) que en ningn caso los comentarios representan la opinin de Deteatros.com, de sus socios o de sus empleados.\\nd) Sistema de denuncia: si crees que algn comentario no es conforme con la Ley, vulnera tus derechos o, de alguna forma, te perjudica, por favor comuncanoslo a: info@deteatros.com.\\n\\n5. Propiedad intelectual e industrial\\nLos derechos de propiedad intelectual del contenido de las pginas web, su diseo grfico y cdigos son de Deteatros.com en exclusiva o cuenta con los derechos o autorizaciones para su publicacin y, por tanto, queda prohibida su reproduccin, distribucin, comunicacin pblica, transformacin o cualquier otra actividad que se pueda realizar con los contenidos de sus pginas web ni an citando las fuentes, salvo consentimiento por escrito de Deteatros.com o del titular en exclusiva del derecho.\\nTodos los nombres comerciales, marcas o signos distintos de cualquier clase contenidos en las pginas web son propiedad de sus dueos o sus titulares legtimos y estn protegidos por ley.\\n\\n\\n6. Indemnizacin\\nCualquier incumplimiento de estas Condiciones Generales de Uso por parte del usuario, podra suponer para nosotros daos y perjuicios. De tal forma, si por incumplimientos del usuario sufriramos daos, perjuicios o cualquier tipo de prdidas y/o costes (como pueden ser los honorarios de abogados y procuradores), aqul estar obligado a resarcirnos. \\nAsimismo, si por los incumplimientos del usuario se generaran cualquier tipo de reclamaciones o procedimientos contra nosotros, el usuario dejar indemne a Deteatros.com, pudiendo reclamarle cualquier gasto, coste, dao o perjuicio derivado de sus acciones.\\n\\n\\n7. Salvaguarda e interpretacin de las Condiciones\\nLas presentes Condiciones Generales de Uso y todas sus Condiciones Particulares de Registro constituyen un acuerdo nico entre t, como usuario, y nosotros como titulares de Deteatros.com.\\nSi cualquier disposicin de las Condiciones fuera considerada ilegal, invlida o no ejecutable segn la disposicin de la Autoridad competente, la misma ser modificada de modo que se pueda interpretar como ejecutable y efectiva del modo ms prximo posible a la intencin original de la disposicin.\\nLa no exigencia del cumplimiento estricto de alguno de los trminos de estas Condiciones, no supone ni puede interpretarse como una renuncia por nuestra parte a exigir su cumplimiento en sus estrictos trminos en el futuro.\\nLa declaracin de nulidad de alguna o algunas de las clusulas establecidas en las presentes Condiciones Generales de Uso por la Autoridad competente no perjudicar la validez de las restantes.\\n\\n\\n8. Modificacin\\nDeteatros.com se reserva el derecho de modificar, eliminar o alterar en cualquier momento la Pgina los contenidos de la misma, sean propios o de terceros.\\n\\n9. Legislacin y fuero\\nLas relaciones entre Deteatros.com con los Usuarios de sus servicios telemticos, presentes en la web, se encuentran sometidas a la legislacin espaola. Las partes, con renuncia expresa a cualquier fuero que pudiera corresponderles, se someten a la jurisdiccin de los Juzgados y Tribunales de Madrid.\\n\\n\\n\\nCondiciones generales de compra\\n\\nEn cumplimiento de la Ley 34/2002 de Servicios de la Sociedad de la Informacin y del Comercio Electrnico (LSSICE), te informamos que www.laescaleradejacob.es es un dominio de Internet registrado por LA ESCALERA DE JACOB LAVAPIES S.L., con C.I.F B86749298 (en adelante La Escalera de Jacob) e inscrita en el Reg. Mercantil Madrid, T. 31157, F. 39, Inscripcin 1, con Hoja M-560722. \\nCondiciones generales de contratacin entre www.laescaleradejacob.es y el usuario:\\n\\n1. El usuario declara que es mayor de edad (mayor de 18 aos) y dispone de capacidad legal necesaria para contratar los servicios ofertados por los proveedores en la web de La Escalera de Jacob, de acuerdo con las condiciones ms abajo desglosadas, las cuales declara comprender y aceptar.\\nEn el caso de contratacin por menores de edad, se requiere la autorizacin de los padres o tutores para poder disfrutar del servicio contratado. La Escalera de Jacob no se responsabiliza de la veracidad y exactitud de los datos rellenados por el usuario y por tanto no puede constatar la edad de los mismos.\\nEl usuario se compromete a utilizar los servicios y contenidos en nuestro sitio web de conformidad con la Ley y los trminos y condiciones generales y particulares de los servicios que ofrece La Escalera de Jacob en cada momento, debiendo abstenerse de emplearlos para:\\n\\n(a)\\tIntroducir en la red programas de datos susceptibles de provocar daos en los sistemas informticos de La Escalera de Jacob, sus proveedores o terceros usuarios de la red interna o de este sitio web.\\n\\n(b) Difundir contenidos de carcter racista, xenfobo, pornogrfico, de apologa del terrorismo y/o que atenten contra los derechos humanos.\\n\\n(c) Realizar actividades ilcitas, contrarias a la buena fe, a las costumbres, a la moral o al orden pblico.\\n\\n(d) Realizar actividades que constituyan una infraccin de la regulacin sobre propiedad intelectual e industrial o cualquier otra norma del ordenamiento jurdico aplicable.\\n\\n(e) Reproducir, duplicar, vender o explotar para fines comerciales cualquier contenido del sitio web.\\n\\n2. El usuario es el responsable de facilitar sus datos correctamente en los procesos de contratacin establecidos en la pgina web de La Escalera de Jacob.\\n\\n4. La Escalera de Jacob es titular de la base de datos generada con los datos de carcter personal suministrados por los usuarios en el proceso de compra o reserva de productos a travs de nuestra pgina web. La Escalera de Jacob se compromete al cumplimiento de su obligacin de secreto de los datos de carcter personal y de su deber de tratarlos con confidencialidad, y a tal fin La Escalera de Jacob adoptar las medidas necesarias para evitar su alteracin, prdida, tratamiento o acceso no autorizado, habida cuenta en todo momento del estado de la tecnologa con arreglo a lo previsto en la legislacin vigente en Espaa en materia de proteccin de datos de carcter personal.\\nEl usuario acepta que los datos personales facilitados en el proceso de compra o reserva de nuestros productos sean incorporados a un fichero automatizado, cuya titularidad corresponde a La Escalera de Jacob, con la finalidad de prestar adecuadamente el servicio solicitado, dar cumplimiento a los requisitos de facturacin, contabilidad y auditora de la compaa, realizar anlisis estadsticos, verificar tarjetas de crdito y otras tarjetas de pago, as como realizar comunicaciones comerciales por correo electrnico sobre otros productos que se comercializan a travs de la pgina web de La Escalera de Jacob y que La Escalera de Jacob considere que podran ser del inters del usuario, por ser similares a los contratados. En caso de que el usuario no desee recibir comunicaciones comerciales por medios electrnicos puede dirigirse en cualquier momento a La Escalera de Jacob enviando un correo electrnico a la siguiente direccin info@laescaleradejacob.es. \\nIgualmente, para la necesaria prestacin del servicio contratado, el usuario acepta que La Escalera de Jacob comunique sus datos de carcter personal al proveedor de los servicios que el usuario reserva (www.deteatros.com). Asimismo, en los casos en que no sea usted quien se deba beneficiar de la reserva efectuada, usted se compromete de forma expresa a obtener el consentimiento de aquellas terceras personas que deban beneficiarse de la misma, antes de comunicar sus datos a La Escalera de Jacob.\\nEl usuario responder, en cualquier caso, de la veracidad de los datos facilitados y se responsabilizar de comunicar a La Escalera de Jacob cualquier modificacin en los mismos, reservndose La Escalera de Jacob el derecho a excluir de los servicios registrados a todo usuario que haya facilitado datos falsos, sin perjuicio de las dems acciones que procedan en Derecho.\\n\\n5. Todos los contenidos, marcas, logos, dibujos etc. que figuran en la web de La Escalera de Jacob, se hallan protegidos por los derechos de propiedad intelectual e industrial que son expresamente reservados por La Escalera de Jacob, en su caso, por las personas o empresas que figuran como autores o titulares de los derechos. La violacin de los anteriores derechos ser perseguida de conformidad con la legislacin vigente.\\nPor lo tanto, queda prohibida la reproduccin, explotacin, alteracin, distribucin o comunicacin pblica por cualquier ttulo o medio de la totalidad de los contenidos de la pgina web de La Escalera de Jacob para usos diferentes de la legtima informacin o contratacin por los usuarios de los servicios ofertados. En todo caso ser necesario el consentimiento previo por escrito de La Escalera de Jacob.\\n\\n6. Los links o enlaces con otras pginas web que aparezcan en las pginas de La Escalera de Jacob se ofrecen a efectos meramente informativos al usuario, por lo que La Escalera de Jacob no se responsabiliza sobre los productos, servicios o contenidos que se oferten o suministren en las pginas de destino ubicados en otro dominio.\\n\\n7. Cookies: La Escalera de Jacob recogemos mediante el uso de cookies y utilizamos informacin de los usuarios para analizar su conducta al navegar en nuestra pgina web y de esta manera proporcionar nuestros servicios de manera ms eficiente e introducir mejoras.\\nUna cookie es un pequeo archivo de datos que es transferido al disco duro de su ordenador. La Escalera de Jacob utiliza la tecnologa de cookies para recopilar datos adicionales sobre el uso del sitio web. La navegacin por la pgina web de La Escalera de Jacob implica consentir la instalacin de las mismas (excepto en la medida en que el usuario haya modificado la configuracin del navegador para rechazar cookies).\\nEnlaces: Con el fin de proveer una publicidad ms adecuada a nuestros usuarios y mejorar nuestras ofertas, La Escalera de Jacob puede conservar informacin sobre cmo interactas con enlaces que aparecen en nuestra pgina web o en nuestras notificaciones, redirigiendo clics o por otros medios.\\nCesin de informacin: Contratamos a proveedores de servicios para llevar a cabo la prestacin de los servicios que ofrecemos en nuestra pgina web. Podemos compartir sus datos personales con dichos proveedores de servicios con arreglo a obligaciones de confidencialidad compatibles con esta Poltica de Proteccin de Datos, y a condicin de que los terceros utilicen sus datos personales nicamente por nuestra cuenta y conforme a nuestras instrucciones.\\n\\n8. Si cualquier clusula incluida en estas condiciones generales fuese declarada, total o parcialmente, nula o ineficaz, tal nulidad o ineficacia afectar tan slo a dicha disposicin o a la parte de la misma que resulte nula o ineficaz, subsistiendo las condiciones generales en todo lo dems, tenindose tal disposicin, o la parte de la misma que resultase afectada, por no puesta.\\n\\n9. El usuario acepta que la legislacin aplicable al funcionamiento de este servicio es la espaola. Sern competentes para conocer de las divergencias que se deriven de la interpretacin o aplicacin de este clausulado los Jueces y Tribunales del domicilio del consumidor.\\nLos contenidos, productos y servicios incluidos en el sitio web son conformes a la legislacin espaola, y no estn concebidos ni dirigidos a aquellas personas que residan en jurisdicciones donde sus contenidos no se encuentren debidamente autorizados. Corresponde pues, a los usuarios de fuera de Espaa el verificar la posibilidad de importar o utilizar los productos que nos soliciten.\\n\\n11. Los precios finales indicados en pantalla incluyen el I.V.A. y cualquier otro impuesto que fuera de aplicacin al tipo vigente en el momento de la contratacin.\\n\\n12. La Escalera de Jacob se reserva el derecho a revisar y modificar las presentes condiciones en cualquier momento. El usuario estar sujeto a las polticas y condiciones vigentes en el momento en que use la presente pgina web o efecte cada pedido, salvo que por ley o decisin de organismos gubernamentales debamos hacer cambios con carcter retroactivo en dichas polticas o condiciones.\\n\\n13. Para cualquier sugerencia, consulta, queja o reclamacin el usuario debe dirigirse a la direccin que consta en el encabezamiento.\\n\\n\\n\\n\\n\\nCondiciones para pedidos de pago en taquilla\\n\\nEn caso de recoger las entradas en la taquilla, es obligatorio traer el e-mail de confirmacin de reserva para que se pueda comprobar su validez. En caso de que no sea posible imprimirlo, se deber presentar en taquilla el DNI de la persona a cuyo nombre est hecha la reserva para poder validarla.\\nSi la persona que recoge las entradas no eres t mismo, la persona que acuda finalmente al evento solamente deber entregar el e-mail de confirmacin de reserva en la taquilla del teatro.\\nEl usuario tiene la obligacin de presentarse en la taquilla del local donde se vaya a realizar el evento dentro del horario especificado en la ficha de la reserva y en la confirmacin del pedido, que es como mnimo 30 minutos antes del comienzo del espectculo. En caso de no cumplir con este plazo, el local correspondiente no tendr la obligacin de guardar la reserva efectuada.\\nLa Escalera de Jacob no es responsable de las causas de fuerza mayor por las que un espectculo pueda ser cancelado. Siempre que sea posible, La Escalera de Jacob avisar al cliente con suficiente antelacin y dentro del horario de atencin al pblico (de lunes a viernes de 9-18h) de cualquier cancelacin o cambio de cualquier tipo (fecha, hora, lugar, etc.).\\nEl usuario, al realizar una reserva, se compromete a acudir al espectculo solicitado. En el caso de que no pueda asistir al espectculo, el usuario tendr la obligacin de cancelar su reserva. Para ello La Escalera de Jacob pone a su disposicin esa funcionalidad en el mail de confirmacin de reserva.\\nLa Escalera de Jacob informa a los usuarios de que en caso de que un usuario utilice incorrectamente el sistema de reservas, no recogiendo en taquilla las entradas reservadas, La Escalera de Jacob podr restringir el uso de sus servicios pidiendo al usuario que introduzca los datos de su tarjeta de crdito. En caso de que aun as la reserva no fuera recogida y pagada en taquilla, La Escalera de Jacob procedera al cargo total de la reserva en la tarjeta de crdito.\\nLa Escalera de Jacob no se hace responsable de que el cliente no reciba el email de confirmacin de pedido por no haber puesto la direccin de correo electrnico correctamente.\"}',NULL),(2,'{\"es\":\"CONDICIONES GENERALES VILLAS ALICIA .\",\"en\":\"TERMS ALICIA VILLAS .\",\"de\":\"TERMS ALICIA VILLAS .\",\"fr\":\"TERMS ALICIA VILLAS .\"}','{\"es\":\"CONDICIONES GENERALES VILLAS ALICIA .\\n\\nVILLAS ALICIA : Se reserva el derecho de solicitarle al cliente el pago total o parcial de la reserva por motivo de ocupacin.\\n\\nPOLTICAS DE CANCELACION DE RESERVA : \\n\\nCancelaciones: Si cancelas o modificas la reserva hasta 7 das antes de la fecha de llegada, el establecimiento no efectuar cargos. Si cancelas o modificas la reserva fuera de plazo o no te presentas, el establecimiento cargar el 100% de la primera noche.\\n\\nPago por adelantado: El establecimiento cargar el 100% de la 1 primera noche en el momento de efectuar la reserva.. Se cargar el importe total el da de la llegada.\\n\\nImpuestos y cargos por servicio: 7% Impuesto incluido. Impuesto municipal no aplicable. Cargo por servicio no aplicable. \\n\\nARRENDAMIENTO DE VILLA CON MUEBLES POR TEMPORADA \\n\\nArrendador: Icono Consultores Arquitectura Canarias S.L.\\n\\nYo, el usuario (arrendatario), actuando libre y voluntariamente, al finalizar mi reserva doy por aceptadas las siguientes condiciones del Arrendador: \\n\\nEl complejo de Villas es propiedad del arrendador.\\n\\nSe hace constar que el inmueble se arrienda en perfecto estado fsico, constructivo y de instalaciones, y con el mismo contenido que consta en la WEB -(www.villasalicia.com)- y que el arrendatario manifiesta conocer expresamente, obligndose a conservarla en perfecto estado durante el plazo de duracin libremente pactado entre ambas partes siendo objeto de reclamacin por parte del arrendador, cualquier desperfecto de importancia que se detecte una vez sea examinada la Villa a la salida/finalizacin del plazo del arrendamiento, el cual se expresa en el documento denominado reserva. \\n\\nEl arrendatario no podr realizar en la vivienda obras de ninguna clase, ni modificar el orden del mobiliario., as como se compromete a cuidar los electrodomsticos siendo responsable de roturas de los mismos con una penalizacin minima de 250.-\\n\\nPor el presente, el arrendador queda liberado de cualquier responsabilidad derivada de la prdida o el deterioro de efectos personales del arrendatario durante su estancia en la Villa.\\n\\nEl arrendatario asumir por tanto dicha responsabilidad sobre los mismos, no siendo estos objeto de reclamacin al abandonar la Villa.\\n\\n- El arrendador no se responsabiliza de los accidentes del arrendatario derivados de cadas en la piscina, o terrazas con suelo hmedo deslizante, jacuzzi, o cualesquiera. \\n\\nEl arrendatario se hace responsable de guardar las exigibles normas de convivencia y respeto que el lugar requiere como Villas de descanso, abstenindose de hacer fiestas y cualquier actividad que pueda perturbar la estancia de los dems usuarios o vecinos.\\n\\n-Reiteradas quejas sobre este asunto, sern causa suficiente para dar por resuelto este contrato de arrendamiento, corriendo por cuenta del arrendatario todos los gastos y costas que por esta causa se produzcan, quedando esta clusula aceptada mediante la ACEPTACION DE LAS CONDICIONES DE LA RESERVA-.\\n\\nPara ingresos en cuenta:\\n\\nN de cuenta para realizar el pago: \\n\\n(IBAN): ES25 0075 1004 30 060 31843 11\\nSWIFT: POPUESMM\\nCCC: 0075 1004 30 060 31843 11\\n\\n-Villas Alicia-\\n\\nPolticas de privacidad\\n\\nEsta pagina Web ha adoptado los niveles de seguridad de proteccin de los Datos Personales legalmente requeridos, y procuran instalar aquellos otros medios y medidas tcnicas adicionales a su alcance para evitar la prdida , mal uso, alteracin, acceso no autorizado y robo de los Datos Personales facilitados a este sitio Web. En particular, este sitio Web utilizan sistemas de seguridad SSL (Secure Socket Layer) que, a travs de sistemas de certificados y cifrado, permiten comprobar la autenticidad de la Web desde donde se recaban sus Datos Personales, as como la integridad y confidencialidad de sus Datos Personales durante su transmisin (Ud. puede comprobar la implementacin del SSL al registrarse dado que la pgina de registro comienza con \\\"https\\\", en lugar del \\\"http\\\", y le aparecer un pequeo candado cerrado en la parte inferior de su navegador o pulsando en propiedades de la pagina donde puede ver el certificado usado, en este SSL 3.0 de 256 bits si su navegador lo admite).\\n\\nEllo no obstante, el Usuario debe ser consciente de que las medidas de seguridad en Internet no son inexpugnables.\\n\\nTPVBooking solo transmite sus datos para las reservas de hotel cuando se d el caso, siendo el destinatario el responsable de la custodia de datos. Estas empresas guardan sus datos con los siguientes fines y no en todos los casos. Este sitio Web elimina los datos de clientes una vez termina la relacin contractual de la reserva.\\n\\nLos datos solicitados son los estrictamente necesarios para formalizar la reserva, iniciar la relacin comercial, emitir la correspondiente factura, practicar los asientos contables y presentar las declaraciones fiscales pertinentes, en el caso de clientes por lo que su cumplimentacin es obligatoria y necesaria.\\n\\nTodos los ficheros sern comunicados a la Agencia de Proteccin de Datos de acuerdo con la Ley Orgnica 15/1999 de 13 de diciembre de Proteccin de Datos de Carcter Personal.\\n\\nConforme a lo dispuesto en dicha Ley Orgnica, los usuarios de la pgina web podrn en todo momento ejercitar los derechos de acceso, rectificacin, cancelacin y oposicin de los datos recogidos por este sitio Web., comunicndolo mediante e-mail a webmaster en la casilla de correo electrnico publicada en el apartado de contacto de este sitio Web.\\n\\nMediante el envo de los formularios existentes en este web o mediante el envo de un mensaje de consulta o suscripcin, el remitente da su consentimiento al tratamiento automatizado de los datos incluidos en el mismo.\\n\\nLos datos facilitados no sern objeto de cesin a terceros excepto para los anteriores supuestos de reserva hotelera.\\n\\nAgradecemos su confianza.\",\"en\":\"TERMS ALICIA VILLAS .\\n\\nVILLAS ALICIA : the right to ask the customer the full or partial payment of the booking on the basis of occupation without notice.\\n\\nBOOKING CANCELLATION POLICY :\\n\\nCancellation : If canceled or modified up to 7 days before date of arrival , no fee will be charged. If canceled or modified later or no-show, will be charged 100 % of the first night.\\n\\nPrepayment: The hotel will charge 100 % of the first night one at the time of booking .. The total amount will be charged on the day of arrival.\\n\\nTaxes and service charges : 7% Tax is included. City tax is not applicable . Service charge is not applicable .\\n\\nVILLA RENTAL OF FURNITURE \\\" SEASONAL \\\"\\n\\nOwner: Icon Consultants Architecture Canarias SL\\n\\nI , \\\" user\\\" (lessee ), acting freely and voluntarily give my reservation at the end of the following conditions accepted by the Owner:\\n\\nThe Villas complex is owned by the lessor.\\n\\nIt notes that the property is leased in perfect physical , constructive and state facilities , and with the same content contained in the WEB - ( www.villasalicia.com ) - and that the tenant expressly states meet , forcing himself to keep it in perfect state for the duration freely agreed between both the subject of complaint by the landlord parties, any significant damage is detected once the Villa be examined at the exit / end of the lease term , which is expressed in the document called \\\"reserve\\\" .\\n\\nThe tenant can not make housing works of any kind, either change the order of the furniture and is committed to taking care of the appliances to be responsible for breakage thereof with a minimum penalty of 250 - . . \\n\\nFor this , the landlord is released from any liability for loss or damage to personal effects of the renter during your stay at the Villa.\\n\\nThe lessee shall assume therefore that responsibility for them , not being subject to claim these to leave the Villa .\\n\\n- The landlord is not responsible for accidents arising from the tenant falls into the pool, or slip on a wet floor terraces , jacuzzi, or whatever .\\n\\nThe tenant is responsible for keeping the enforceable rules of coexistence and respect the place of rest required as Villas refraining from any activity holidays and stay to disturb other users or neighbors.\\n\\n- Repeated complaints on this issue , will be sufficient to terminate this lease cause, run by the lessee all costs and expenses arising from this cause , being accepted by this clause ACCEPTANCE OF THE TERMS OF THE BOOK - .\\n\\nFor income account :\\n\\nAccount number for payment :\\n\\n( IBAN) : ES25 0075 1004 30 060 3184 3 11\\nSWIFT: POPUESMM\\nCCC: 30 060 3184 0075 1004 March 11\\n\\nVillas - Alicia -\\n\\nPrivacy Policy\\n\\nThis Web page has adopted the security levels of protection of personal data legally required , and attempt to install any additional technical means and measures at its disposal to prevent the loss, misuse, alteration , unauthorized access and theft of personal data provided to this website. In particular, this Web site security systems use SSL (Secure Socket Layer ) which, through a system of certificates and encryption, let you check the authenticity of the website from which your Personal Data is collected, and the integrity and confidentiality of your Personal Information during transmission (You can check the implementation of SSL to register because the registration page begins with \\\"https \\\" instead of \\\"http \\\" and you will see a small padlock closed at the bottom of your browser or properties by clicking on the page where you can view the certificate used in the SSL 3.0 256-bit if your browser supports it) .\\n\\nNevertheless, the user should be aware that Internet security measures are not impregnable.\\n\\nTPVBooking only transmits its data to the hotel reservations when the case is given, the recipient being responsible for the custody of data. These companies keep their data for the following purposes and not in all cases. This Web site eliminates customer data once the contractual relationship of the reservation ends .\\n\\nThe information requested is strictly necessary for the booking , start business relationship , issue an invoice , practice the accounts and submit the relevant tax returns , in the case of clients so its completion is mandatory and necessary.\\n\\nAll files will be reported to the Data Protection Agency in accordance with Law 15 /1999 of 13 December on the Protection of Personal Data .\\n\\nUnder the provisions of that Law , the users of the website may at any time exercise their rights of access, rectification , cancellation and opposition of the data collected by this Web site . , Communicating by e- mail to webmaster in box email published in the contact section of this website.\\n\\nBy sending the forms on this website or by sending an inquiry message or subscription , the sender gives his consent to the processing of the data included therein.\\n\\nThe data will not be passed on to third parties except for the above assumptions Hotel reservation .\\n\\nWe appreciate your confidence .\",\"de\":\"TERMS ALICIA VILLAS .\\n\\nVILLAS ALICIA : the right to ask the customer the full or partial payment of the booking on the basis of occupation without notice.\\n\\nBOOKING CANCELLATION POLICY :\\n\\nCancellation : If canceled or modified up to 7 days before date of arrival , no fee will be charged. If canceled or modified later or no-show, will be charged 100 % of the first night.\\n\\nPrepayment: The hotel will charge 100 % of the first night one at the time of booking .. The total amount will be charged on the day of arrival.\\n\\nTaxes and service charges : 7% Tax is included. City tax is not applicable . Service charge is not applicable .\\n\\nVILLA RENTAL OF FURNITURE \\\" SEASONAL \\\"\\n\\nOwner: Icon Consultants Architecture Canarias SL\\n\\nI , \\\" user\\\" (lessee ), acting freely and voluntarily give my reservation at the end of the following conditions accepted by the Owner:\\n\\nThe Villas complex is owned by the lessor.\\n\\nIt notes that the property is leased in perfect physical , constructive and state facilities , and with the same content contained in the WEB - ( www.villasalicia.com ) - and that the tenant expressly states meet , forcing himself to keep it in perfect state for the duration freely agreed between both the subject of complaint by the landlord parties, any significant damage is detected once the Villa be examined at the exit / end of the lease term , which is expressed in the document called \\\"reserve\\\" .\\n\\nThe tenant can not make housing works of any kind, either change the order of the furniture and is committed to taking care of the appliances to be responsible for breakage thereof with a minimum penalty of 250 - . . \\n\\nFor this , the landlord is released from any liability for loss or damage to personal effects of the renter during your stay at the Villa.\\n\\nThe lessee shall assume therefore that responsibility for them , not being subject to claim these to leave the Villa .\\n\\n- The landlord is not responsible for accidents arising from the tenant falls into the pool, or slip on a wet floor terraces , jacuzzi, or whatever .\\n\\nThe tenant is responsible for keeping the enforceable rules of coexistence and respect the place of rest required as Villas refraining from any activity holidays and stay to disturb other users or neighbors.\\n\\n- Repeated complaints on this issue , will be sufficient to terminate this lease cause, run by the lessee all costs and expenses arising from this cause , being accepted by this clause ACCEPTANCE OF THE TERMS OF THE BOOK - .\\n\\nFor income account :\\n\\nAccount number for payment :\\n\\n( IBAN) : ES25 0075 1004 30 060 3184 3 11\\nSWIFT: POPUESMM\\nCCC: 30 060 3184 0075 1004 March 11\\n\\nVillas - Alicia -\\n\\nPrivacy Policy\\n\\nThis Web page has adopted the security levels of protection of personal data legally required , and attempt to install any additional technical means and measures at its disposal to prevent the loss, misuse, alteration , unauthorized access and theft of personal data provided to this website. In particular, this Web site security systems use SSL (Secure Socket Layer ) which, through a system of certificates and encryption, let you check the authenticity of the website from which your Personal Data is collected, and the integrity and confidentiality of your Personal Information during transmission (You can check the implementation of SSL to register because the registration page begins with \\\"https \\\" instead of \\\"http \\\" and you will see a small padlock closed at the bottom of your browser or properties by clicking on the page where you can view the certificate used in the SSL 3.0 256-bit if your browser supports it) .\\n\\nNevertheless, the user should be aware that Internet security measures are not impregnable.\\n\\nTPVBooking only transmits its data to the hotel reservations when the case is given, the recipient being responsible for the custody of data. These companies keep their data for the following purposes and not in all cases. This Web site eliminates customer data once the contractual relationship of the reservation ends .\\n\\nThe information requested is strictly necessary for the booking , start business relationship , issue an invoice , practice the accounts and submit the relevant tax returns , in the case of clients so its completion is mandatory and necessary.\\n\\nAll files will be reported to the Data Protection Agency in accordance with Law 15 /1999 of 13 December on the Protection of Personal Data .\\n\\nUnder the provisions of that Law , the users of the website may at any time exercise their rights of access, rectification , cancellation and opposition of the data collected by this Web site . , Communicating by e- mail to webmaster in box email published in the contact section of this website.\\n\\nBy sending the forms on this website or by sending an inquiry message or subscription , the sender gives his consent to the processing of the data included therein.\\n\\nThe data will not be passed on to third parties except for the above assumptions Hotel reservation .\\n\\nWe appreciate your confidence .\",\"fr\":\"TERMS ALICIA VILLAS .\\n\\nVILLAS ALICIA : the right to ask the customer the full or partial payment of the booking on the basis of occupation without notice.\\n\\nBOOKING CANCELLATION POLICY :\\n\\nCancellation : If canceled or modified up to 7 days before date of arrival , no fee will be charged. If canceled or modified later or no-show, will be charged 100 % of the first night.\\n\\nPrepayment: The hotel will charge 100 % of the first night one at the time of booking .. The total amount will be charged on the day of arrival.\\n\\nTaxes and service charges : 7% Tax is included. City tax is not applicable . Service charge is not applicable .\\n\\nVILLA RENTAL OF FURNITURE \\\" SEASONAL \\\"\\n\\nOwner: Icon Consultants Architecture Canarias SL\\n\\nI , \\\" user\\\" (lessee ), acting freely and voluntarily give my reservation at the end of the following conditions accepted by the Owner:\\n\\nThe Villas complex is owned by the lessor.\\n\\nIt notes that the property is leased in perfect physical , constructive and state facilities , and with the same content contained in the WEB - ( www.villasalicia.com ) - and that the tenant expressly states meet , forcing himself to keep it in perfect state for the duration freely agreed between both the subject of complaint by the landlord parties, any significant damage is detected once the Villa be examined at the exit / end of the lease term , which is expressed in the document called \\\"reserve\\\" .\\n\\nThe tenant can not make housing works of any kind, either change the order of the furniture and is committed to taking care of the appliances to be responsible for breakage thereof with a minimum penalty of 250 - . . \\n\\nFor this , the landlord is released from any liability for loss or damage to personal effects of the renter during your stay at the Villa.\\n\\nThe lessee shall assume therefore that responsibility for them , not being subject to claim these to leave the Villa .\\n\\n- The landlord is not responsible for accidents arising from the tenant falls into the pool, or slip on a wet floor terraces , jacuzzi, or whatever .\\n\\nThe tenant is responsible for keeping the enforceable rules of coexistence and respect the place of rest required as Villas refraining from any activity holidays and stay to disturb other users or neighbors.\\n\\n- Repeated complaints on this issue , will be sufficient to terminate this lease cause, run by the lessee all costs and expenses arising from this cause , being accepted by this clause ACCEPTANCE OF THE TERMS OF THE BOOK - .\\n\\nFor income account :\\n\\nAccount number for payment :\\n\\n( IBAN) : ES25 0075 1004 30 060 3184 3 11\\nSWIFT: POPUESMM\\nCCC: 30 060 3184 0075 1004 March 11\\n\\nVillas - Alicia -\\n\\nPrivacy Policy\\n\\nThis Web page has adopted the security levels of protection of personal data legally required , and attempt to install any additional technical means and measures at its disposal to prevent the loss, misuse, alteration , unauthorized access and theft of personal data provided to this website. In particular, this Web site security systems use SSL (Secure Socket Layer ) which, through a system of certificates and encryption, let you check the authenticity of the website from which your Personal Data is collected, and the integrity and confidentiality of your Personal Information during transmission (You can check the implementation of SSL to register because the registration page begins with \\\"https \\\" instead of \\\"http \\\" and you will see a small padlock closed at the bottom of your browser or properties by clicking on the page where you can view the certificate used in the SSL 3.0 256-bit if your browser supports it) .\\n\\nNevertheless, the user should be aware that Internet security measures are not impregnable.\\n\\nTPVBooking only transmits its data to the hotel reservations when the case is given, the recipient being responsible for the custody of data. These companies keep their data for the following purposes and not in all cases. This Web site eliminates customer data once the contractual relationship of the reservation ends .\\n\\nThe information requested is strictly necessary for the booking , start business relationship , issue an invoice , practice the accounts and submit the relevant tax returns , in the case of clients so its completion is mandatory and necessary.\\n\\nAll files will be reported to the Data Protection Agency in accordance with Law 15 /1999 of 13 December on the Protection of Personal Data .\\n\\nUnder the provisions of that Law , the users of the website may at any time exercise their rights of access, rectification , cancellation and opposition of the data collected by this Web site . , Communicating by e- mail to webmaster in box email published in the contact section of this website.\\n\\nBy sending the forms on this website or by sending an inquiry message or subscription , the sender gives his consent to the processing of the data included therein.\\n\\nThe data will not be passed on to third parties except for the above assumptions Hotel reservation .\\n\\nWe appreciate your confidence .\"}',NULL);
/*!40000 ALTER TABLE `condicion` ENABLE KEYS */;
UNLOCK TABLES;

--
-- Table structure for table `condicion_categoria`
--

DROP TABLE IF EXISTS `condicion_categoria`;
/*!40101 SET @saved_cs_client     = @@character_set_client */;
/*!40101 SET character_set_client = utf8 */;
CREATE TABLE `condicion_categoria` (
  `id` int(11) NOT NULL AUTO_INCREMENT,
  `nombre` text,
  PRIMARY KEY (`id`)
) ENGINE=InnoDB DEFAULT CHARSET=latin1;
/*!40101 SET character_set_client = @saved_cs_client */;

--
-- Dumping data for table `condicion_categoria`
--

LOCK TABLES `condicion_categoria` WRITE;
/*!40000 ALTER TABLE `condicion_categoria` DISABLE KEYS */;
/*!40000 ALTER TABLE `condicion_categoria` ENABLE KEYS */;
UNLOCK TABLES;

--
-- Table structure for table `configuracion`
--

DROP TABLE IF EXISTS `configuracion`;
/*!40101 SET @saved_cs_client     = @@character_set_client */;
/*!40101 SET character_set_client = utf8 */;
CREATE TABLE `configuracion` (
  `id` int(11) NOT NULL AUTO_INCREMENT,
  `comparacion_booking` tinyint(1) DEFAULT NULL,
  `sincronizacion_vika` tinyint(1) DEFAULT NULL,
  `cupon_promocional` tinyint(1) DEFAULT NULL,
  `atencion_personalizada` tinyint(1) DEFAULT NULL,
  `pago_flexible` tinyint(1) DEFAULT NULL,
  `vika_email` varchar(200) DEFAULT NULL,
  `vika_password` varchar(200) DEFAULT NULL,
  `vika_canal` int(11) DEFAULT NULL,
  `vika_empresa` int(11) DEFAULT NULL,
  `alias` varchar(200) DEFAULT NULL,
  PRIMARY KEY (`id`)
) ENGINE=InnoDB AUTO_INCREMENT=5 DEFAULT CHARSET=latin1;
/*!40101 SET character_set_client = @saved_cs_client */;

--
-- Dumping data for table `configuracion`
--

LOCK TABLES `configuracion` WRITE;
/*!40000 ALTER TABLE `configuracion` DISABLE KEYS */;
INSERT INTO `configuracion` VALUES (1,1,1,1,1,1,'admin@vikahotel.com','admin',3,9,'con todas las opciones'),(2,0,1,0,0,0,'admin@vikahotel.com','admin',3,9,'solo con vika'),(3,0,0,0,0,0,'','',NULL,NULL,'con nada'),(4,1,0,0,0,0,'','',NULL,NULL,'solo Booking -1Euro');
/*!40000 ALTER TABLE `configuracion` ENABLE KEYS */;
UNLOCK TABLES;

--
-- Table structure for table `direccion`
--

DROP TABLE IF EXISTS `direccion`;
/*!40101 SET @saved_cs_client     = @@character_set_client */;
/*!40101 SET character_set_client = utf8 */;
CREATE TABLE `direccion` (
  `id` int(11) NOT NULL AUTO_INCREMENT,
  `descripcion` text,
  `lat` double DEFAULT NULL,
  `lon` double DEFAULT NULL,
  `calle` varchar(100) DEFAULT NULL,
  `codigo_postal` varchar(6) DEFAULT NULL,
  PRIMARY KEY (`id`)
) ENGINE=InnoDB AUTO_INCREMENT=35 DEFAULT CHARSET=latin1;
/*!40101 SET character_set_client = @saved_cs_client */;

--
-- Dumping data for table `direccion`
--

LOCK TABLES `direccion` WRITE;
/*!40000 ALTER TABLE `direccion` DISABLE KEYS */;
INSERT INTO `direccion` VALUES (1,'Calle Fuerteventura, 3, 35630 Antigua, Las Palmas, Espaa',28.416427599999995,-14.011860292590313,'','35660'),(3,'Oficina de Correos, 35660 Corralejo (fuerteventura), Las Palmas, Espaa',28.72962911348372,-13.867921829223633,'',''),(4,'Plaza E Anex Calet Fust Oest, 35610 Antigua, Las Palmas, Espaa',28.395713623663525,-13.868493139743805,'',''),(5,'Urbanizacin Corralejo Pl U, 35660 Corralejo, Las Palmas, Espaa',28.7262327371749,-13.85949432849884,'',''),(9,'Calle Tarabilla, 35660 La Oliva, Las Palmas, Espaa',28.707894162515924,-13.876161575317383,'',''),(17,'Avenida Octavio Augusto, 25, 11130 Chiclana de la Frontera, Cdiz, Espaa',36.35366364985244,-6.169048547744751,'',''),(18,'Foro Buonaparte, 67, 20121 Miln, Italia',45.46738045268554,9.181022835937483,'',''),(19,'Via Tommaso Grossi, 2, 20121 Miln, Italia',45.4656296756414,9.188886992633343,'',''),(21,'Calle el Pulpo, 2, 35660 Corralejo, Las Palmas, Espaa',28.743124149775173,-13.864885568618774,'',''),(22,'Calle las Dunas, 2, 35660 Corralejo, Las Palmas, Espaa',28.72967732994297,-13.85889619588852,'',''),(23,'Calle la Atalaya, 3, 35508 Teguise, Las Palmas, Espaa',29.01103964221965,-13.48883181810379,'',''),(24,'Calle la Atalaya, 22, 35508 Teguise, Las Palmas, Espaa',29.0084538181757,-13.486211606884808,'',''),(27,'Calle Doctor Fleming, 10, 35600 Puerto del Rosario, Las Palmas, Espaa',28.49601650000002,-13.86262302698367,'',''),(28,'Calle del Golf, 10, 35610 Antigua, Las Palmas, Espaa',28.389486728799774,-13.874993473291397,'',''),(29,'Calle Fuerteventura, 35660 Corralejo, Las Palmas, Espaa',28.728114399732586,-13.86648416519165,'',''),(30,'Calle Doctor Celestino Cobiella Zaera, 38400 Puerto de la Cruz, Santa Cruz de Tenerife, Espaa',28.408326742670646,-16.550511717796326,'',''),(31,'Praa Lus de Cames 6-8, 1200-243 Lisboa, Portugal',38.710390122152916,-9.143348783254623,'',''),(32,'FV-1, La Oliva, Las Palmas, Espaa',28.684289297385458,-13.839016000000015,'',''),(33,'Via Lazzaro Spallanzani, 40, 20129 Miln, Italia',45.47799090288422,9.209353923797607,'',''),(34,'Ruta 101, QROO, Mxico',20.585937331008626,-87.11692839860916,'','');
/*!40000 ALTER TABLE `direccion` ENABLE KEYS */;
UNLOCK TABLES;

--
-- Table structure for table `empresa`
--

DROP TABLE IF EXISTS `empresa`;
/*!40101 SET @saved_cs_client     = @@character_set_client */;
/*!40101 SET character_set_client = utf8 */;
CREATE TABLE `empresa` (
  `id` int(11) NOT NULL AUTO_INCREMENT,
  `nombre_comercial` varchar(200) DEFAULT NULL,
  `nombre_fiscal` varchar(200) DEFAULT NULL,
  `numero_fiscal` varchar(50) DEFAULT NULL,
  `telefono_reservas` text,
  `email_reservas` text,
  `direccion_id` int(11) NOT NULL,
  `contacto_nombre` varchar(200) DEFAULT NULL,
  `contacto_apellidos` varchar(200) DEFAULT NULL,
  `contacto_email` varchar(200) DEFAULT NULL,
  `destino_turistico` text,
  `empresa_tipo_id` int(11) DEFAULT NULL,
  `empresa_distribuidora_id` int(11) DEFAULT NULL,
  `estado` varchar(50) DEFAULT NULL,
  PRIMARY KEY (`id`),
  KEY `fk_empresa_direccion1_idx` (`direccion_id`),
  KEY `fk_empresa_tipo1` (`empresa_tipo_id`),
  KEY `fk_empresa_distribuidora1` (`empresa_distribuidora_id`),
  CONSTRAINT `fk_empresa_direccion1` FOREIGN KEY (`direccion_id`) REFERENCES `direccion` (`id`) ON DELETE NO ACTION ON UPDATE NO ACTION,
  CONSTRAINT `fk_empresa_distribuidora1` FOREIGN KEY (`empresa_distribuidora_id`) REFERENCES `empresa` (`id`) ON DELETE NO ACTION ON UPDATE NO ACTION,
  CONSTRAINT `fk_empresa_tipo1` FOREIGN KEY (`empresa_tipo_id`) REFERENCES `empresa_tipo` (`id`) ON DELETE NO ACTION ON UPDATE NO ACTION
) ENGINE=InnoDB AUTO_INCREMENT=8 DEFAULT CHARSET=latin1;
/*!40101 SET character_set_client = @saved_cs_client */;

--
-- Dumping data for table `empresa`
--

LOCK TABLES `empresa` WRITE;
/*!40000 ALTER TABLE `empresa` DISABLE KEYS */;
INSERT INTO `empresa` VALUES (1,'Vika Hotel','Booking DeTeatros S.L.','B76153725','(0034) 928 34 52 89','matias.barbarroja@gmail.com',1,'Loly','Torres','matias.barbarroja@gmail.com','Fuerteventura, La Oliva, Corralejo',1,NULL,NULL),(2,'Claudio Booking','Claudio Booking Milano S.A.','73567657654745','+35 958 458 741','claudio.delia@teatrotickets.it',18,'Claudio ','DLia','claudio.delia@teatrotickets.it','Milano',2,1,NULL),(3,'Hotel Beatriz Costa & Spa**** ','Hotel Beatriz Costa & Spa**** ','B67776654','0034 928 59 08 28','matias.barbarroja@gmail.com',24,'Hotel Beatriz Costa & Spa**** ','NA','matias.barbarroja@gmail.com','Lanzarote',2,NULL,NULL),(6,'Villas Alicia','Icono consultores arquitectura canarias S.L.','B54353453453','0034 928 85 46 95','direccion@villasalicia.com',27,'Loly',' Torres','direccion@villasalicia.com','Caleta de Fuste',2,NULL,NULL),(7,'Fuerte Tour','Fuertetour s.l.','B76653454','0034 928867011','reservas@fuertetour.com',32,'Santiago ','Ibaes','reservas@fuertetour.com','Fuerteventura',NULL,NULL,NULL);
/*!40000 ALTER TABLE `empresa` ENABLE KEYS */;
UNLOCK TABLES;

--
-- Table structure for table `empresa_tipo`
--

DROP TABLE IF EXISTS `empresa_tipo`;
/*!40101 SET @saved_cs_client     = @@character_set_client */;
/*!40101 SET character_set_client = utf8 */;
CREATE TABLE `empresa_tipo` (
  `id` int(11) NOT NULL AUTO_INCREMENT,
  `tipo` varchar(200) DEFAULT NULL,
  PRIMARY KEY (`id`)
) ENGINE=InnoDB AUTO_INCREMENT=3 DEFAULT CHARSET=latin1;
/*!40101 SET character_set_client = @saved_cs_client */;

--
-- Dumping data for table `empresa_tipo`
--

LOCK TABLES `empresa_tipo` WRITE;
/*!40000 ALTER TABLE `empresa_tipo` DISABLE KEYS */;
INSERT INTO `empresa_tipo` VALUES (1,'Distribuidor'),(2,'Cliente');
/*!40000 ALTER TABLE `empresa_tipo` ENABLE KEYS */;
UNLOCK TABLES;

--
-- Table structure for table `hotel`
--

DROP TABLE IF EXISTS `hotel`;
/*!40101 SET @saved_cs_client     = @@character_set_client */;
/*!40101 SET character_set_client = utf8 */;
CREATE TABLE `hotel` (
  `id` int(11) NOT NULL AUTO_INCREMENT,
  `nombre` text,
  `descripcion_corta` text,
  `descripcion_larga` text CHARACTER SET utf8 COLLATE utf8_unicode_ci,
  `visitas` int(11) DEFAULT NULL,
  `estado` varchar(45) DEFAULT NULL,
  `capacidad` int(11) DEFAULT NULL,
  `tiempo_creacion` timestamp NULL DEFAULT NULL,
  `ultima_modificacion` timestamp NULL DEFAULT NULL,
  `url` text,
  `calidad` double DEFAULT NULL,
  `empresa_id` int(11) DEFAULT NULL,
  `configuracion_id` int(11) DEFAULT NULL,
  `trip_advisor` text,
  `background_color` varchar(50) DEFAULT NULL,
  `estancia_minima` int(11) DEFAULT NULL,
  `venta_anticipada` int(11) DEFAULT NULL,
  `logo_id` int(11) DEFAULT NULL,
  `porcentage_cobro_anticipado` double DEFAULT NULL,
  `informacion_compra` text,
  `titulo_seo` text,
  `keywords_seo` text,
  `tipo_reserva` varchar(50) DEFAULT NULL,
  `clave_google_analytics` varchar(50) DEFAULT NULL,
  `inicioContrato` timestamp NULL DEFAULT NULL,
  `finContrato` timestamp NULL DEFAULT NULL,
  `descuento_booking` double DEFAULT NULL,
  `tipo_descuento_booking` varchar(50) DEFAULT NULL,
  PRIMARY KEY (`id`),
  KEY `fk_hotel_empresa1_idx` (`empresa_id`),
  KEY `fk_hotel_configuracion1` (`configuracion_id`),
  KEY `fk_hotel_logo1` (`logo_id`),
  CONSTRAINT `fk_hotel_configuracion1` FOREIGN KEY (`configuracion_id`) REFERENCES `configuracion` (`id`) ON DELETE NO ACTION ON UPDATE NO ACTION,
  CONSTRAINT `fk_hotel_empresa1` FOREIGN KEY (`empresa_id`) REFERENCES `empresa` (`id`) ON DELETE NO ACTION ON UPDATE NO ACTION,
  CONSTRAINT `fk_hotel_logo1` FOREIGN KEY (`logo_id`) REFERENCES `archivo` (`id`) ON DELETE NO ACTION ON UPDATE NO ACTION
) ENGINE=InnoDB AUTO_INCREMENT=21 DEFAULT CHARSET=latin1;
/*!40101 SET character_set_client = @saved_cs_client */;

--
-- Dumping data for table `hotel`
--

LOCK TABLES `hotel` WRITE;
/*!40000 ALTER TABLE `hotel` DISABLE KEYS */;
INSERT INTO `hotel` VALUES (3,'{\"es\":\"Oasis Duna\",\"en\":\"Oasis Duna\",\"de\":\"Oasis Duna\",\"fr\":\"Oasis Duna\",\"it\":\"Oasis Duna\",\"ru\":\"Oasis Duna\",\"pt\":\"Oasis Duna\",\"pt-br\":\"Oasis Duna\"}','{\"en\":\"123\",\"es\":\"1\"}','{\"es\":\"<p>El Oasis Duna est&aacute; situado en Fuerteventura, a 100 metros del puerto de Corralejo, y ofrece un amplio sol&aacute;rium y una piscina al aire libre (climatizada en invierno), as&iacute; como apartamentos con balc&oacute;n privado.</p>\\n\\n<p>Los apartamentos del Oasis Duna son amplios y disponen de un sal&oacute;n con TV de pago y una zona de cocina bien equipada, con fogones, microondas y hervidor de agua. Tambi&eacute;n hay conexi&oacute;n Wi-Fi disponible por un suplemento.</p>\\n\\n<p>Los apartamentos del Oasis Duna est&aacute;n rodeados de jardines tropicales y cuentan con pistas de tenis, un gimnasio, una pista de baloncesto y un parque infantil.</p>\\n\\n<p>Adem&aacute;s, el Oasis Duna alberga un restaurante buf&eacute;, una pizzer&iacute;a a la carta, un bar junto a la piscina y un pub, el Boulevard, que ofrece un programa de animaci&oacute;n por las noches.</p>\\n\\n<p>El complejo Oasis Duna se encuentra a solo 200 metros del parque acu&aacute;tico de Corralejo, a 900 metros de la playa y a 5 minutos a pie del puerto, desde donde zarpan barcos con destino a la cercana isla de Lobos con frecuencia. Adem&aacute;s, hay aparcamiento gratuito.</p>\\n\",\"en\":\"<p>Set 100 metres from Fuerteventuras Corralejo Harbour, Oasis Duna has a large sun terrace and an outdoor swimming pool, heated in winter. It offers apartments with private balconies.</p>\\n<p>Each spacious Oasis Duna apartment features a lounge with pay TV and a well-equipped kitchen area, including a hob, microwave and kettle. Wi-Fi is available for an extra cost.</p>\\n<p>Surrounded by tropical gardens, the Oasis Duna Apartments have tennis courts, a gym and basketball court. There is also a children\'s play area.</p>\\n<p>Guests at the Oasis Duna can enjoy meals in the buffet restaurant,  la carte pizzeria or poolside bar. The Boulevard pub offers an evening entertainment programme.</p>\\n<p>The Oasis Duna complex is only 200 metres from Corralejo Water Park and 900 metres from Corralejo Beach. Boats to nearby Lobos Island leave regularly from the harbour, just a 5-minute walk away. The complex offers free on-site parking.</p>\",\"de\":\"<p>Das Oasis Duna ist nur 100 m vom Hafen von Corralejo auf Fuerteventura entfernt und bietet Ihnen eine groe Sonnenterrasse und einen Auenpool, der im Winter beheizt wird. Die Apartments besitzen einen eigenen Balkon.</p>\\n<p>Jedes der gerumigen Apartments im Oasis Duna verfgt ber einen Wohnbereich mit Pay-TV und einen gut ausgestatteten Kchenbereich mit einem Kochfeld, einer Mikrowelle und einem Wasserkocher. Das WLAN nutzen Sie gegen einen Aufpreis.</p>\\n<p>Die Oasis Duna Apartments sind von tropischen Grten umgeben und bieten Tennispltze, einen Fitnessraum sowie einen Basketballplatz. Auch ein Kinderspielbereich steht zu Ihrer Verfgung.</p>\\n<p>Als Gast im Oasis Duna knnen Sie Ihre Mahlzeiten im Buffetrestaurant, in der -la-carte-Pizzeria oder an der Poolbar genieen. Der Pub Boulevard bietet abends ein Unterhaltungsprogramm.</p>\\n<p>Vom Komplex Oasis Duna aus gelangen Sie schon nach 200 m zum Wasserpark Corralejo und nach 900 m an den Strand von Corralejo. Boote zur nahe gelegenen Insel Lobos mit regelmigen Fahrzeiten legen vom Hafen ab, der nur 5 Gehminuten entfernt ist. Der Komplex bietet kostenfreies Parken an der Unterkunft.</p>\",\"fr\":\"<p>Situ  Fuerteventura,  100 mtres du port de Corralejo, l\'tablissement Oasis Duna est dot d\'une piscine extrieure chauffe en hiver et d\'une grande terrasse bien expose. Il abrite des appartements avec un balcon priv.</p>\\n<p>Tous les appartements spacieux comprennent un salon pourvu d\'une tlvision avec chanes  la carte, ainsi qu\'un coin cuisine bien quip pourvu d\'une plaque de cuisson, d\'un four micro-ondes et d\'une bouilloire. Une connexion Wi-Fi est disponible moyennant de frais supplmentaires.</p>\\n<p>Entour de jardins tropicaux, l\'Oasis Duna possde des courts de tennis, une salle de sport, un terrain de basket-ball ainsi qu\'une aire de jeux pour enfants.</p>\\n<p>Lors de votre sjour, vous pourrez prendre vos repas au restaurant buffet,  la pizzeria  la carte ou au bar de la piscine. Le pub Boulevard propose quant  lui un programme d\'animations en soire.</p>\\n<p>Le complexe Oasis Duna se trouve  seulement 200 mtres du parc aquatique de Corralejo et  900 mtres de sa plage. Des bateaux  destination de l\'le de Lobos, situe  proximit, partent rgulirement du port qui est accessible en seulement 5 minutes  pied. En outre, le parking sur place est gratuit.</p>\",\"it\":\"<p>A 100 metri dal Porto di Corralejo, a Fuerteventura, l\'Oasis Dunas vanta un\'ampia terrazza solarium, una piscina all\'aperto riscaldata in inverno e appartamenti con balcone privato.</p>\\n<p>Gli spaziosi alloggi dell\'Oasis Duna presentano un salotto con pay TV e una zona cucina ben accessoriata, completa di piano cottura, forno a microonde e bollitore. La connessione Wi-Fi  disponibile a pagamento.</p>\\n<p>Circondato da giardini tropicali, l\'Oasis Duna Apartments offre inoltre campi da tennis, una palestra, una campo da basket e un\'area giochi per bambini.</p>\\n<p>All\'Oasis Duna potrete gustare i vostri pasti nel ristorante a buffet, nella pizzeria alla carta o nel bar a bordo piscina. Il pub Boulevard propone poi un programma di intrattenimento serale.</p>\\n<p>Il complesso Oasis Duna dista soli 200 metri dal Parco Acquatico di Corralejo, 900 metri dalla spiaggia cittadina e appena 5 minuti a piedi dal porto, da dove partono regolarmente barche dirette alla vicina Isola di Lobos. La propriet include anche un parcheggio in loco gratuito.</p>\",\"ru\":\"<p>  Oasis Duna   100       .         ,     .      .</p>\\n<p>     Oasis Duna            ,    . Wi-Fi    .</p>\\n<p>   Oasis Duna,   ,     ,     .     .</p>\\n<p>  Oasis Duna   ,     ,         .   Boulevard    .</p>\\n<p> Oasis Duna    200      900    .  ,        ,    5 .       .</p>\",\"pt\":\"<p>O Oasis Duna est situado a 100 metros do Porto de Correlejo, em Fuerteventura, e disponibiliza um amplo terrao para banhos de sol e uma piscina exterior aquecida no Inverno. Oferece apartamentos com varandas privadas.</p>\\n<p>Cada espaoso apartamento do Oasis Duna inclui um salo com pay-TV e uma rea de cozinha bem equipada com uma placa de fogo, micro-ondas e chaleira. O acesso Wi-Fi est disponvel por um custo adicional.</p>\\n<p>Rodeado por jardins tropicais, o Oasis Duna Apartments tem campos de tnis, um ginsio e campo de basquetebol. Tambm existe uma rea de brincar para crianas.</p>\\n<p>Os hspedes do Oasis Duna podem desfrutar de refeies no restaurante de estilo buffet, na pizzaria  carta ou no bar de apoio  piscina. O Pub Boulevard dispe de um programa de entretenimento nocturno.</p>\\n<p>O Complexo Oasis Dunas fica apenas a 200 metros do Parque Aqutico de Correlejo e a 900 metros da Praia de Corralejo. Barcos com ligao para a Ilha de Lobos, nas proximidades, partem regularmente do porto que localiza-se apenas a 5 minutos a p. O complexo fornece estacionamento gratuito no local.</p>\",\"pt-br\":\"<p>O Oasis Duna est situado a 100 metros do Porto de Correlejo, em Fuerteventura, e disponibiliza um amplo terrao para banhos de sol e uma piscina exterior aquecida no Inverno. Oferece apartamentos com varandas privadas.</p>\\n<p>Cada espaoso apartamento do Oasis Duna inclui um salo com pay-TV e uma rea de cozinha bem equipada com uma placa de fogo, micro-ondas e chaleira. O acesso Wi-Fi est disponvel por um custo adicional.</p>\\n<p>Rodeado por jardins tropicais, o Oasis Duna Apartments tem campos de tnis, um ginsio e campo de basquetebol. Tambm existe uma rea de brincar para crianas.</p>\\n<p>Os hspedes do Oasis Duna podem desfrutar de refeies no restaurante de estilo buffet, na pizzaria  carta ou no bar de apoio  piscina. O Pub Boulevard dispe de um programa de entretenimento nocturno.</p>\\n<p>O Complexo Oasis Dunas fica apenas a 200 metros do Parque Aqutico de Correlejo e a 900 metros da Praia de Corralejo. Barcos com ligao para a Ilha de Lobos, nas proximidades, partem regularmente do porto que localiza-se apenas a 5 minutos a p. O complexo fornece estacionamento gratuito no local.</p>\"}',0,'activo',NULL,'2013-11-27 07:58:29','0000-00-00 00:00:00','http://www.booking.com/hotel/es/oasis-duna-corralejo-fuerteventura.es.html',3,1,1,'<div id=\"TA_selfserveprop906\" class=\"TA_selfserveprop\">\r\n<ul id=\"TFEoy8Z3HzQS\" class=\"TA_links mgewsNjZeGY\">\r\n<li id=\"XiaiGPaJ600\" class=\"yOtebqGKAl\">888 opiniones sobre <a target=\"_blank\" href=\"http://www.tripadvisor.es/Hotel_Review-g580322-d287970-Reviews-Oasis_Duna_Hotel-Corralejo_La_Oliva_Fuerteventura_Canary_Islands.html\">Oasis Duna Hotel</a> en Corralejo</li>\r\n</ul>\r\n</div>\r\n<script src=\"http://www.jscache.com/wejs?wtype=selfserveprop&uniq=906&locationId=287970&lang=es&rating=true&nreviews=5&writereviewlink=true&popIdx=true&iswide=false&border=false\"></script>','49828c',3,3,NULL,15,'{\"en\":\"<p>estas son las advertencias y sugerencias del TPV impuestas por el hotel (bla, bla, bla, bla)</p>\\n\",\"es\":\"<p>1</p>\\n\"}','{\"en\":\"123\",\"es\":\"1\"}','{\"en\":\"123\",\"es\":\"1\"}','offline','',NULL,NULL,NULL,NULL),(4,'{\"es\":\"Villas Alicia\",\"en\":\"Villas Alicia\",\"de\":\"Villas Alicia\",\"fr\":\"Villas Alicia\",\"it\":\"Villas Alicia\",\"ru\":\"Villas Alicia\",\"pt\":\"Villas Alicia\"}','{\"es\":\"Complejo de Villas en Fuerteventura, Islas Canarias. En este paraso podr disfrutar de un clima maravilloso todo el ao.\"}','{\"es\":\"<p>El establecimiento Villas Alicia est&aacute; situado en Caletas de Fuste, cerca del campo de golf de Fuerteventura. Ofrece villas modernas y elegantes equipadas con una piscina y un jard&iacute;n privados, conexi&oacute;n Wi-Fi gratuita y una TV de pantalla plana.</p>\\n\\n<p>Las luminosas villas del Villas Alicia cuentan con un dormitorio con una cama doble y un dormitorio con 2 camas individuales con vistas al jard&iacute;n. Disponen adem&aacute;s de una amplia sala de estar y comedor con un reproductor de DVD y un sof&aacute; grande.</p>\\n\\n<p>La cocina cuenta con fogones, microondas, cafetera, lavavajillas y lavadora. El jard&iacute;n privado incluye un sol&aacute;rium con una barbacoa y una piscina y ofrece vistas al oc&eacute;ano Atl&aacute;ntico.</p>\\n\\n<p>Este moderno complejo de villas est&aacute; a solo 600 metros de la playa y a 8 km del aeropuerto de Fuerteventura. En Caleta de Fuste hay varios cines y un casino.</p>\\n\",\"en\":\"<p>Villas Alicia is located in Caletas de Fuste, next to Fuerteventura Golf Course. It offers stylish, modern villas with a private pool and garden, free Wi-Fi and a flat-screen TV.</p>\\n<p>The bright villas at Villas Alicia have a double bedroom and a twin bedroom, both with garden views. There is a spacious lounge-diner with a DVD player and a large sofa.</p>\\n<p>The kitchen includes a hob, microwave and coffee maker, as well as a washing machine and dishwasher. The private garden has a sun terrace with a barbecue pool and views of the Atlantic Ocean.</p>\\n<p>This modern villa complex is just 600 metres from the beach, and there are various cinemas and a casino in Caleta de Fuste. Fuerteventura Airport is 8 km away.</p>\",\"de\":\"<p>Die Villas Alicia erwarten Sie in Caletas de Fuste, direkt neben dem Golfplatz Fuerteventura. Freuen Sie sich auf stilvolle, moderne Villen mit einem eigenen Pool und Garten, kostenfreiem WLAN und einem Flachbild-TV.</p>\\n<p>Die hellen Villen der Villas Alicia bieten ein Schlafzimmer mit 1 Doppelbett und ein Schlafzimmer mit 2 Einzelbetten, beide mit Gartenblick. Zur Ausstattung gehren auch ein gerumiger Wohn- und Essbereich mit einem DVD-Player und einem groen Sofa.</p>\\n<p>Die Kche ist mit einem Kochfeld, einer Mikrowelle und einer Kaffeemaschine ausgestattet. Eine Waschmaschine und eine Splmaschine sind ebenfalls vorhanden. Der eigene Garten besticht durch eine Sonnenterrasse mit einem Pool und einem Grill sowie Blick auf den Atlantischen Ozean.</p>\\n<p>Dieser moderne Villen-Komplex liegt nur 600 m vom Strand entfernt. Der Ort Caleta de Fuste lockt mit verschiedenen Kinos und einem Casino. Vom Flughafen Fuerteventura trennen Sie 8 km.</p>\",\"fr\":\"<p>L\'tablissement Villas Alicia se situe  Caleta de Fuste,  proximit du parcours de golf de Fuerteventura. Il propose des villas modernes et lgantes avec piscine prive et jardin, une connexion Wi-Fi gratuite et une tlvision  cran plat.</p>\\n<p>Les villas lumineuses sont dotes d\'une chambre double et d\'une chambre lits jumeaux, toutes deux avec vue sur le jardin. Elles comprennent galement un grand salon/salle  manger avec un lecteur DVD et un grand canap.</p>\\n<p>La cuisine est quipe de plaques de cuisson, d\'un four micro-ondes, d\'une cafetire, d\'un lave-linge et d\'un lave-vaisselle. Le jardin priv est agrment d\'une terrasse bien expose avec barbecue et offre une vue sur l\'ocan Atlantique.</p>\\n<p>Ce complexe moderne se trouve  600 mtres de la plage. Vous trouverez plusieurs cinmas et un casino  Caleta de Fuste. L\'aroport de Fuerteventura est situ  8 km de l\'tablissement.</p>\",\"it\":\"<p>Il complesso Villas Alicia vi attende a Caletas de Fuste, nei pressi del campo da golf di Fuerteventura, e vanta ville moderne ed eleganti con piscina e giardino privati, connessione internet Wi-Fi gratuita e TV a schermo piatto.</p>\\n<p>Gli alloggi del Villas Alicia presentano una camera matrimoniale e una camera doppia con letti singoli, entrambe con vista sul giardino. Dispongono inoltre di una spaziosa area soggiorno-pranzo con lettore DVD e ampio divano.</p>\\n<p>La cucina include un piano cottura, un forno a microonde, una macchina del caff, una lavastoviglie e una lavatrice. Il giardino terrazzato privato  completo di piscina, attrezzature per il barbecue e vista sull\'Oceano Atlantico.</p>\\n<p>Questo moderno complesso di ville sorge nei pressi dei vari cinema e casin di Caleta de Fuste, a soli 600 metri dalla costa e a 8 km dall\'Aeroporto di Fuerteventura.</p>\",\"ru\":\"<p> Alicia    --,      Fuerteventura.         , ,       Wi-Fi.</p>\\n<p>  Alicia    1      2  .        .  ,      , DVD-   .</p>\\n<p>  ,  , ,      .         ,      .</p>\\n<p>       600   .  ,  --       .      8 .</p>\",\"pt\":\"<p>Villas Alicia is located in Caletas de Fuste, next to Fuerteventura Golf Course. It offers stylish, modern villas with a private pool and garden, free Wi-Fi and a flat-screen TV.</p>\\n<p>The bright villas at Villas Alicia have a double bedroom and a twin bedroom, both with garden views. There is a spacious lounge-diner with a DVD player and a large sofa.</p>\\n<p>The kitchen includes a hob, microwave and coffee maker, as well as a washing machine and dishwasher. The private garden has a sun terrace with a barbecue pool and views of the Atlantic Ocean.</p>\\n<p>This modern villa complex is just 600 metres from the beach, and there are various cinemas and a casino in Caleta de Fuste. Fuerteventura Airport is 8 km away.</p>\"}',0,'activo',NULL,'2013-11-27 15:33:41','0000-00-00 00:00:00','http://www.booking.com/hotel/es/villas-alicia.es.html',0,6,3,'','c9aa9e',3,2,1511,15,'{\"es\":\"<p>Presenta tu DNI</p>\\n\"}','{\"es\":\"- Caleta de Fuste | Sitio Oficial\"}','{\"es\":\"Villas Alicia, Villas en fuerteventura, Villas en Caleta\"}','online','UA-46337771-2',NULL,NULL,NULL,NULL),(5,'{\"es\":\"Hotel Arena\",\"en\":\"Hotel Arena\",\"de\":\"Hotel Arena\",\"fr\":\"Hotel Arena\",\"it\":\"Hotel Arena\",\"ru\":\"Hotel Arena\",\"cs\":\"Hotel Arena\",\"pt\":\"Hotel Arena\"}','{\"es\":\"1\"}','{\"es\":\"<p>Situado en el coraz&oacute;n de Corralejo, al norte de Fuenteventura, el Hotel Arena dispone de sauna, centro de fitness y una amplia piscina perfecta para relajarse bajo el sol.</p>\\n\\n<p>Disfrute de un relajante descanso en este pintoresco hotel, cuyas habitaciones disponen de aire acondicionado completo, y tienen un balc&oacute;n donde podr&aacute; disfrutar del sol.</p>\\n\\n<p>Disfrute de un paseo de unos 500 metros hasta las preciosas playas de esta isla tropical. El Hotel Arena goza de una excelente ubicaci&oacute;n para visitar los caf&eacute;s, bares y restaurantes.</p>\\n\\n<p>Tambi&eacute;n podr&aacute; saborear una sangr&iacute;a en su hamaca, alrededor de la preciosa piscina del hotel. Tambi&eacute;n hay una piscina m&aacute;s peque&ntilde;a, para ni&ntilde;os.</p>\\n\\n<p>Saboree la deliciosa comida en el restaurante del hotel. El Arena tambi&eacute;n ofrece servicios convenientes como cambio de divisas y alquiler de coches.</p>\\n\\n<p>Podr&aacute; utilizar el mostrador tur&iacute;stico y la recepci&oacute;n las 24 horas, para planear sus excursiones alrededor de la isla.</p>\\n\",\"en\":\"<p>Set in the heart of Corralejo, in northern Fuenteventura, the hotel Arena has a sauna, fitness center and large outdoor swimming pool  perfect for a relaxing vacation in the sun.</p>\\n<p>Have a relaxing break at this quaint hotel, whose rooms are fully air-conditioned and have a balcony where you can enjoy the sun.</p>\\n<p>Take the 550 yard walk down to this tropical islands beautiful beaches. The hotel Arena is well-placed to make the most of the resorts cafes, bars and restaurants.</p>\\n<p>You can also enjoy sipping sangria on a lounge chair around the hotels lovely swimming pool. There is also a smaller pool for kids.</p>\\n<p>Savor great food at the hotels restaurant. The Arena also offers convenient services such as on-site currency exchange and car rental.</p>\\n<p>You can use the tour desk and 24-hour reception to plan day trips around the island.</p>\",\"de\":\"<p>Das Hotel Arena liegt im Herzen von Corralejo in Fuenteventuras Norden und erwartet Sie mit einer Sauna, einem Fitnesscenter sowie einem groen Auenpool - perfekt fr ein erholsames Sonnenbad.</p>\\n<p>Genieen Sie einen erholsamen Aufenthalt in diesem hbschen Hotel, dessen klimatisierte Zimmer einen Balkon besitzen, von dem aus Sie die Sonne genieen knnen.</p>\\n<p>Schlendern Sie die 500 Meter hinunter zu den traumhaften Strnden dieser tropischen Insel. Das Hotel Arena befindet sich in ausgezeichneter Lage unweit vieler Cafs, Bars und Restaurants des Resorts.</p>\\n<p>Gnnen Sie sich doch einen Sangria auf einer der Sonnenliegen rund um den schnen Pool des Hotels. Es gibt auch einen kleineren Pool fr Kinder.</p>\\n<p>Das hoteleigene Restaurant verwhnt Sie mit kulinarischen Kstlichkeiten. Das Arena bietet auch praktische Dienste wie Geldwechsel im Hotel sowie eine Autovermietung.</p>\\n<p>Bei der Planung von Tagesausflgen rund um die Insel sind Ihnen der Tourenschalter und die 24-Stunden-Rezeption gerne behilflich.</p>\",\"fr\":\"<p>Situ au cur de Corralejo, au nord de Fuenteventura, l\'htel Arena dispose d\'un sauna, d\'un centre de remise en forme et d\'une grande piscine extrieure, l\'endroit idal pour se dtendre au soleil.</p>\\n<p>Relaxez-vous dans cet htel pittoresque, dont les chambres sont entirement climatises et disposent d\'un balcon o vous pouvez profiter du soleil.</p>\\n<p>Vous pourrez faire  pied les 500 mtres de sentier qui descend vers les belles plages de cette le tropicale. L\'htel Arena bnficie d\'un bon emplacement pour profiter au maximum des cafs, des bars et des restaurants de la station.</p>\\n<p>Vous pouvez galement siroter une sangria sur une chaise longue prs de la belle piscine de l\'htel. Une petite piscine pour les enfants est galement disponible.</p>\\n<p>Savourez de bons plats au restaurant de l\'htel. L\'Arena propose galement des services pratiques comme un service de change et de location de voiture sur place.</p>\\n<p>Vous pouvez utiliser le bureau d\'excursion et la rception ouverte 24h/24 pour planifier vos excursions dans l\'le.</p>\",\"it\":\"<p>Situato nel cuore di Corralejo, nella zona settentrionale di Fuenteventura, l\'Hotel Arena vanta una sauna, un centro fitness e un\'ampia piscina all\'aperto, ideale per crogiolarsi al sole.</p>\\n<p>Questa struttura pittoresca dispone di camere interamente climatizzate e provviste di balcone soleggiato.</p>\\n<p>L\'Hotel Arena dista soli 500 metri dalle splendide spiagge di questa isola tropicale. Gode inoltre di una posizione perfetta per raggiungere le caffetterie, i bar e i ristoranti di Corralejo.</p>\\n<p>Non vi  niente di meglio che sorseggiare una rinfrescante sangria sui lettini che attorniano la piscina dell\'albergo. Vi  anche una piscina pi piccola per i bambini.</p>\\n<p>Il ristorante dell\'albergo propone una cucina eccellente. L\'Arena presenta utili servizi quali il cambio valuta e l\'autonoleggio.</p>\\n<p>A vostra disposizione anche un banco escursioni e una reception aperta 24 ore su 24, dove  possibile organizzare gite giornaliere sull\'isola.</p>\",\"ru\":\"<p>   ,      Arena  , -    ,        .</p>\\n<p>       .     ,    .</p>\\n<p> 500       .  Arena    ,    .</p>\\n<p>   ,        .     .</p>\\n<p>     .  Arena    ,    ,  .</p>\\n<p>              .</p>\",\"cs\":\"<p>Hotel Arena se nachz v srdci letoviska Corajelo, na severu oblasti Fuenteventura. K dispozici je tu sauna, fitness centrum a velk venkovn bazn, jako stvoen pro relaxaci a opalovn.</p>\\n<p>ek tu na vs odpoinkov dovolen v klimatizovanch pokojch s balkonem, kde se tak mete opalovat.</p>\\n<p>Po plkilometrov prochzce vs uvtaj pekrsn ple tohoto tropickho ostrova. Hotel Arena je vhodn poloen, v blzkosti mnoha kavren a restaurac.</p>\\n<p>U hotelovho baznu si na lehtku vychutnejte sklenku sangrie. Je tu tak men bazn pro dti.</p>\\n<p>V restauraci hotelu Arena si pochutnte na vbornm jdle. Vyut mete slueb smnrny nebo pjovny aut.</p>\\n<p>Turistick informace a recepce oteven 24 hodin denn jsou tak k dispozici a pomohou vm tu naplnovat vlety po celm ostrov.</p>\",\"pt\":\"<p>O Hotel Arena est situado no centro de Corralejo, no norte de Fuenteventura, dispe de sauna, centro de fitness e piscina exterior, sendo perfeito para uma pausa relaxante ao sol.</p>\\n<p>Faa uma pausa relaxante neste acolhedor hotel, cujos quartos esto equipados com ar condicionado e uma varanda onde pode desfrutar do sol.</p>\\n<p>Faa um passeio a p de 500 metros at s belas praias desta ilha tropical. O Hotel Arena est bem posicionado para tirar o mximo proveito dos cafs, bares e restaurantes desta estncia.</p>\\n<p>Tambm poder saborear uma sangria enquanto relaxa numa espreguiadeira junto da encantadora piscina do hotel. Existe tambm uma pequena piscina para crianas.</p>\\n<p>Saboreie excelente culinria no restaurante do hotel. O Arena tambm conta com convenientes servios, como cmbio e aluguer de automveis.</p>\\n<p>Poder fazer uso do balco de turismo e da recepo 24 horas para organizar passeios dirios pela ilha.</p>\"}',0,'activo',NULL,'2013-11-27 21:55:00','0000-00-00 00:00:00','http://www.booking.com/hotel/es/arena-corralejo.es.html',4,1,1,'<div id=\"TA_selfserveprop482\" class=\"TA_selfserveprop\">\r\n<ul id=\"UNGaybVM6hx\" class=\"TA_links oa68qJfsA1Ct\">\r\n<li id=\"5cGyB6MNRf1M\" class=\"1ydUE2sCi18\">800 reviews of <a target=\"_blank\" href=\"http://www.tripadvisor.co.uk/Hotel_Review-g580322-d249517-Reviews-Hotel_Arena-Corralejo_La_Oliva_Fuerteventura_Canary_Islands.html\">Hotel Arena</a> in Corralejo</li>\r\n</ul>\r\n</div>\r\n<script src=\"http://www.jscache.com/wejs?wtype=selfserveprop&uniq=482&locationId=249517&lang=en_UK&rating=true&nreviews=5&writereviewlink=true&popIdx=true&iswide=false&border=false\"></script>','45adad',1,1,NULL,10,'{\"es\":\"<p>1</p>\\n\"}','{\"es\":\"1\"}','{\"es\":\"1\"}','offline','',NULL,NULL,NULL,NULL),(6,'{\"es\":\"Mirador de Lobos\",\"en\":\"Mirador de Lobos\",\"de\":\"Mirador de Lobos\",\"fr\":\"Mirador de Lobos\",\"pt\":\"Mirador de Lobos\"}','{\"es\":\"\"}','{\"es\":\"<p>El complejo Mirador de Lobos se encuentra justo a las afueras de Corralejo, a 10 minutos en coche de la costa. Ofrece villas de lujo con terraza amueblada y una piscina privada al aire libre.</p>\\n\\n<p>Las villas cuentan con aparcamiento gratuito y, por un suplemento, conexi&oacute;n Wi-Fi. Tambi&eacute;n tienen 1 dormitorio con 1 cama doble, caja fuerte, armario empotrado y ba&ntilde;o privado, as&iacute; como 2 dormitorios con 2 camas individuales en cada uno. Adem&aacute;s, hay un 2&ordm; ba&ntilde;o con ducha.</p>\\n\\n<p>Estas villas tambi&eacute;n incluyen una terraza con zona de barbacoa y una sala de estar con sof&aacute;, TV de pantalla plana v&iacute;a sat&eacute;lite y reproductor de DVD. La cocina est&aacute; bien equipada con nevera, microondas, cafetera, lavavajillas y lavadora.</p>\\n\\n<p>La recepci&oacute;n se encuentra en el club de golf, que tambi&eacute;n alberga un bar. Este complejo est&aacute; a pocos pasos de algunas tiendas y restaurantes, as&iacute; como a 10 minutos en coche de la playa de Corralejo.</p>\\n\",\"en\":\"<p>Mirador de Lobos offers luxury villas, each with a private outdoor pool and furnished terrace. This complex is set just outside Corralejo, 10 minutes\' drive from the coast.</p>\\n<p>Villas feature free on-site parking and Wi-Fi is available for an extra charge. Each has 3 bedrooms. One has a double bed, safe, built-in wardrobe and en suite bathroom. The others have 2 single beds in each. There is a second bathroom with a shower.</p>\\n<p>All villas have a living room with a sofa, flat-screen satellite TV and DVD player. The well-equipped kitchen comes with a fridge, microwave and coffee maker, as well as a dishwasher and washing machine. There are barbecue facilities on the terrace.</p>\\n<p>Reception is in the golf club, where there is also a snack bar. There are shops and restaurants within a short walk and Corralejo Beach is a 10-minute drive away.</p>\",\"de\":\"<p>Das Mirador de Lobos bietet luxurise Villen mit einem eigenen Auenpool und einer mblierten Terrasse. Dieser Komplex befindet sich etwas auerhalb von Corralejo, nur 10 Autominuten von der Kste entfernt.</p>\\n<p>An den Villen sind kostenfreie Parkpltze verfgbar. WLAN nutzen Sie gegen einen Aufpreis. Jede Villa verfgt ber 3 Schlafzimmer. Eines der Zimmer bietet ein Doppelbett, einen Safe, einen Einbauschrank und ein eigenes Bad. Die anderen Zimmer sind jeweils mit 2 Einzelbetten ausgestattet. Fr weiteren Komfort sorgt ein zweites Badezimmer mit einer Dusche.</p>\\n<p>Alle Villen verfgen ber ein Wohnzimmer mit einem Sofa, einem Flachbild-Sat-TV und einem DVD-Player. Die gut ausgestattete Kche ist mit einem Khlschrank, einer Mikrowelle und Kaffeemaschine sowie einer Splmaschine und einer Waschmaschine ausgestattet. Es gibt einen Grillplatz auf der Terrasse.</p>\\n<p>Die Rezeption befindet sich im Golfclub, wo es auch eine Snackbar gibt. Geschfte und Restaurants erreichen Sie schon nach einem kurzen Spaziergang. Zum Strand Corralejo fahren Sie 10 Minuten mit dem Auto.</p>\",\"fr\":\"<p>Le Mirador de Lobos propose des villas luxueuses dotes d\'une piscine extrieure prive et d\'une terrasse meuble. Ce complexe se trouve aux portes de Corralejo,  10 minutes de route de la cte.</p>\\n<p>Les villas disposent d\'un parking gratuit sur place et d\'une connexion Wi-Fi payante. Chacune d\'entre elles comprend 3 chambres. L\'une d\'entre elles est pourvue d\'un lit double, d\'un coffre-fort, d\'une armoire intgre et d\'une salle de bains privative. Les autres chambres possdent deux lits simples. Une seconde salle de bains avec une douche est mise  votre disposition.</p>\\n<p>Les hbergements comprennent un salon muni d\'un canap, d\'une tlvision par satellite  cran plat et d\'un lecteur DVD. Les cuisines bien quipes possdent un rfrigrateur, un four micro-ondes, une cafetire, un lave-vaisselle et un lave-linge. Vous trouverez un barbecue sur la terrasse.</p>\\n<p>La rception se trouve dans le club de golf, qui abrite galement un snack-bar. Vous rejoindrez les boutiques et les restaurants en quelques minutes de marche et la plage de Corralejo est accessible en 10 minutes en voiture.</p>\",\"pt\":\"<p>O Mirador de Lobos dispe de luxuosas villas, cada uma com uma piscina exterior privada e um terrao mobilado. Este complexo est situado mesmo  sada de Corralejo, a 10 minutos de carro da costa.</p>\\n<p>As villas providenciam estacionamento gratuito no local e o acesso Wi-Fi est disponvel por um custo adicional. Cada villa possui 3 quartos, um deles com cama de casal, cofre, roupeiro embutido e uma casa de banho privativa. Os outras quartos tm 2 camas individuais cada um. Existe ainda uma 2 casa de banho com um chuveiro.</p>\\n<p>Todas as villas disponibilizam uma sala de estar com um sof, uma televiso de ecr plano por satlite e um leitor de DVD. A cozinha bem equipada inclui um frigorfico, um micro-ondas, comodidades para preparar caf, uma mquina de lavar loua e uma mquina de lavar roupa. Tambm existem comodidades para churrascos no terrao.</p>\\n<p>A recepo est situada no clube de golfe, onde tambm h um snack-bar. Os hspedes podem encontrar lojas e restaurantes a uma curta caminhada, enquanto a Praia de Corralejo fica a 10 minutos de carro.</p>\"}',NULL,'activo',NULL,'2013-12-03 14:50:02','0000-00-00 00:00:00','http://www.booking.com/hotel/es/mirador-de-lobos-golf.es.html',4,1,2,'','c27ec2',1,1,NULL,NULL,NULL,NULL,NULL,NULL,NULL,NULL,NULL,NULL,NULL),(8,'{\"es\":\"Sensimar Playa La Barrosa\",\"en\":\"Sensimar Playa La Barrosa\",\"de\":\"Sensimar Playa La Barrosa\",\"fr\":\"Sensimar Playa La Barrosa\",\"it\":\"Sensimar Playa La Barrosa\",\"pt\":\"Sensimar Playa La Barrosa\"}','{\"es\":\"\"}','{\"es\":\"<p>El Sensimar Playa La Barrosa est&aacute; situado en la playa de La Barrosa, en Novo Sancti Petri, y ofrece un alojamiento moderno solo para adultos. El establecimiento dispone de piscinas cubiertas y al aire libre (en temporada), un gimnasio y un restaurante.</p>\\n\\n<p>Las amplias habitaciones del Sesimar Playa La Barrosa cuentan con aire acondicionado, balc&oacute;n, TV v&iacute;a sat&eacute;lite, minibar y ba&ntilde;o privado.</p>\\n\\n<p>El establecimiento Barrosa sirve un desayuno buf&eacute; variado, adem&aacute;s de almuerzos y cenas. El restaurante Las Marismas, situado en la terraza de la piscina, ofrece platos t&iacute;picos a la carta para el almuerzo y la cena. Adem&aacute;s, el hotel organiza un programa de animaci&oacute;n nocturno.</p>\\n\\n<p>El establecimiento Playa La Barrosa alberga una sauna y pistas de tenis. Tambi&eacute;n se ofrece un servicio de masajes por un suplemento. El hotel se encuentra rodeado de jardines y est&aacute; situado junto al club de golf de Novo Sancti Petri.</p>\\n\\n<p>Adem&aacute;s, el establecimiento La Barrosa se encuentra a 10 minutos a pie del centro de Novo Sancti Petri, a 10 km de Chiclana de la Frontera y a 40 minutos en coche de C&aacute;diz.</p>\\n\",\"en\":\"<p>Offering modern adults-only accommodation, Sensimar Playa La Barrosa is on La Barrosa Beach in Novo Sancti Petri. It features seasonal indoor and outdoor swimming pools, a gym and a restaurant.</p>\\n<p>Each spacious, air-conditioned room at Sesimar Playa La Barrosa features a balcony. There is a satellite TV, a minibar and a private bathroom.</p>\\n<p>The Barrosa offers a varied buffet breakfast, lunch and dinner.  la carte dishes featuring traditional cuisine are available for lunch and dinner in the Las Marismas Restaurant, set on the pool terrace. The hotel also offers an evening entertainment programme.</p>\\n<p>Playa La Barrosa features a sauna and tennis courts, and there is a massages service for an extra cost. Surrounded by gardens, it is set next to Novo Sancti Petri Golf Club.</p>\\n<p>The hotel is a 10-minute walk from the centre of Novo Sancti Petri, while Chiclana de la Frontera is 10 km away. Cdiz is a 40-minute drive from La Barrosa.</p>\",\"de\":\"<p>Das Sensimar Playa La Barrosa begrt Sie in Novo Sancti Petri am Strand La Barrosa mit erwachsenen Gsten vorbehaltenen Unterknften. Freuen Sie sich hier auf saisonale Innen- und Auenpools, einen Fitnessraum und ein Restaurant.</p>\\n<p>Die gerumigen, klimatisierten Zimmer im Sesimar Playa La Barrosa erwarten Sie alle mit einem Balkon. Zu einem angenehmen Aufenthalt tragen Sat-TV und eine Minibar sowie ein eigenes Bad bei.</p>\\n<p>Morgens steht im Barrosa ein abwechslungsreiches Frhstcksbuffet fr Sie bereit. Auch zum Mittag- und Abendessen knnen Sie sich an Buffets bedienen. Alternativ genieen Sie im Restaurant Las Marismas auf der Poolterrasse traditionelle -la-carte-Gerichte zum Mittag- und Abendessen. Begeistern wird Sie das Unterhaltungsprogramm am Abend.</p>\\n<p>Entspannen Sie sich in der Sauna des Playa La Barrosa oder gnnen Sie sich eine Massage gegen Aufpreis. Spielen Sie auch eine Partie auf einem der Tennispltze. Erholsame Momente versprechen die Grten rund um die Unterkunft. Sie wohnen hier neben dem Club de Golf Novo Sancti Petri.</p>\\n<p>Erkunden Sie auch das nur 10 Gehminuten entfernte Zentrum von Novo Sancti Petri. Chiclana de la Frontera befindet sich 10 km entfernt. Cdiz erreichen Sie vom La Barrosa aus nach einer 40-mintigen Autofahrt.</p>\",\"fr\":\"<p>Install au bord de la plage de la Barrosa, dans le village ctier de Novo Sancti Petri, le Sensimar Playa La Barrosa vous propose un hbergement moderne rserv aux adultes. Le complexe comprend des piscines intrieure et extrieure ouvertes en saison, une salle de sport ainsi qu\'un restaurant.</p>\\n<p>Toutes les chambres sont spacieuses, climatises et dotes d\'un balcon. Elles disposent galement d\'une tlvision par satellite, d\'un minibar et d\'une salle de bains privative.</p>\\n<p>Vous pourrez profiter d\'un petit-djeuner buffet vari au restaurant Barrosa, qui sert galement le djeuner et le dner. Situ sur la terrasse au bord de la piscine, le restaurant Las Marismas propose des plats traditionnels  la carte pour le djeuner et le dner. L\'htel assure galement un programme d\'animations en soire.</p>\\n<p>Le Sensimar Playa La Barrosa abrite un sauna, des courts de tennis et des massages sont disponibles moyennant des frais supplmentaires. Entour de jardins, l\'htel se trouve  ct du parcours de golf de Novo Sancti Petri.</p>\\n<p>Vous rejoindrez le centre de Novo Sancti Petri en 10 minutes de marche, tandis que Chiclana de la Frontera se situe  10 km de l\'htel. La ville de Cadix est accessible en 40 minutes en voiture.</p>\",\"it\":\"<p>Il Sensimar Playa La Barrosa offre moderne sistemazioni riservate agli adulti a Novo Sancti Petri, sulla spiaggia di La Barrosa. Qui vi attendono piscine stagionali al coperto e all\'aperto, una palestra e un ristorante.</p>\\n<p>Le camere del Sesimar Playa La Barrosa, tutte spaziose, sono dotate di aria condizionata, balcone, TV satellitare, minibar e bagno privato.</p>\\n<p>Il Barrosa propone la variegata colazione, il pranzo e la cena a buffet. A pranzo e a cena potrete inoltre gustare ricette tradizionali  la carte presso il ristorante Marismas, sulla terrazza a bordo piscina. Siete invitati a partecipare anche al programma di intrattenimento serale.</p>\\n<p>Il Playa La Barrosa fornisce massaggi a pagamento, una sauna e i campi da tennis. Immersa in un giardino, la struttura  posizionata accanto al Golf Club Novo Sancti Petri.</p>\\n<p>L\'hotel La Barrosa dista 10 minuti a piedi dal centro di Novo Sancti Petri, 10 km da Chiclana de la Frontera e 40 minuti d\'auto da Cadice.</p>\",\"pt\":\"<p>O Sensimar Playa La Barrosa oferece acomodaes modernas apenas para adultos e fica localizado na Praia La Barrosa, em Novo Sancti Petri. A propriedade oferece piscina sazonal coberta e ao ar livre, academia e restaurante.</p>\\n<p>Cada quarto espaoso do Sensimar Playa La Barrosa dispe de ar-condicionado e de varanda. H uma TV via satlite, frigobar e banheiro privativo.</p>\\n<p>O Barrosa oferece buffet de caf-da-manh variado, almoo e jantar. Os pratos  la carte de culinria tradicional esto disponveis para o almoo e jantar no Restaurante Las Marismas, situado no terrao da piscina. O hotel tambm oferece programa de lazer  noite.</p>\\n<p>O Playa La Barrosa dispe de sauna e de quadras de tnis, bem como o servio de massagem est disponvel por um custo extra. A propriedade  rodeada por jardins e fica situada prxima ao Clube de Golfe Novo Sancti Petri.</p>\\n<p>O hotel fica a 10 minutos de caminhada do centro de Novo Sancti Petri, enquanto Chiclana de la Frontera fica a 10 km de distncia. J Cdiz fica a 40 minutos de carro do La Barrosa.</p>\"}',NULL,'activo',NULL,'2013-12-05 18:16:39','0000-00-00 00:00:00','http://www.booking.com/hotel/es/hipotels-playa-la-barrosa.es.html',4,1,1,'<div id=\"TA_selfserveprop881\" class=\"TA_selfserveprop\">\r\n<ul id=\"BCQj3n6paq\" class=\"TA_links tKMPhD\">\r\n<li id=\"rGo37zqXCFe\" class=\"yUMm71\">62 opiniones sobre <a target=\"_blank\" href=\"http://www.tripadvisor.es/Hotel_Review-g187433-d504718-Reviews-Sensimar_Playa_la_Barrosa-Chiclana_de_la_Frontera_Costa_de_la_Luz_Andalucia.html\">Sensimar Playa la Barrosa</a> en Chiclana de la Frontera</li>\r\n</ul>\r\n</div>\r\n<script src=\"http://www.jscache.com/wejs?wtype=selfserveprop&uniq=881&locationId=504718&lang=es&rating=true&nreviews=5&writereviewlink=true&popIdx=true&iswide=false&border=false\"></script>','5688a3',1,1,NULL,NULL,NULL,NULL,NULL,NULL,NULL,NULL,NULL,NULL,NULL),(9,'{\"es\":\"Park Hyatt Milano\",\"en\":\"Park Hyatt Milano\",\"it\":\"Park Hyatt Milano\"}','{\"es\":\"\"}','{\"es\":\"<p>El Park Hyatt Milano est&aacute; en la entrada de la Galleria Vittorio Emanuele, en el centro del distrito de la moda, a 200 metros de la catedral y el teatro La Scala. Las habitaciones, amplias y lujosas, ofrecen conexi&oacute;n Wi-Fi gratuita. El spa y el gimnasio abren las 24 horas.</p>\\n\\n<p>Las habitaciones del Park Hyatt presentan una decoraci&oacute;n elegante y tienen amplios ba&ntilde;os de m&aacute;rmol. Algunas disponen de terraza privada con vistas panor&aacute;micas a la ciudad.</p>\\n\\n<p>El hotel cuenta con 2 restaurantes, La Cupola Lounge y el VUN, galardonado con una estrella Michelin. En el bar, de ambiente elegante, se elaboran c&oacute;cteles.</p>\\n\\n<p>En 2012 el establecimiento recibi&oacute; el premio internacional al mejor servicio otorgado por la revista Travel + Leisure.</p>\\n\",\"en\":\"<p>Facing the entrance of the Galleria Vittorio Emanuele, Park Hyatt Milano is in the heart of the fashion district, 650 ft from the cathedral and La Scala Theatre. The spacious, luxurious rooms include free Wi-Fi. The spa and gym are available 24 hours a day.</p>\\n<p>Rooms at the Park Hyatt feature elegant dcor and large marble bathrooms. Some rooms are complete with a private terrace with views of the city\'s skyline.</p>\\n<p>The hotel has 2 restaurants, the Michelin-starred VUN and La Cupola Lounge. The bar serves fine cocktails in elegant surroundings.</p>\\n<p>The property received the 2012 World\'s Best Service Award by Travel + Leisure.</p>\",\"it\":\"<p>Situato di fronte all\'ingresso della Galleria Vittorio Emanuele II, nel cuore del quadrilatero della moda e a 200 metri dal Duomo e dal Teatro alla Scala, il Park Hyatt Milano offre un centro benessere e una palestra, operativi 24 ore su 24, e spaziosecamere di lusso, dotate della connessione Wi-Fi gratuita.</p>\\n<p>Le sistemazioni del Park Hyatt vantano tutte arredi eleganti eun grande bagno in marmo, mentre alcune dispongono di terrazza privata con viste sullo skyline della citt.</p>\\n<p>L\'hotel ospita 2 ristoranti, il VUN con stella Michelin e il La Cupola Lounge, e un bar, dove potrete sorseggiare ottimi cocktail in un ambienteraffinato.</p>\\n<p>La struttura ha ricevuto il premio per il Miglior Servizio al Mondo del 2012 dalla rivista Travel + Leisure.</p>\"}',NULL,'activo',NULL,'2013-12-06 10:40:35','0000-00-00 00:00:00','http://www.booking.com/hotel/it/park-hyatt-milano.es.html',5,2,1,'<div id=\"TA_selfserveprop212\" class=\"TA_selfserveprop\">\r\n<ul id=\"MQ4R50Dk21g\" class=\"TA_links WSjYSx\">\r\n<li id=\"Z8VINePZcPb\" class=\"Jy4b6i\">142 opiniones sobre <a target=\"_blank\" href=\"http://www.tripadvisor.es/Restaurant_Review-g187849-d2361569-Reviews-VUN_al_Park_Hyatt_Milano-Milan_Lombardy.html\">VUN al Park Hyatt Milano</a> en Miln</li>\r\n</ul>\r\n</div>\r\n<script src=\"http://www.jscache.com/wejs?wtype=selfserveprop&uniq=212&locationId=2361569&lang=es&rating=true&nreviews=5&writereviewlink=true&popIdx=true&iswide=false&border=false\"></script>\r\n','c4c4b2',1,1,NULL,NULL,NULL,NULL,NULL,NULL,NULL,NULL,NULL,NULL,NULL),(12,'{\"es\":\"Apartamentos Dunas Club\",\"en\":\"Apartamentos Dunas Club\",\"de\":\"Apartamentos Dunas Club\",\"fr\":\"Apartamentos Dunas Club\",\"it\":\"Apartamentos Dunas Club\",\"pt\":\"Apartamentos Dunas Club\"}','{\"es\":\"\"}','{\"es\":\"<p>Este establecimiento, situado frente al mar, junto a la playa de Corralejo, en Fuerteventura, ofrece apartamentos con un balc&oacute;n amueblado y vistas a la isla de Lobos. Los Apartamentos Dunas Club tambi&eacute;n albergan una piscina al aire libre.</p>\\n\\n<p>El Dunas presenta una decoraci&oacute;n sencilla y luminosa en todas sus instalaciones. Los apartamentos disponen de TV v&iacute;a sat&eacute;lite, una zona de estar amplia y una zona de cocina bien equipada.</p>\\n\\n<p>El restaurante del hotel ofrece servicio de desayuno y platos a la carta de cocina canaria e internacional. Adem&aacute;s, podr&aacute; elegir entre el r&eacute;gimen de alojamiento y desayuno, de media pensi&oacute;n o de pensi&oacute;n completa. Tambi&eacute;n hay conexi&oacute;n Wi-Fi gratuita en el restaurante.</p>\\n\\n<p>El Dunas Club est&aacute; situado a 3 minutos a pie del centro de Corralejo y a 100 metros del puerto deportivo de la localidad, donde tienen parada los ferris con destino a Lanzarote. El parque nacional de las Dunas de Corralejo se encuentra a unos 5 km.</p>\\n\",\"en\":\"<p>These seafront apartments are next to Fuerteventuras Corralejo Beach, with views of Lobos Island. Apartamentos Dunas Club feature an outdoor swimming pool and apartments with furnished balconies.</p>\\n<p>The Dunas features simple, bright dcor. Its apartments have spacious sitting areas with satellite TV, and well-equipped kitchenettes.</p>\\n<p>Breakfast is served in the hotel restaurant, where Canarian and international cuisine are served. Guests can enjoy menu dining in breakfast-only, half board and full board meal plans. Free Wi-Fi is available in the restaurant.</p>\\n<p>The Dunas Club is a 3 minute walk from the center of Corralejo and 100 yards from the resorts marina, where ferries leave for Lanzarote. Dunas de Corralejo Nature Reserve and its sand dunes are approximately 3 miles away.</p>\",\"de\":\"<p>Diese am Meer gelegenen Apartments begren Sie in der Nhe des Strands von Corralejo auf Fuerteventura mit Aussicht auf die Insel Lobos. In den Apartamentos Dunas Club erwarten Sie ein Auenpool und Apartments mit mbliertem Balkon.</p>\\n<p>Das Dunas bietet durchweg schlichtes und helles Dekor. Die Apartments verfgen ber einen gerumigen Sitzbereich mit Sat-TV und eine gut ausgestattete Kchenzeile.</p>\\n<p>Morgens erhalten Sie Ihr Frhstck im Restaurant des Hotels, in dem kanarische und internationale Kche serviert werden. Sie knnen  la carte speisen, unabhngig davon, ob Sie Frhstck, Halbpension oder Vollpension gebucht haben. Im Restaurant steht Ihnen kostenfreies WLAN zur Verfgung.</p>\\n<p>Der Dunas Club liegt einen 3-mintigen Spaziergang vom Zentrum Corralejos sowie 100 Meter vom Jachthafen des Ferienortes entfernt, an dem die Schiffe nach Lanzarote ablegen. Das Naturschutzgebiet Dunas de Corralejo und die Sanddnen erreichen Sie nach etwa 5 km.</p>\",\"fr\":\"<p>Offrant une vue sur l\'le de Lobos, ces appartements en bord de mer se trouvent  proximit de la plage de Corralejo sur l\'le de Fuerteventura. L\'tablissement Apartamentos Dunas Club propose une piscine extrieure et des hbergements avec balcons meubls</p>\\n<p>La dcoration du Dunas est sobre et lumineuse. Ses appartement comprennent un grand coin salon dot de la tlvision par satellite ainsi qu\'une kitchenette bien quipe.</p>\\n<p>Le petit-djeuner est servi dans le restaurant de l\'htel, o vous pourrez galement dguster une cuisine internationale ou des spcialits typiques des les Canaries. Vous aurez le choix entre les formules avec petit-djeuner seul, en demi-pension ou en pension complte. Vous pourrez en outre profiter de la slection de plats  la carte. Une connexion Wi-Fi est disponible gratuitement dans le restaurant.</p>\\n<p>Le Dunas Club est situ  3 minutes de marche du centre de Corralejo et  100 mtres du port de plaisance, d\'o partent les ferries  destination de Lanzarote. La rserve naturelle des Dunas de Corralejo et ses dunes de sable se trouvent  environ 5 km.</p>\",\"it\":\"<p>Ubicato di fronte al mare, vicino alla spiaggia di Corralejo a Fuerteventura, con vista sull\'Isola di Lobos, l\'Apartamentos Dunas Club vanta appartamenti con balconi arredati e una piscina all\'aperto.</p>\\n<p>Il Dunas, arredato in modo semplice e vivace, propone alloggi provvisti di una spaziosa area salotto con TV satellitare e di un angolo cottura ben attrezzato.</p>\\n<p>Il ristorante dell\'hotel, coperto dalla connessione Wi-Fi gratuita, offre trattamenti di sola colazione, di mezza pensione e di pensione completa, con un men alla carta di cucina delle Canarie e internazionale.</p>\\n<p>Il Dunas Club dista 3 minuti a piedi dal centro di Corralejo, 100 metri dal porto turistico della localit, da dove partono i traghetti per Lanzarote, e 5 km dalla Riserva Naturale Dunas de Corralejo, con le sue dune di sabbia.</p>\",\"pt\":\"<p>Estes apartamentos  beira-mar ficam prximos  Praia Corralejo, em Fuerteventura, e tm vista para a Ilha dos Lobos. O Apartamentos Dunas Club oferece uma piscina ao ar livre e acomodaes com varanda mobiliada.</p>\\n<p>O Dunas apresenta uma decorao simples em cores claras, e dispe de apartamentos com uma rea de estar espaosa, TV via satlite e uma cozinha compacta bem-equipada.</p>\\n<p>Voc pode saborear o caf-da-manh no restaurante do hotel, que serve pratos internacionais e especialidades das Canrias. Refeies  la carte so servidas para os regimes com caf-da-manh includo, meia-penso e penso completa. O Wi-Fi est disponvel gratuitamente no restaurante.</p>\\n<p>O Dunas Club fica a 3 minutos a p do centro de Corralejo e a 100 m da marina do resort, de onde partem as balsas para Lanzarote. Aproveite para conhecer as dunas da Reserva Natural Dunas de Corralejo, situada a 5 km da propriedade.</p>\"}',NULL,'activo',NULL,'2013-12-08 19:26:43','0000-00-00 00:00:00','http://www.booking.com/hotel/es/apartamentos-dunas-club.es.html',3,1,1,'<div id=\"TA_selfserveprop276\" class=\"TA_selfserveprop\">\r\n<ul id=\"7MbRX5\" class=\"TA_links HUZfLPkBI22n\">\r\n<li id=\"0GlSgfdwLqhI\" class=\"ar5lqYTSPD4B\">461 opiniones sobre <a target=\"_blank\" href=\"http://www.tripadvisor.es/Hotel_Review-g580322-d288580-Reviews-Apartamentos_Dunas_Club-Corralejo_La_Oliva_Fuerteventura_Canary_Islands.html\">Apartamentos Dunas Club</a> en Corralejo</li>\r\n</ul>\r\n</div>\r\n<script src=\"http://www.jscache.com/wejs?wtype=selfserveprop&uniq=276&locationId=288580&lang=es&rating=true&nreviews=5&writereviewlink=true&popIdx=true&iswide=false&border=false\"></script>','6b6b6b',1,1,1485,15,'{\"es\":\"\"}',NULL,NULL,NULL,NULL,NULL,NULL,NULL,NULL),(13,'{\"es\":\"Suite Hotel Atlantis Fuerteventura Resort\",\"en\":\"Suite Hotel Atlantis Fuerteventura Resort\",\"de\":\"Suite Hotel Atlantis Fuerteventura Resort\",\"fr\":\"Suite Hotel Atlantis Fuerteventura Resort\",\"it\":\"Suite Hotel Atlantis Fuerteventura Resort\",\"pt\":\"Suite Hotel Atlantis Fuerteventura Resort\"}','{\"es\":\"\"}','{\"es\":\"<p>Este complejo de estilo todo incluido est&aacute; situado a 100 metros de la playa de Corralejo, en la costa norte de Fuerteventura. Ofrece 7 piscinas, spa, gimnasio y suites amplias con balc&oacute;n privado.</p>\\n\\n<p>Las habitaciones del Suite Hotel Atlantis Fuerteventura Resort disponen de aire acondicionado, suelo de baldosa, muebles elegantes, TV v&iacute;a sat&eacute;lite y ba&ntilde;o privado con secador de pelo.</p>\\n\\n<p>El Suite Hotel Atlantis Fuerteventura Resort alberga 3 restaurantes, que incluyen opciones de estilo buf&eacute; y a la carta. Tambi&eacute;n cuenta con 4 bares, como un bar c&oacute;cteles y un bar junto a la piscina.</p>\\n\\n<p>El Atlantis Fuerteventura tiene un anfiteatro donde se ofrecen clases de gimnasia, un club de playa exclusivo y un supermercado. El aeropuerto de Fuerteventura se encuentra a unos 40 minutos en coche del complejo.</p>\\n\",\"en\":\"<p>This all-inclusive resort is 325 ft from the Corralejo Beach, on Fuerteventuras north coast. It features 7 swimming pools, a spa, fitness center and large suites with private balconies.</p>\\n<p>The air-conditioned rooms at Suite Hotel Atlantis Fuerteventura Resort feature tile floors and smart furniture. They come equipped with satellite TV and the private bathrooms have a hairdryer.</p>\\n<p>The Suite Hotel Atlantis Fuerteventura Resort has 3 restaurants, including buffet and menu options. There are also 4 bars, such as a cocktail bar and a poolside snack bar.</p>\\n<p>The Atlantis Fuerteventuras recreational facilities include an amphitheater where various fitness classes take place. There is also an exclusive beach club and a grocery store on site. Fuerteventura Airport is around a 40-minute drive from the hotel.</p>\",\"de\":\"<p>Dieses All-inclusive-Resort begrt Sie an der Nordkste Fuerteventuras, nur 100 m vom Strand Corralejo entfernt. Freuen Sie sich auf 7 Pools, einen Wellnessbereich, ein Fitnesscenter und groe Suiten mit eigenem Balkon.</p>\\n<p>Die klimatisierten Zimmer des Suite Hotel Atlantis Fuerteventura Resort sind mit Fliesenbden und eleganten Mbeln ausgestattet. Die Zimmer bieten Sat-TV und ein eigenes Bad mit einem Haartrockner.</p>\\n<p>Im Suite Hotel Atlantis Fuerteventura Resort erwarten Sie 3 Restaurants, in denen Sie sich am Buffet bedienen oder  la carte speisen knnen. Darber hinaus laden 4 Bars, darunter eine Cocktailbar und eine Poolbar zum Verweilen ein.</p>\\n<p>Zu den Freizeiteinrichtungen des Atlantis Fuerteventura gehrt ein Amphitheater, in dem verschiedene Fitnesskurse stattfinden. Ein exklusiver Strandclub und ein Supermarkt auf dem Gelnde tragen ebenfalls zu einem angenehmen Aufenthalt bei. Den Flughafen Fuerteventura erreichen Sie vom Hotel nach einer 40-mintigen Fahrt.</p>\",\"fr\":\"<p>Le complexe tout compris Suite Hotel Atlantis Fuerteventura Resort est implant  100 mtres de la plage de Corralejo, sur la cte nord de Fuerteventura. Il abrite 7 piscines, un spa, un centre de remise en forme et de grandes suites bnficiant d\'un balcon priv.</p>\\n<p>Les chambres climatises de l\'tablissement prsentent du carrelage et un mobilier lgant. Elles sont quipes d\'une tlvision par satellite. Les salles de bains privatives comportent un sche-cheveux.</p>\\n<p>Le Suite Hotel Atlantis Fuerteventura Resort dispose de 3 restaurants proposant des plats  la carte et un buffet. Il possde galement 4 bars, dont un bar  cocktails et un snack-bar amnag prs de la piscine.</p>\\n<p>Les installations de loisirs de l\'Atlantis Fuerteventura incluent un amphithtre o divers cours de remise en forme sont dispenss. Vous trouverez galement un club de plage exclusif et un supermarch sur place. L\'aroport de Fuerteventura est  environ 40 minutes en voiture de l\'htel.</p>\",\"it\":\"<p>Situato sulla costa settentrionale di Fuerteventura, a 100 metri dalla spiaggia di Corralejo, questo resort all inclusive vanta 7 piscine, un centro benessere, un centro fitness e ampie suite con balcone privato.</p>\\n<p>Caratterizzate da pavimenti piastrellati e da arredi eleganti, le sistemazioni del Suite Hotel Atlantis Fuerteventura Resort dispongono di aria condizionata, TV satellitare e bagno privato con asciugacapelli.</p>\\n<p>Il Suite Hotel Atlantis Fuerteventura Resort ospita 3 ristoranti, con opzioni a buffet e alla carta, e 4 bar, tra cui un cocktail bar e uno snack bar a bordo piscina.</p>\\n<p>Tra le strutture ricreative dell\'Atlantis Fuerteventura figura un anfiteatro dove si tengono diverse lezioni di fitness. Provvista di un esclusivo stabilimento balneare e di un supermercato, la struttura sorge a circa 40 minuti d\'auto dall\'Aeroporto di Fuerteventura.</p>\",\"pt\":\"<p>Este resort com regime tudo incluso est localizado a 100 m da Praia de Correlejo, na costa norte de Fuerteventura. A propriedade oferece 7 piscinas, spa, academia e sutes grandes com varandas privativas.</p>\\n<p>As acomodaes do Suite Hotel Atlantis Fuerteventura Resort so climatizadas e dispem de piso frio, mveis elegantes e TV via satlite. Os banheiros privativos incluem secador de cabelo.</p>\\n<p>O Suite Hotel Atlantis Fuerteventura Resort conta com 3 restaurantes, que incluem opes de buffet e  la carte. Tambm possui 4 bares, como um bar de coquetis e uma lanchonete  beira da piscina.</p>\\n<p>A propriedade tem ainda um anfiteatro, onde voc pode desfrutar de vrias aulas de ginstica, bem como um clube de praia exclusivo e um supermercado no local. O Aeroporto de Fuerteventura fica a 40 minutos de carro do hotel.</p>\"}',NULL,'activo',NULL,'2013-12-08 19:37:44','0000-00-00 00:00:00','http://www.booking.com/hotel/es/suite-atlantis-fuerteventura-resort.es.html',4,1,1,'<div id=\"TA_selfserveprop928\" class=\"TA_selfserveprop\">\r\n<ul id=\"krNoVpH\" class=\"TA_links c4hQPH0\">\r\n<li id=\"whc1rRLieQG\" class=\"s43i8HM5\">2063 opiniones sobre <a target=\"_blank\" href=\"http://www.tripadvisor.es/Hotel_Review-g580322-d573425-Reviews-Suite_Hotel_Atlantis_Fuerteventura_Resort-Corralejo_La_Oliva_Fuerteventura_Canary_Islan.html\">Suite Hotel Atlantis Fuerteventura Resort</a> en Corralejo</li>\r\n</ul>\r\n</div>\r\n<script src=\"http://www.jscache.com/wejs?wtype=selfserveprop&uniq=928&locationId=573425&lang=es&rating=true&nreviews=5&writereviewlink=true&popIdx=true&iswide=false&border=false\"></script>','79748a',1,1,NULL,NULL,NULL,NULL,NULL,NULL,NULL,NULL,NULL,NULL,NULL),(14,'{\"es\":\"Beatriz Costa & Spa\",\"en\":\"Beatriz Costa & Spa\",\"de\":\"Beatriz Costa & Spa\",\"fr\":\"Beatriz Costa & Spa\",\"it\":\"Beatriz Costa & Spa\",\"pt\":\"Beatriz Costa & Spa\"}','{\"es\":\"\"}','{\"es\":\"<p>El Beatriz Costa &amp; Spa se encuentra en una zona tranquila de Costa Teguise, cerca de espectaculares jardines, cascadas y lagos que recorren todo el interior la regi&oacute;n.</p>\\n\\n<p>El complejo cuenta con un centro de talasoterapia y un centro deportivo en el que podr&aacute; practicar tenis y minigolf. Uno de los principales atractivos de este establecimiento son los 2.000 m&sup2; de piscinas de agua salada situadas en medio de este jard&iacute;n tropical. Una de las piscinas est&aacute; climatizada y otra es para ni&ntilde;os.</p>\\n\\n<p>El hotel alberga 3 restaurantes de tipo buf&eacute;, entre ellos un restaurante oriental. Tambi&eacute;n hay cocina a la vista.</p>\\n\\n<p>Se proporciona servicio de traslado gratuito a la playa de Las Cucharas y al centro de Costa Teguise. Semanalmente, se organiza un servicio gratuito de traslado a Arrecife.</p>\\n\",\"en\":\"<p>Beatriz Costa & Spa is in a tranquil area of the Costa Teguise and features nearby spectacular gardens, waterfalls and lakes within the region.</p>\\n<p>The complex features facilities to help you both be active and relax, including a Talasoterapia center and a sports center for the practice of tennis and mini-golf. One of the main attractions in this establishment are the 21,528 ft of salt water swimming pools in the middle of the tropical grounds. One pool is heated and there is another for children.</p>\\n<p>The hotel has 3 restaurants, including an Oriental restaurant, all serving buffet meals. Show cooking is also available.</p>\\n<p>There is a free daily shuttle service to Las Cucharas Beach and the center of Costa Teguise. There is also a free weekly shuttle service to Arrecife.</p>\",\"de\":\"<p>Das Beatriz Costa & Spa liegt in einer ruhigen Gegend an der Costa Teguise. Ganz in der Nhe befinden sich spektakulre Grten, Wasserflle und Seen, die den Charakter der Region widerspiegeln.</p>\\n<p>Der Komplex verfgt ber Einrichtungen wie ein Thalassotherapiezentrum und ein Sportzentrum, in dem Sie Tennis und Minigolf spielen knnen. Die wichtigsten Attraktionen dieser Anlage sind die 2000 m groen Salzwasserpools in der Mitte des tropischen Gartens. Ein Pool ist beheizt und ein weiterer fr Kinder.</p>\\n<p>Das Hotel verfgt ber 3 Restaurants die Ihnen Buffets servieren, darunter ein orientalisches Restaurant. Show-Kche wird ebenfalls angeboten.</p>\\n<p>Tglich verkehrt ein kostenfreier Shuttleservice zum Strand Las Cucharas und ins Zentrum von Costa Teguise. Zudem fhrt jede Woche ein kostenloser Shuttleservice nach Arrecife.</p>\",\"fr\":\"<p>Situ dans un quartier paisible de Costa Teguise, le Beatriz Costa & Spa se trouve  proximit de jardins spectaculaires, de cascades et de lacs qui font la renomme de cette rgion.</p>\\n<p>Le complexe est dot d\'installations permettant  la fois de vous dpenser et de vous dtendre, telles qu\'un centre de thalassothrapie et un centre sportif pour pratiquer le tennis et le minigolf. Au cur du jardin tropical de l\'tablissement se trouvent 2 000 m de piscines d\'eau sale. L\'une des piscines est chauffe, tandis qu\'une autre est rserve aux enfants.</p>\\n<p>L\'htel abrite 3 restaurants, dont un restaurant oriental, qui proposent tous des repas sous forme de buffets. Il possde galement une cuisine ouverte.</p>\\n<p>Un service de navette  destination de la plage de Las Cucharas et du centre de Costa Teguise est disponible gratuitement tous les jours. Un service de navette gratuit pour Arrecife est galement assur une fois par semaine.</p>\",\"it\":\"<p>Ubicato in una zona tranquilla di Costa Teguise, il Beatriz Costa & Spa sorge nei pressi degli spettacolari parchi, cascate e laghi cherendono l\'entroterra della regione davvero unico.</p>\\n<p>Il complesso offre servizi pensati sia per gli ospiti che intendono mantenersi in forma che per coloro che desiderano rilassarsi, tra cui un centro di talassoterapia e un impianto sportivo con campi da tennis e minigolf. Tra le principali attrazioni della struttura spiccano le piscine di acqua salata di 2000 m, situate nel cuore di un giardino tropicale. Una delle piscine  riscaldata e l\'altra  riservata ai bambini.</p>\\n<p>Il Beatriz Costa & Spa ospita 3 ristoranti a buffet, compreso uno di cucina orientale. Imperdibili gli spettacoli di show cooking.</p>\\n<p>A vostra disposizione gratuita la navetta giornaliera per la spiaggia Las Cucharas e per il centro di Costa Teguise e il servizio di trasferimento settimanale per Arrecife.</p>\",\"pt\":\"<p>O Beatriz Costa & Spa est situado em uma rea tranquila de Costa Teguise e possui fantsticos jardins prximos, cachoeiras e lagos que adornam o interior da regio.</p>\\n<p>O complexo dispe de instalaes voltadas para ajud-lo tanto a ser ativo quanto a relaxar, incluindo um centro de Talasoterapia e um centro de esportes para a prtica de tnis e mini-golfe. Uma das principais atraes deste estabelecimento so os 2000 m de piscinas salgadas, situado no meio deste jardim. H uma piscina aquecida e outra para crianas.</p>\\n<p>O hotel tem trs restaurantes, um deles de comida oriental, e todos eles com refeies em estilo buffet. Alm disso, cozinha ao vivo tambm est disponvel.</p>\\n<p>Voc pode contar com um servio dirio de translado para a praia Las Cucharas e para o centro de Costa Teguise. H tambm um servio de translado gratuito semanal para Arrecife.</p>\"}',NULL,'activo',NULL,'2013-12-08 21:23:32','0000-00-00 00:00:00','http://www.booking.com/hotel/es/beatriz-costa-spa.es.html',4,3,4,'<div id=\"TA_selfserveprop364\" class=\"TA_selfserveprop\">\r\n<ul id=\"d7KOYDr8\" class=\"TA_links HSAQjWqa4\">\r\n<li id=\"yKSqI5\" class=\"G0IHnS\">1003 opiniones sobre <a target=\"_blank\" href=\"http://www.tripadvisor.es/Hotel_Review-g659633-d291300-Reviews-Hotel_Beatriz_Costa_Spa-Costa_Teguise_Lanzarote_Canary_Islands.html\">Hotel Beatriz Costa & Spa</a> en Costa Teguise</li>\r\n</ul>\r\n</div>\r\n<script src=\"http://www.jscache.com/wejs?wtype=selfserveprop&uniq=364&locationId=291300&lang=es&rating=true&nreviews=5&writereviewlink=true&popIdx=true&iswide=false&border=false\"></script>','c2c2c2',3,3,NULL,NULL,NULL,NULL,NULL,NULL,NULL,NULL,NULL,NULL,NULL),(15,'{\"es\":\"Elba Palace Golf Fuerteventura G.L.\",\"en\":\"Elba Palace Golf Fuerteventura G.L.\",\"de\":\"Elba Palace Golf Fuerteventura G.L.\",\"fr\":\"Elba Palace Golf Fuerteventura G.L.\",\"it\":\"Elba Palace Golf Fuerteventura G.L.\",\"pt\":\"Elba Palace Golf Fuerteventura G.L.\"}','{\"es\":\"\"}','{\"es\":\"<p>El Elba Palace, con una ubicaci&oacute;n tranquila en la zona de Caleta de Fuste, ofrece piscinas, pistas de tenis y un elegante restaurante y&nbsp;es el&nbsp;club social del campo de golf Fuerteventura Golf Club.</p>\\n\\n<p>Las amplias habitaciones del Elba Palace Golf Fuerteventura G.L. disponen de conexi&oacute;n Wi-Fi gratuita, aire acondicionado y un balc&oacute;n privado. Todas incluyen TV v&iacute;a sat&eacute;lite con reproductor de DVD y el amplio ba&ntilde;o est&aacute; equipado con lavabo doble, ba&ntilde;era y ducha independientes y un bid&eacute;.</p>\\n\\n<p>El impresionante edificio del Elba presenta un estilo arquitect&oacute;nico tradicional canario y cuenta con&nbsp;altas palmeras, suelo de baldosa y una magn&iacute;fica l&aacute;mpara de ara&ntilde;a. El hotel tambi&eacute;n dispone de un bonito patio central.</p>\\n\\n<p>Podr&aacute; disfrutar de comidas gourmet, como crepes y tortillas hechas sobre pedido, en la terraza al aire libre con vistas al campo de golf.</p>\\n\\n<p>A su llegada se entrega a los hu&eacute;spedes una tarjeta Elba Palace Golf, que ofrece descuentos en varios restaurantes, piscinas y gimnasios de la zona.</p>\\n\\n<p>Hay aparcamiento gratuito en el hotel y se proporciona un servicio de traslado en autob&uacute;s a la playa y al centro comercial m&aacute;s cercanos.</p>\\n\",\"en\":\"<p>With swimming pools, tennis courts and an elegant restaurant, the Elba Palace is also the club house for the Fuerteventura Golf Club. It has a quiet location in Caleta de Fuste.</p>\\n<p>Each spacious room at Elba Palace Golf Fuerteventura G.L. features free Wi-Fi, air conditioning and a private balcony. All have satellite TV with DVD player. The large bathroom comes with a double sink, separate bathtub and shower and a bidet.</p>\\n<p>The Elbas impressive building boasts traditional Canarian architecture. It has tall palm trees, tiled floors and a grand chandelier. Guests can relax on the beautiful central courtyard.</p>\\n<p>Gourmet meals are served out on the open-air terrace, with views of the golf course. Options include crepes and omelets, made to order.</p>\\n<p>Free parking is offered at the hotel. A shuttle bus is available to the nearest beach and shopping center.</p>\",\"de\":\"<p>Mit Swimmingpools, Tennispltzen und einem eleganten Restaurant erwartet Sie das Elba Palace, das zugleich das Clubhaus des Golfclubs Fuerteventura ist. Das Hotel geniet eine ruhige Lage in Caleta de Fuste.</p>\\n<p>Die gerumigen Zimmer im Elba Palace Golf Fuerteventura G.L. verfgen ber kostenfreies WLAN, eine Klimaanlage, einen eigenen Balkon, Sat-TV und einen DVD-Player. Das groe Bad ist mit einem Doppelwaschbecken, einer Badewanne, einer separaten Dusche und einem Bidet ausgestattet.</p>\\n<p>Die beeindruckende Architektur des Hotel Elba besticht durch den traditionellen Stil der Kanaren. Dieser zeichnet sich durch groe Palmen, Fliesenbden und einen groen Kronleuchter aus. Darber hinaus ldt der hbsche zentrale Innenhof zum Verweilen ein.</p>\\n<p>Auf der Auenterrasse mit Blick auf den Golfplatz genieen Sie Gourmetgerichte. Crepes und Omeletts werden auf Bestellung zubereitet.</p>\\n<p>Bei der Ankunft erhalten Sie eine Elba Palace Golf Karte, mit der Sie in verschiedenen Restaurants, Schwimmbdern und Fitnessstudios in der Umgebung ermigte Preise genieen.</p>\\n<p>Die Parkpltze am Hotel nutzen Sie kostenfrei. Zum nchsten Strand und zum Einkaufszentrum gelangen Sie bequem mit dem Shuttlebus.</p>\",\"fr\":\"<p>Dot de piscines, de courts de tennis et d\'un lgant restaurant, l\'Elba Palace possde galement le club house du club de golf de Fuerteventura. Cet htel bnficie d\'un emplacement calme  Caleta de Fuste.</p>\\n<p>Les chambres spacieuses de l\'Elba Palace Golf Fuerteventura G.L. disposent d\'une connexion Wi-Fi gratuite, de la climatisation et d\'un balcon priv. Toutes sont dotes d\'une tlvision par satellite avec lecteur DVD. Leur grande salle de bains est quipe d\'un double lavabo, d\'une baignoire et d\'une douche spares et d\'un bidet.</p>\\n<p>L\'impressionnant btiment de l\'Elba se distingue par son architecture traditionnelle des Canaries. Il arbore de grands palmiers, du carrelage et un lustre majestueux. Vous pourrez vous dtendre dans la magnifique cour centrale.</p>\\n<p>Des repas gastronomiques sont servis sur la terrasse donnant sur le parcours de golf. Vous pourrez galement savourer des crpes et des omelettes prpares sur commande.</p>\\n<p> l\'arrive, vous recevrez une carte de l\'Elba Palace Golf, vous donnant droit  des rductions dans plusieurs restaurants, piscines et salles de sport des environs.</p>\\n<p>Un parking estgratuitement mis  votre disposition sur place. Une navette est galement assure pour rejoindre la plage et le centre commercial les plus proches.</p>\",\"it\":\"<p>Caratterizzato da piscine, campi da tennis e un elegante ristorante, l\'hotel Elba Palace sorge in una posizione tranquilla a Caleta de Fuste e ospita il Fuerteventura Golf Club.</p>\\n<p>Le camere sono spaziose e presentano la connessione Wi-Fi gratuita, l\'aria condizionata, un balcone privato, una TV satellitare con lettore DVD e un ampio bagno con doppio lavabo, vasca e doccia separate e bidet.</p>\\n<p>L\'imponente edificio dell\'Elba sfoggia un\'architettura tipica delle Canarie ed  impreziosito da alte palme, pavimenti piastrellati, un grande lampadario pendente e uno splendido cortile centrale, ideale per trascorrere momenti di relax.</p>\\n<p>Sulla terrazza all\'aperto potrete gustare i deliziosi piatti della cucina gourmet mentre ammirate la vista sul campo da golf. A vostra disposizione crpe e omelette personalizzate.</p>\\n<p>All\'arrivo riceverete la tessera Elba Palace Golf, grazie alla quale beneficerete di sconti in diversi ristoranti, piscine e palestre della zona.</p>\\n<p>Provvisto di un parcheggio gratuito, l\'Elba Palace Golf Fuerteventura G.L. offre un bus navetta per il centro commerciale e la spiaggia pi vicina.</p>\",\"pt\":\"<p>Com piscinas, campos de tnis e um restaurante elegante, o Elba Palace tambm  a casa do clube do Clube de Golfe Fuerteventura. Tem uma localizao tranquila em Caleta de Fuste.</p>\\n<p>Cada quarto espaoso do Elba Palace Golf Fuerteventura G.L. dispe de acesso Wi-Fi gratuito, ar condicionado e uma varanda privativa. Todos os quartos dispem de televiso por satlite com leitor de DVD. A grande casa de banho tem um lavatrio duplo, banheira e chuveiro separados e um bid.</p>\\n<p>O impressionante edifcio do Elba apresenta uma arquitectura tradicional das Canrias. Tem palmeiras altas, piso em azulejos e um grande lustre. Os hspedes podem relaxar no belo ptio central.</p>\\n<p>As refeies gourmet so servidas no terrao ao ar livre, com vista para o campo de golfe. As opes incluem crepes e omeletes, preparados a pedido.</p>\\n<p> chegada os hspedes recebem um carto de Elba Palace Golf, que d descontos em diversos restaurantes, piscinas e ginsios na rea.</p>\\n<p>O hotel tambm providencia estacionamento gratuito. Um autocarro est disponvel para o centro comercial e a praia mais prxima.</p>\"}',NULL,'activo',NULL,'2013-12-09 16:11:54','0000-00-00 00:00:00','http://www.booking.com/hotel/es/elbapalacegolf.es.html',5,1,3,'','4b854e',1,2,NULL,NULL,NULL,NULL,NULL,NULL,NULL,NULL,NULL,NULL,NULL),(16,'{\"es\":\"Oasis Village\",\"en\":\"Oasis Village\",\"de\":\"Oasis Village\",\"fr\":\"Oasis Village\",\"it\":\"Oasis Village\",\"ja\":\"Oasis Village\",\"pt\":\"Oasis Village\"}','{\"es\":\"\"}','{\"es\":\"<p>Este complejo de todo incluido est&aacute; a tan s&oacute;lo 700 metros del centro de Corralejo, rodeado de unos bonitos jardines y de una enorme piscina al aire libre. Sirve deliciosa comida buf&eacute; y est&aacute; bien comunicado con las playas de Fuerteventura.</p>\\n\\n<p>El alegre Oasis Village est&aacute; ubicado entre jardines ex&oacute;ticos y coloridos edificios, que recrean unas vacaciones tropicales. Se puede pasar de las habitaciones a la piscina por senderos soleados, que recorren los jardines paisajistas, repletos de palmeras y de flores.</p>\\n\\n<p>El restaurante del Oasis Village es grande y sirve una excelente selecci&oacute;n de platos fr&iacute;os y calientes estilo buf&eacute;. Se puede elegir entre especialidades regionales e internacionales.</p>\\n\\n<p>Los hu&eacute;spedes podr&aacute;n hacer ejercicio al sol, en las pistas de tenis o de voleibol del Oasis Village. Tambi&eacute;n podr&aacute;n relajarse en la sauna del Oasis Village o disfrutar de un masaje relajante.</p>\\n\\n<p>Adem&aacute;s de restaurante buf&eacute;, hay un bar junto a la piscina, que sirve aperitivos. Por la noche, el bar del Oasis Village ofrece m&uacute;sica en directo y espect&aacute;culos profesionales.</p>\\n\\n<p>Este hotel requiere una estancia m&iacute;nima de 3 noches.</p>\\n\",\"en\":\"<p>Less than half a mile from central Corralejo, this complex is set around pretty grounds and a huge outdoor pool. Enjoy great buffet-style meals and easy access to Fuerteventuras beaches.</p>\\n<p>The cheerful Oasis Village is cleverly spread out among exotic grounds and colorful buildings to create a tropical vacation theme. Enjoy walking from your room to the swimming pool through the sunny pathways and past landscaped grounds filled with palm trees and flowers.</p>\\n<p>Head to the spacious restaurant for an excellent choice of hot and cold dishes as part of the Oasis Village buffet. You can choose between regional specialties and international food.</p>\\n<p>Stay active and in the sunshine on the Oasis Village tennis courts or with a game of volleyball. Later, relax with a session in the Oasis Village sauna or treat yourself to a soothing massage.</p>\\n<p>As well as the buffet restaurant, there is a poolside bar with a snack service. In the evening, you can head to the Oasis Village bar which puts on live music and professional shows.</p>\\n<p>This hotel has a minimum-stay policy of 3 nights.</p>\",\"de\":\"<p>Dieser all-inclusive-Komplex ist von einem schnen Garten und einem groen Auenpool umgeben und ist nur 700 Meter von Corralejo entfernt. Genieen Sie die leckeren Mahlzeiten in Buffetform und die einfache Erreichbarkeit der Strnde von Fuerteventura.</p>\\n<p>Das verspielte Oasis Village erstreckt sich in einer exotischen Gartenlandschaft und die farbenprchtigen Gebude unterstreichen das tropische Urlaubsgefhl. Genieen Sie einen Spaziergang von Ihrem Zimmer zum Pool durch die mit Palmen und Blumen bepflanzte Gartenlandschaft.</p>\\n<p>Das gerumige Restaurant serviert eine exzellente Auswahl an warmen und kalten Speisen, die Ihnen am Oasis Village Buffet angeboten werden. Whlen Sie zwischen Spezialitten aus der Region und internationalen Gerichten.</p>\\n<p>Auf den Tennispltzen des Oasis Village oder bei einer Partie Volleyball bleiben Sie in der Sonne aktiv. Entspannen Sie sich anschlieend im Oasis Village bei einem Saunagang oder gnnen Sie sich eine wohltuende Massage.</p>\\n<p>Neben dem Buffetrestaurant erwartet Sie auch die am Pool gelegene Bar mit einer Auswahl an Snacks. Abends erleben Sie in der Bar des Oasis Village musikalische Liveunterhaltung und professionelle Shows.</p>\\n<p>Nach den Hotelrichtlinien gilt ein Mindestaufenthalt von 3 Nchten.</p>\",\"fr\":\"<p>Situ  seulement 700 mtres du centre de Corralejo, ce complexe tout compris est entour de jolis jardins et d\'une grande piscine extrieure. Vous pourrez dguster de superbes buffets et vous rendre facilement aux plages de Fuerteventura.</p>\\n<p>Un sjour tropical vous attend grce aux jardins exotiques et aux btiments colors de l\'agrable Oasis Village. Vous pourrez marcher de votre chambre  la piscine sur les chemins bien exposs, ainsi qu\' travers les jardins paysagers composs de palmiers et de fleurs.</p>\\n<p>Le restaurant spacieux propose un excellent choix de plats chauds et froids au buffet de l\'Oasis Village. Vous pourrez goter aux spcialits rgionales et  une cuisine internationale.</p>\\n<p>Vous pourrez vous dpenser au soleil sur les courts de tennis de l\'Oasis Village ou en faisant une partie de volley-ball. Vous pourrez ensuite vous dtendre dans le sauna de l\'Oasis Village ou vous offrir un massage relaxant.</p>\\n<p>En plus du restaurant buffet, vous trouverez prs de la piscine un bar servant des collations. Le soir, vous pourrez assister aux concerts et aux spectacles professionnels organiss au bar de l\'Oasis Village.</p>\\n<p>Cet htel exige des sjours d\'une dure de 3 nuits minimum.</p>\",\"it\":\"<p>A solo 700 metri dal centro di Corralejo, questo complesso all inclusive  circondato da splendidi giardini e vanta un\'ampia piscina all\'aperto. Potrete gustare ottimi pasti a buffet e beneficiare del facile accesso alle spiagge di Fuerteventura.</p>\\n<p>Il vivace Oasis Village  composta da diversi edifici dislocati in un magnifico giardino esotico e dipinti in toni che creano un\'ambientazione tropicale. Dalla vostra camera potrete raggiungere la piscina attraverso i vialetti assolati e i giardini ricchi palme e fiori.</p>\\n<p>L\'ampio ristorante dell\'Oasis Village propone un ricco buffet di ottimi piatti caldi e freddi. Vi attendono anche specialit regionali e pietanze internazionali.</p>\\n<p>L\'Oasis Village ospita campi da tennis e da pallavolo. Imperdibili la sauna e i massaggi distensivi dell\'Oasis Village.</p>\\n<p>Oltre al ristorante a buffet,  presente un bar a bordo piscina che serve snack. La sera recatevi al bar dell\'Oasis Village, con musica dal vivo e spettacoli professionali.</p>\\n<p>Questa hotel richiede un soggiorno minimo di 3 notti.</p>\",\"ja\":\"<p>Oasis Village700m</p>\\n<p></p>\\n<p></p>\\n<p></p>\\n<p></p>\\n<p>3</p>\",\"pt\":\"<p>A apenas 700 metros do centro de Corralejo, este complexo com tudo includo est situado em torno de belos jardins e de uma enorme piscina ao ar livre. Aprecie as deliciosas refeies servidas em estilo buffet e o fcil acesso s praias de Fuerteventura.</p>\\n<p>O alegre Oasis Village est concebido de maneira inteligente, formando um misto de jardins exticos e edifcios coloridos que criam um ambiente tpico de frias tropicais. Delicie-se com a caminhada desde o seu quarto at a piscina, realizada atravs de caminhos soalheiros e jardins paisagsticos, repletos de flores e palmeiras.</p>\\n<p>Visite o espaoso restaurante e a sua excelente seleco de pratos quentes e frios, parte do buffet do Oasis Village. Pode escolher entre especialidades regionais e cozinha internacional.</p>\\n<p>Exercite-se ao sol nos campos de tnis do Oasis Village ou, se preferir, com um jogo de voleibol. Depois, descontraia com uma sesso na sauna do Oasis Village ou com uma massagem relaxante.</p>\\n<p>Alm de um servio de buffet, o hotel dispe de um bar junto  piscina, onde so servidos snacks. Ao fim do dia, siga at ao bar do Oasis Village, onde so apresentados msica ao vivo e espectculos profissionais.</p>\\n<p>A estadia mnima exigida no hotel  de 3 noites.</p>\"}',NULL,'activo',NULL,'2013-12-09 18:22:37','0000-00-00 00:00:00','http://www.booking.com/hotel/es/oasis-village.es.html',3,1,1,'','8092a8',1,1,NULL,NULL,NULL,NULL,NULL,NULL,NULL,NULL,NULL,NULL,NULL),(17,'{\"es\":\"Puerto Palace\",\"en\":\"Puerto Palace\",\"de\":\"Puerto Palace\",\"fr\":\"Puerto Palace\",\"it\":\"Puerto Palace\"}','{\"es\":\"\",\"en\":\"\"}','{\"es\":\"<p>Este amplio hotel vacacional est&aacute; ubicado sobre un terreno de m&aacute;s de 8000 m&sup2; con jardines y piscinas. Ofrece diversas instalaciones y actividades para que disfrute de su estancia en Tenerife.</p>\\n\\n<p>El Puerto Palace, que se encuentra a las afueras de Puerto de la Cruz, es la opci&oacute;n ideal para unas vacaciones familiares en las Islas Canarias en cualquier &eacute;poca del a&ntilde;o. Podr&aacute; refrescase en las piscinas exteriores, una de ellas climatizada y la otra con una cascada natural. Tambi&eacute;n hay un jacuzzi y una piscina especial para ni&ntilde;os.</p>\\n\\n<p>El hotel dispone de un gimnasio, con descuento especial para los hu&eacute;spedes. Tambi&eacute;n podr&aacute; jugar al tenis o al minigolf antes de disfrutar de los juegos y de la animaci&oacute;n en directo de la noche.</p>\\n\",\"en\":\"<p>This extensive vacation hotel is built around over an acre of grounds and swimming pools, and provides a range of activities and facilities for you to enjoy in Tenerife.</p>\\n\\n<p>Located just outside the charming resort of Puerto de la Cruz, the Puerto Palace is a great choice for a family vacation in the year-round sunshine of the Canary Islands. Stay refreshed with a dip in the outdoor pools, one of which is heated and the other has a natural waterfall. Here you will also find a jacuzzi and special children&rsquo;s pool.</p>\\n\\n<p>The hotel has a gym, with a special discount for guests. You can also enjoy a game of tennis or mini golf before taking part in the evening&rsquo;s live entertainment and games.</p>\\n\",\"de\":\"<p>Dieses weitlufige Ferienhotel erstreckt sich ber mehr als 8000 m Grnflche mit Swimmingpools und bietet Ihnen eine Reihe von Aktivitten und Einrichtungen fr Ihre Erholung auf Teneriffa.</p>\\n<p>Vor den Toren der charmanten Ortschaft Puerto de la Cruz ist der Puerto Palace eine ausgezeichnete Wahl fr einen Familienurlaub im ganzjhrigen Sonnenschein der Kanarischen Inseln. Erfrischen Sie sich in den Outdoor-Pools, von denen einer beheizt wird und der andere mit einem natrlichen Wasserfall beeindruckt. Hier finden Sie auch einen Whirlpool und ein spezielles Kinderbecken.</p>\\n<p>Den Fitnessraum des Hotels knnen Gste zu einem ermigten Tarif nutzen. Genieen Sie alternativ eine Partie Tennis oder Minigolf, bevor Sie sich in die Live-Unterhaltung und die Spiele des Abends strzen.</p>\",\"fr\":\"<p>Ce vaste htel de vacances, construit autour de plus de 8 000 m de jardins et de piscines, propose un large choix d\'activits et d\'installations pour vous faire passer un bon sjour  Tnrife.</p>\\n<p>Juste  l\'extrieur de la charmante station balnaire de Puerto de la Cruz, le Puerto Palace est un excellent choix pour des vacances en famille dans les les Canaries, au soleil toute l\'anne. Rafrachissez-vous dans les piscines extrieures, l\'une tant chauffe et l\'autre ayant une cascade naturelle. Vous y trouverez galement un jacuzzi et une piscine pour les enfants.</p>\\n<p>L\'htel dispose d\'une salle de sport, pour laquelle vous bnficierez d\'une remise spciale. Vous pourrez galement profiter d\'une partie de tennis ou de mini-golf avant de participer aux animations et jeux de la soire.</p>\",\"it\":\"<p>Questo ampio hotel per vacanze, costruito intorno a oltre 8.000 m di giardini e piscine, fornisce una gamma di attivit e servizi a Tenerife.</p>\\n<p>Situato nelle immediate vicinanze di Puerto de la Cruz, il Puerto Palace  la scelta ideale se desiderate trascorrere una vacanza in famiglia, sotto il caldo sole delle Isole Canarie, in qualsiasi periodo dell\'anno. Presso la struttura vi attendono piscine all\'aperto, una riscaldata e una con cascata naturale. A disposizione vi sono anche una vasca idromassaggio e una piscina speciale per bambini.</p>\\n<p>L\'hotel vanta inoltre una palestra, dove vi verranno riservati sconti speciali, campi da tennis o da mini golf e programmi di animazione serale.</p>\"}',NULL,'activo',NULL,'2013-12-09 18:35:25','0000-00-00 00:00:00','http://www.booking.com/hotel/es/puerto-palace.es.html',4,1,3,'','853838',3,3,NULL,15,'',NULL,NULL,NULL,NULL,NULL,NULL,NULL,NULL),(18,'{\"es\":\"Bairro Alto Hotel\",\"en\":\"Bairro Alto Hotel\",\"de\":\"Bairro Alto Hotel\",\"fr\":\"Bairro Alto Hotel\",\"it\":\"Bairro Alto Hotel\",\"cs\":\"Bairro Alto Hotel\",\"pt\":\"Bairro Alto Hotel\"}','{\"es\":\"\"}','{\"es\":\"<p>Este hotel boutique, de 5 estrellas, se llama&nbsp;como el animado barrio de moda Bairro Alto de Lisboa. Ofrece habitaciones de lujo con TV de pantalla plana y&nbsp;dispone de&nbsp;terraza con vistas panor&aacute;micas a Lisboa y al r&iacute;o Tajo.</p>\\n\\n<p>Las habitaciones del Bairro Alto Hotel est&aacute;n decoradas con suelo de&nbsp;madera brasile&ntilde;a y paneles&nbsp;de madera pintada. Tienen aire acondicionado, reproductor de DVD, minibar y escritorio. Algunas incluyen una zona de estar independiente.</p>\\n\\n<p>El hotel alberga una sala de masajes, donde se ofrecen diversos tratamientos de masaje terap&eacute;utico, y un centro de fitness bien equipado. El Hotel Bairro Alto tambi&eacute;n ofrece un servicio de asistente personal de compras, servicio de alquiler de limusinas y una boutique.</p>\\n\\n<p>El restaurante Flores do Bairro&nbsp;prepara platos gourmet t&iacute;picos de Portugal&nbsp;combinados con diferentes sabores del mundo. Tambi&eacute;n hay un bar cafeter&iacute;a donde se ofrecen c&oacute;cteles, comidas ligeras y actuaciones en directo.</p>\\n\\n<p>El Bairro Alto Hotel se encuentra a 1,5 km del Castelo, a 1 km de la S&eacute; Catedral de Lisboa y a poca distancia a pie de muchas tiendas boutique, galer&iacute;as, calles pintorescas y restaurantes.</p>\\n\",\"en\":\"<p>Named after Lisbons fashionable and lively Bairro Alto district in Lisbon, this 5-star boutique hotel features luxurious rooms with a flat-screen TV. Its terrace offers panoramic views of Lisbon and the Tagus River.</p>\\n<p>The air-conditioned rooms at Bairro Alto Hotel are decorated with Brazilian hardwood floors and painted wooden paneling. All rooms have a DVD player, a minibar, and a work desk. Some rooms have a separate living area.</p>\\n<p>Guests can enjoy a range of therapeutic massage treatments at the massage room, or work out at the well-equipped fitness center. Hotel Bairro Alto also has a personal shopper service, limousine rental, and a boutique.</p>\\n<p>The Flores do Bairro Restaurant serves traditional Portuguese gourmet cuisine mixed with different world flavors. The Caf Bar has cocktails, light meals, and live performances.</p>\\n<p>The Castelo is one mile from Bairro Alto Hotel, and S Catedral de Lisboa is just over half a mile away. Many boutique shops, galleries, picturesque streets and restaurants are within walking distance of the hotel.</p>\",\"de\":\"<p>Das 5-Sterne-Boutique-Hotel ist nach dem trendigen und lebhaften Lissabonner Stadtteil Bairro Alto benannt und bietet Ihnen luxurise Zimmer mit einem Flachbild-TV. Von der Terrasse genieen Sie Panoramablick auf Lissabon und den Tejo.</p>\\n<p>Die klimatisierten Zimmer im Bairro Alto Hotel sind mit Bden aus brasilianischem Holz und bemalten Holzvertfelungen eingerichtet. Zur Ausstattung gehren ein DVD-Player, eine Minibar und ein Schreibtisch. Einige Zimmer verfgen ber einen separaten Wohnbereich.</p>\\n<p>Im Massageraum knnen Sie sich mit einer der verschiedenen therapeutischen Massagen verwhnen lassen. Alternativ trainieren Sie im gut ausgestatteten Fitnesscenter. Ein persnlicher Einkaufsservice, eine Limousinenvermietung und eine Boutique sorgen im Hotel Bairro Alto fr zustzlichen Komfort.</p>\\n<p>Im Restaurant Flores do Bairro genieen Sie traditionelle portugiesische Gourmetkche kombiniert mit verschiedenen Aromen aus der ganzen Welt. In der Caf-Bar entspannen Sie sich bei Cocktails, leichten Speisen und Live-Darbietungen.</p>\\n<p>Das Castelo de Sao Jorge liegt 1,5 km und die Hauptkirche von Lissabon, die Catedral S Patriarcal, 1 km vom Bairro Alto Hotel entfernt. Viele Boutiquen, Galerien, malerische Gassen und Restaurants erreichen Sie vom Hotel aus bequem zu Fu.</p>\",\"fr\":\"<p>Le Bairro Alto Hotel doit son nom au quartier chic et anim de Lisbonne, le Bairro Alto. Cet tablissement 5 toiles propose des chambres luxueuses, dotes d\'une tlvision  cran plat. Sa terrasse offre une vue panoramique sur Lisbonne et le Tage.</p>\\n<p>Les chambres climatises du Bairro Alto Hotel disposent de parquet en bois brsilien et de lambris peint. Chacune est quipe d\'un lecteur DVD, d\'un minibar et d\'un bureau. Certaines chambres possdent aussi un espace salon spar.</p>\\n<p>Vous pourrez profiter d\'une gamme de soins tels que des massages thrapeutiques dans la salle de massage, ou faire de l\'exercice dans le centre de remise en forme bien quip. L\'Hotel Bairro Alto met galement  votre disposition un commis aux commandes personnelles, un service de location de limousine, ainsi qu\'une boutique.</p>\\n<p>Le restaurant Flores do Bairro sert une cuisine gastronomique traditionnelle portugaise, combine  diffrentes saveurs du monde. Le Caf Bar propose des cocktails, des repas lgers et des concerts.</p>\\n<p>Le Castelo est situ  1,5 km du Bairro Alto Hotel, tandis que la cathdrale S de Lisboa se trouve  1 km. Vous trouverez de nombreuses boutiques, galeries, ruelles pittoresques et restaurants  quelques minutes de marche.</p>\",\"it\":\"<p>Situato nell\'elegante e animato quartiere Bairro Alto di Lisbona, a cui deve il suo nome, questo hotel boutique a 5 stelle offre lussuose camere con TV a schermo piatto e una terrazza con vista panoramica sulla citt e sul fiume Tago.</p>\\n<p>Le camere del Bairro Alto Hotel sono caratterizzate da pavimenti in parquet brasiliano e pannelli in legno verniciato; tutte dispongono di aria condizionata, lettore DVD, minibar e scrivania, mentre alcune comprendono anche una zona soggiorno separata.</p>\\n<p>Potrete concedervi massaggi terapeutici presso il centro benessere o mantenervi in forma nell\'area fitness ben attrezzata; l\'Hotel Bairro Alto offre inoltre una boutique, un servizio di personal shopper e il noleggio di limousine.</p>\\n<p>Il ristorante Flores do Bairro propone tradizionali piatti gourmet della cucina portoghese, abbinati a sapori provenienti da tutto il mondo, mentre al Caf Bar vi attendono cocktail, pasti leggeri e spettacoli dal vivo.</p>\\n<p>Il Bairro Alto dista 1,5 km dal Castello e 1 km dalla Cattedrale di Lisbona; a pochi passi troverete inoltre numerosi ristoranti, boutique, gallerie e vie pittoresche.</p>\",\"cs\":\"<p>Tento 5hvzdikov butikov hotel dostal jmno podle mdn tvrti Bairro Alto v Lisabonu a nabz luxusn pokoje s TV s plochou obrazovkou. Z terasy mete obdivovat panoramatick vhled na Lisabon a eku Tagus.</p>\\n<p>Bairro Alto Hotel m klimatizovan pokoje s brazilskou devnou podlahou a malovanm devnm obloenm. Vechny pokoje maj vlastn DVD pehrva, minibar a pracovn stl. Nkter pokoje maj samostatnou obvac st.</p>\\n<p>Host si mohou dopt celou adu lebnch mas ve wellness centru, nebo si zacviit v dobe vybavenm fitness centru. Hotel Bairro Alto nabz tak slubu \\\"personal shopper\\\", pronjem limuzn a butik.</p>\\n<p>Flores Restaurant podv tradin portugalsk gurmnsk pokrmy, kter se ms s rznmi chutmi. Caf Bar nabz koktejly, lehk jdla a iv pedstaven.</p>\\n<p>Bairro Alto Hotel stoj 1,5 km od msta Castelo a katedrla S Catedral de Lisboa se nachz 1 km od ubytovn. V dochzkov vzdlenosti od hotelu je mnoho butik, galeri, malebnch uliek a restaurac.</p>\",\"pt\":\"<p>Este boutique hotel, de 5 estrelas, recebeu o nome do moderno e animado Bairro Alto de Lisboa e disponibiliza quartos luxuosos com uma televiso de ecr plano. O seu terrao oferece vistas panormicas sobre Lisboa e sobre o Rio Tejo.</p>\\n<p>Os quartos com ar condicionado do Bairro Alto Hotel esto decorados com piso em madeira brasileira e painis em madeira pintados. Todos os quartos tm um leitor de DVD, um mini-bar e uma secretria. Alguns quartos incluem uma rea de estar separada.</p>\\n<p>Os hspedes podem desfrutar de uma variedade de tratamentos de massagem teraputicos na sala de massagem ou fazer exerccio no centro de fitness bem equipado. O Hotel Bairro Alto tambm beneficia de um servio de compras personalizado, de aluguer de limusina e de uma boutique.</p>\\n<p>O Restaurante Flores do Bairro serve uma cozinha tradicional portuguesa gourmet combinada com diferentes sabores do mundo. O Caf Bar prope cocktails, refeies ligeiras e espectculos ao vivo.</p>\\n<p>O Castelo encontra-se a 1,5 km do Bairro Alto Hotel e a S Catedral de Lisboa localiza-se a 1 km. Muitas lojas, galerias, ruas pitorescas e restaurantes situam-se a uma curta caminhada do hotel.</p>\"}',NULL,'activo',NULL,'2013-12-10 10:13:58','0000-00-00 00:00:00','http://www.booking.com/hotel/pt/bairro-alto.es.html',5,1,1,'','614c61',3,3,NULL,15,'{\"es\":\"<p>Condiciones generales</p>\\n\"}',NULL,NULL,NULL,NULL,NULL,NULL,NULL,NULL),(19,'{\"es\":\"Starhotels Ritz\",\"it\":\"Starhotels Ritz\"}','{\"es\":\"1\"}','{\"es\":\"<p>El Starhotels Ritz se encuentra a 300 metros de la estaci&oacute;n de metro de Lima, a pocos pasos de la famosa avenida comercial de Corso Buenos Aires y a 10 minutos a pie de la estaci&oacute;n central de trenes de Mil&aacute;n. Cuenta con un spa gratuito y una gran terraza.</p>\\n\\n<p>Las habitaciones del Ritz disponen de TV LCD de 20 pulgadas con canales v&iacute;a sat&eacute;lite, aire acondicionado, suelo de moqueta y muebles de madera, cuero y terciopelo. Todas presentan fotos enormes de Mil&aacute;n e incluyen c&oacute;modas camas Starbed con plumones suaves. Adem&aacute;s, algunas tienen conexi&oacute;n Wi-Fi gratuita y TV LCD de 26 pulgadas.</p>\\n\\n<p>La zona de bienestar del Ritz Starhotels, situada en la 8&ordf; planta, ofrece sauna, ba&ntilde;o turco, ducha finlandesa y centro de fitness. Tambi&eacute;n hay una terraza amueblada con vistas magn&iacute;ficas a las azoteas de Mil&aacute;n y el establecimiento proporciona 1 hora de conexi&oacute;n Wi-Fi gratuita en todas sus instalaciones.</p>\\n\\n<p>El bar restaurante y asador Bruschetteria est&aacute; abierto hasta la medianoche y sirve gran variedad de platos y bebidas. Adem&aacute;s, todas las ma&ntilde;anas se elabora un abundante desayuno buffet.</p>\\n\\n<p>La estaci&oacute;n de metro de Lima permite llegar a la catedral de Mil&aacute;n, ubicada a 2,5 km.</p>\\n\",\"it\":\"<p>Provvisto di un centro benessere gratuito e di un\'ampia terrazza, lo Starhotels Ritz di Milano si trova a soli 300 metri dalla stazione della metropolitana Lima, a pochi passi dai famosi negozi di Corso Buenos Aires e a 10 minuti a piedi dalla stazione ferroviaria di Milano Centrale.</p>\\n<p>Caratterizzate da arredi in legno, pelle e velluto, e da fotografie giganti di Milano, le camere del Ritz sono dotate di una TV LCD da 20 pollici con canali satellitari, dell\'aria condizionata, di pavimenti in moquette e di confortevoli letti Starbed con morbida piuma d\'oca. Alcune unit includono la connessione Wi-Fi gratuita e una TV LCD da 26 pollici.</p>\\n<p>Ubicata all\'8 piano, l\'area benessere del Ritz Starhotels vanta una sauna, un bagno turco, una doccia finlandese e un centro fitness. La terrazza arredata offre una splendida vista panoramica su Milano.</p>\\n<p>Il bar ristorante Bruschetteria Grill&BBQ resta aperto fino a mezzanotte, per servirvi una vasta scelta di piatti e bevande. La colazione di ogni mattina consiste in un ricco buffet.</p>\\n<p>I treni in transito dalla stazione della metropolitana Lima portano al Duomo di Milano, a 2,5 km di distanza.</p>\"}',NULL,'activo',NULL,'2013-12-11 11:47:23','0000-00-00 00:00:00','http://www.booking.com/hotel/it/hotelritz.en-us.html',4,2,3,'','704b70',3,5,NULL,15,'{\"es\":\"<p>1</p>\\n\"}','{\"es\":\"1\"}','{\"es\":\"1\"}','online','',NULL,NULL,NULL,NULL),(20,'{\"es\":\"Occidental Grand Xcaret & Royal Club\",\"en\":\"Occidental Grand Xcaret & Royal Club - All Inclusive\",\"it\":\"Occidental Grand Xcaret & Royal Club - All Inclusive\",\"pt\":\"Occidental Grand Xcaret & Royal Club - All Inclusive\"}','{\"es\":\"123\",\"en\":\"\"}','{\"es\":\"<p>Este complejo de todo incluido se encuentra en las bonitas playas de M&eacute;xico, muy cerca del impresionante parque de Xcaret. Ofrece un gran n&uacute;mero de actividades y servicios para todas las edades.</p>\\n\\n<p>Los hu&eacute;spedes del Occidental Grand Xcaret and Royal Club podr&aacute;n participar en diversas actividades, que incluyen programas infantiles supervisados y clases de buceo. El complejo tambi&eacute;n cuenta con 4 piscinas, servicios de spa y una discoteca.</p>\\n\\n<p>Adem&aacute;s, el Grand Xcaret ofrece excursiones a las ruinas mayas y al sitio arqueol&oacute;gico de Chich&eacute;n Itz&aacute;. El parque arqueol&oacute;gico y ecol&oacute;gico de Xcaret tambi&eacute;n est&aacute; cerca.</p>\\n\",\"en\":\"<p>Located on the beautiful beaches of Mexico and only moments from the stunning Xcaret Park, this all-inclusive resort offers a variety of activities and facilities that the entire family can enjoy.</p>\\n<p>Guests at the Occidental Grand Xcaret and Royal Club can participate in a number of on-site activities, including supervised children\'s programs and scuba diving lessons. The resort also features 4 swimming pools, spa services and a nightclub.</p>\\n<p>The Grand Xcaret also allows guests to participate in excursions to the Mayan ruins and the archeological sites of Chicen Itza. Xcaret Park, an archeological and ecological park is also only a short distance away.</p>\",\"it\":\"<p>Situato lungo le splendide spiagge del Messico e a breve distanza dall\'incantevole parco di Xcaret, questo resort con servizio completo offre varie strutture per il divertimento di tutta la famiglia.</p>\\n<p>Tra le attivit organizzate in loco dall\'Occidental Grand Xcaret and Royal Club figurano programmi supervisionati per bambini e lezioni di immersione subacquea. Il resort offre 4 piscine, strutture termali e un locale notturno.</p>\\n<p>Il Grand Xcaret propone escursioni alle rovine Maya e ai siti archeologici di Chicen Itza. Lo Xcaret, un parco archeologico ed ecologico,  nelle vicinanze del resort.</p>\",\"pt\":\"<p>Localizada nas bonitas praias do Mxico e a poucos minutos do deslumbrante Parque Xcaret, este resort, com tudo includo, dispe de uma variedade de atividades e comodidades de que toda a famlia pode desfrutar.</p>\\n<p>No Occidental Grand Xcaret & Royal Club, voc poder participar em uma srie de atividades no local, inclusive programas supervisionados para crianas e aulas de mergulho. O resort tambm conta com 4 piscinas, servios de spa e danceteria.</p>\\n<p>O Grand Xcaret tambm permite aos hspedes a participao em excurses s Runas Maias e os lugares arqueolgicos de Chicen Itza. O Parque Xcaret, um parque arqueolgico e ecolgico, tambm est perto.</p>\"}',NULL,'activo',NULL,'2013-12-12 06:36:28','0000-00-00 00:00:00','http://www.booking.com/hotel/mx/occidental-grand-xcaret-royal-club.es.html',5,1,3,'','e6e6e6',1,1,NULL,10,'{\"es\":\"<p>123</p>\\n\",\"en\":\"\"}','{\"es\":\"123\",\"en\":\"\"}','{\"es\":\"123\",\"en\":\"\"}','online','',NULL,NULL,NULL,NULL);
/*!40000 ALTER TABLE `hotel` ENABLE KEYS */;
UNLOCK TABLES;

--
-- Table structure for table `hotel_archivo`
--

DROP TABLE IF EXISTS `hotel_archivo`;
/*!40101 SET @saved_cs_client     = @@character_set_client */;
/*!40101 SET character_set_client = utf8 */;
CREATE TABLE `hotel_archivo` (
  `hotel_id` int(11) NOT NULL,
  `archivo_id` int(11) NOT NULL,
  `id` int(11) NOT NULL AUTO_INCREMENT,
  `tipo` varchar(45) DEFAULT NULL,
  PRIMARY KEY (`id`),
  KEY `fk_hotel_has_archivos_archivos1_idx` (`archivo_id`),
  KEY `fk_hotel_has_archivos_hotel1_idx` (`hotel_id`),
  CONSTRAINT `fk_hotel_has_archivos_hotel1` FOREIGN KEY (`hotel_id`) REFERENCES `hotel` (`id`) ON DELETE NO ACTION ON UPDATE NO ACTION,
  CONSTRAINT `fk_hotel_has_archivos_archivos1` FOREIGN KEY (`archivo_id`) REFERENCES `archivo` (`id`) ON DELETE NO ACTION ON UPDATE NO ACTION
) ENGINE=InnoDB AUTO_INCREMENT=1879 DEFAULT CHARSET=latin1;
/*!40101 SET character_set_client = @saved_cs_client */;

--
-- Dumping data for table `hotel_archivo`
--

LOCK TABLES `hotel_archivo` WRITE;
/*!40000 ALTER TABLE `hotel_archivo` DISABLE KEYS */;
INSERT INTO `hotel_archivo` VALUES (12,1117,1093,''),(12,1118,1094,''),(12,1119,1095,''),(12,1120,1096,''),(12,1121,1097,''),(12,1122,1098,''),(12,1123,1099,''),(12,1124,1100,''),(12,1125,1101,''),(12,1126,1102,''),(12,1127,1103,''),(12,1128,1104,''),(12,1129,1105,''),(12,1130,1106,''),(12,1131,1107,''),(12,1132,1108,''),(12,1133,1109,''),(12,1134,1110,''),(12,1135,1111,''),(12,1136,1112,''),(12,1137,1113,''),(12,1138,1114,''),(12,1139,1115,''),(12,1140,1116,''),(12,1141,1117,''),(12,1142,1118,''),(12,1143,1119,''),(12,1144,1120,''),(12,1145,1121,''),(12,1146,1122,''),(12,1147,1123,''),(12,1148,1124,''),(12,1149,1125,''),(12,1150,1126,''),(13,1151,1127,''),(13,1152,1128,''),(13,1153,1129,''),(13,1154,1130,''),(13,1155,1131,''),(13,1156,1132,''),(13,1157,1133,''),(13,1158,1134,''),(13,1159,1135,''),(13,1160,1136,''),(13,1161,1137,''),(13,1162,1138,''),(13,1163,1139,''),(13,1164,1140,''),(13,1165,1141,''),(13,1166,1142,''),(13,1167,1143,''),(13,1168,1144,''),(13,1169,1145,''),(13,1170,1146,''),(13,1171,1147,''),(13,1172,1148,''),(13,1173,1149,''),(13,1174,1150,''),(13,1175,1151,''),(13,1177,1153,''),(13,1178,1154,''),(13,1179,1155,''),(13,1180,1156,''),(13,1182,1158,''),(13,1183,1159,''),(13,1184,1160,''),(13,1185,1161,''),(13,1186,1162,''),(13,1187,1163,''),(13,1188,1164,''),(13,1189,1165,''),(13,1190,1166,''),(13,1191,1167,''),(13,1192,1168,''),(13,1193,1169,''),(4,1263,1239,''),(4,1264,1240,''),(4,1265,1241,''),(4,1266,1242,''),(4,1267,1243,''),(4,1268,1244,''),(4,1269,1245,''),(4,1270,1246,''),(4,1271,1247,''),(4,1273,1249,''),(4,1274,1250,''),(4,1275,1251,''),(4,1276,1252,''),(4,1277,1253,''),(4,1278,1254,''),(4,1279,1255,''),(4,1280,1256,''),(4,1281,1257,''),(4,1282,1258,''),(6,1315,1291,''),(6,1316,1292,''),(6,1317,1293,''),(6,1318,1294,''),(6,1319,1295,''),(6,1320,1296,''),(6,1321,1297,''),(6,1322,1298,''),(6,1323,1299,''),(6,1324,1300,''),(6,1325,1301,''),(6,1326,1302,''),(6,1327,1303,''),(6,1328,1304,''),(6,1329,1305,''),(6,1330,1306,''),(6,1331,1307,''),(6,1332,1308,''),(6,1333,1309,''),(6,1334,1310,''),(6,1335,1311,''),(6,1336,1312,''),(6,1337,1313,''),(6,1338,1314,''),(6,1339,1315,''),(6,1340,1316,''),(6,1341,1317,''),(6,1342,1318,''),(6,1343,1319,''),(6,1344,1320,''),(6,1345,1321,''),(6,1346,1322,''),(8,1347,1323,''),(8,1348,1324,''),(8,1349,1325,''),(8,1350,1326,''),(8,1351,1327,''),(8,1352,1328,''),(8,1353,1329,''),(8,1354,1330,''),(8,1355,1331,''),(8,1356,1332,''),(8,1357,1333,''),(8,1358,1334,''),(8,1359,1335,''),(8,1360,1336,''),(8,1361,1337,''),(8,1362,1338,''),(8,1363,1339,''),(8,1364,1340,''),(8,1365,1341,''),(8,1366,1342,''),(8,1367,1343,''),(9,1368,1344,''),(9,1369,1345,''),(9,1370,1346,''),(9,1371,1347,''),(9,1372,1348,''),(9,1373,1349,''),(9,1374,1350,''),(9,1375,1351,''),(9,1376,1352,''),(9,1377,1353,''),(9,1378,1354,''),(9,1379,1355,''),(9,1380,1356,''),(9,1381,1357,''),(9,1382,1358,''),(9,1383,1359,''),(9,1384,1360,''),(9,1385,1361,''),(9,1386,1362,''),(9,1387,1363,''),(9,1388,1364,''),(9,1389,1365,''),(9,1390,1366,''),(9,1391,1367,''),(9,1392,1368,''),(9,1393,1369,''),(9,1394,1370,''),(9,1395,1371,''),(9,1396,1372,''),(9,1397,1373,''),(9,1398,1374,''),(9,1399,1375,''),(9,1400,1376,''),(5,1402,1378,''),(5,1403,1379,''),(5,1404,1380,''),(5,1405,1381,''),(5,1406,1382,''),(5,1407,1383,''),(5,1408,1384,''),(5,1409,1385,''),(5,1410,1386,''),(5,1411,1387,''),(5,1412,1388,''),(5,1413,1389,''),(5,1414,1390,''),(5,1415,1391,''),(5,1416,1392,''),(5,1417,1393,''),(5,1418,1394,''),(5,1419,1395,''),(5,1420,1396,''),(5,1422,1398,''),(5,1423,1399,''),(5,1424,1400,''),(5,1425,1401,''),(5,1426,1402,''),(5,1427,1403,''),(5,1428,1404,''),(5,1429,1405,''),(5,1430,1406,''),(5,1431,1407,''),(5,1432,1408,''),(5,1433,1409,''),(5,1434,1410,''),(5,1435,1411,''),(5,1436,1412,''),(5,1437,1413,''),(5,1438,1414,''),(5,1439,1415,''),(5,1440,1416,''),(5,1441,1417,''),(5,1442,1418,''),(5,1443,1419,''),(5,1444,1420,''),(5,1445,1421,''),(14,1446,1422,''),(14,1447,1423,''),(14,1448,1424,''),(14,1449,1425,''),(14,1450,1426,''),(14,1451,1427,''),(14,1452,1428,''),(14,1453,1429,''),(14,1454,1430,''),(14,1455,1431,''),(14,1456,1432,''),(14,1457,1433,''),(14,1458,1434,''),(14,1459,1435,''),(14,1460,1436,''),(14,1461,1437,''),(14,1462,1438,''),(14,1463,1439,''),(14,1464,1440,''),(14,1465,1441,''),(14,1466,1442,''),(14,1467,1443,''),(14,1468,1444,''),(14,1469,1445,''),(14,1470,1446,''),(14,1471,1447,''),(14,1472,1448,''),(14,1473,1449,''),(14,1474,1450,''),(14,1475,1451,''),(14,1476,1452,''),(14,1477,1453,''),(14,1478,1454,''),(14,1479,1455,''),(14,1480,1456,''),(14,1481,1457,''),(14,1482,1458,''),(14,1483,1459,''),(14,1484,1460,''),(15,1512,1485,''),(15,1513,1486,''),(15,1514,1487,''),(15,1515,1488,''),(15,1516,1489,''),(15,1517,1490,''),(15,1518,1491,''),(15,1519,1492,''),(15,1520,1493,''),(15,1521,1494,''),(15,1522,1495,''),(15,1523,1496,''),(15,1524,1497,''),(15,1525,1498,''),(15,1526,1499,''),(15,1527,1500,''),(15,1528,1501,''),(15,1529,1502,''),(15,1530,1503,''),(15,1531,1504,''),(15,1532,1505,''),(15,1533,1506,''),(15,1534,1507,''),(15,1535,1508,''),(15,1536,1509,''),(15,1537,1510,''),(15,1538,1511,''),(15,1539,1512,''),(15,1540,1513,''),(15,1541,1514,''),(15,1542,1515,''),(15,1543,1516,''),(15,1544,1517,''),(15,1545,1518,''),(15,1546,1519,''),(16,1547,1520,''),(16,1548,1521,''),(16,1549,1522,''),(16,1550,1523,''),(16,1551,1524,''),(16,1552,1525,''),(16,1553,1526,''),(16,1554,1527,''),(16,1555,1528,''),(16,1556,1529,''),(16,1557,1530,''),(16,1558,1531,''),(16,1559,1532,''),(16,1560,1533,''),(16,1561,1534,''),(16,1562,1535,''),(16,1563,1536,''),(16,1564,1537,''),(16,1565,1538,''),(16,1566,1539,''),(16,1567,1540,''),(17,1568,1541,''),(17,1569,1542,''),(17,1570,1543,''),(17,1571,1544,''),(17,1572,1545,''),(17,1573,1546,''),(17,1574,1547,''),(17,1575,1548,''),(17,1576,1549,''),(17,1577,1550,''),(17,1578,1551,''),(17,1579,1552,''),(17,1580,1553,''),(17,1581,1554,''),(17,1582,1555,''),(17,1583,1556,''),(17,1584,1557,''),(17,1585,1558,''),(17,1586,1559,''),(17,1587,1560,''),(18,1588,1561,''),(18,1590,1563,''),(18,1591,1564,''),(18,1592,1565,''),(18,1593,1566,''),(18,1594,1567,''),(18,1595,1568,''),(18,1596,1569,''),(18,1597,1570,''),(18,1598,1571,''),(18,1599,1572,''),(18,1600,1573,''),(18,1601,1574,''),(18,1602,1575,''),(18,1603,1576,''),(18,1604,1577,''),(18,1605,1578,''),(18,1606,1579,''),(18,1607,1580,''),(18,1608,1581,''),(18,1609,1582,''),(18,1610,1583,''),(18,1611,1584,''),(18,1612,1585,''),(18,1613,1586,''),(18,1614,1587,''),(18,1615,1588,''),(18,1616,1589,''),(18,1617,1590,''),(18,1618,1591,''),(18,1619,1592,''),(18,1620,1593,''),(18,1621,1594,''),(18,1622,1595,''),(18,1623,1596,''),(18,1624,1597,''),(18,1625,1598,''),(18,1626,1599,''),(18,1627,1600,''),(18,1628,1601,''),(18,1629,1602,''),(18,1630,1603,''),(18,1631,1604,''),(18,1632,1605,''),(3,1747,1720,''),(3,1748,1721,''),(3,1749,1722,''),(3,1750,1723,''),(3,1751,1724,''),(3,1752,1725,''),(3,1753,1726,''),(3,1754,1727,''),(3,1755,1728,''),(3,1756,1729,''),(3,1757,1730,''),(3,1758,1731,''),(3,1759,1732,''),(3,1760,1733,''),(3,1761,1734,''),(3,1762,1735,''),(3,1763,1736,''),(3,1764,1737,''),(3,1765,1738,''),(3,1766,1739,''),(3,1767,1740,''),(3,1768,1741,''),(3,1769,1742,''),(3,1770,1743,''),(20,1771,1744,''),(20,1772,1745,''),(20,1774,1747,''),(20,1775,1748,''),(20,1776,1749,''),(20,1777,1750,''),(20,1778,1751,''),(20,1779,1752,''),(20,1780,1753,''),(20,1781,1754,''),(20,1782,1755,''),(20,1783,1756,''),(20,1784,1757,''),(20,1785,1758,''),(20,1786,1759,''),(20,1787,1760,''),(20,1788,1761,''),(20,1789,1762,''),(20,1790,1763,''),(20,1791,1764,''),(20,1792,1765,''),(20,1793,1766,''),(20,1794,1767,''),(20,1795,1768,''),(20,1796,1769,''),(20,1797,1770,''),(20,1798,1771,''),(20,1799,1772,''),(20,1800,1773,''),(20,1801,1774,''),(20,1802,1775,''),(20,1803,1776,''),(20,1804,1777,''),(20,1805,1778,''),(20,1806,1779,''),(20,1807,1780,''),(20,1808,1781,''),(20,1809,1782,''),(20,1810,1783,''),(20,1811,1784,''),(20,1812,1785,''),(20,1813,1786,''),(20,1814,1787,''),(20,1815,1788,''),(19,1861,1834,''),(19,1862,1835,''),(19,1863,1836,''),(19,1864,1837,''),(19,1865,1838,''),(19,1866,1839,''),(19,1867,1840,''),(19,1868,1841,''),(19,1869,1842,''),(19,1870,1843,''),(19,1871,1844,''),(19,1872,1845,''),(19,1873,1846,''),(19,1874,1847,''),(19,1875,1848,''),(19,1876,1849,''),(19,1877,1850,''),(19,1878,1851,''),(19,1879,1852,''),(19,1880,1853,''),(19,1881,1854,''),(19,1882,1855,''),(19,1883,1856,''),(19,1884,1857,''),(19,1885,1858,''),(19,1886,1859,''),(19,1887,1860,''),(19,1888,1861,''),(19,1889,1862,''),(19,1890,1863,''),(19,1891,1864,''),(19,1892,1865,''),(19,1893,1866,''),(19,1894,1867,''),(19,1895,1868,''),(19,1896,1869,''),(19,1897,1870,''),(19,1898,1871,''),(19,1899,1872,''),(19,1900,1873,''),(19,1901,1874,''),(19,1902,1875,''),(19,1903,1876,''),(19,1904,1877,''),(19,1905,1878,'');
/*!40000 ALTER TABLE `hotel_archivo` ENABLE KEYS */;
UNLOCK TABLES;

--
-- Table structure for table `hotel_condicion`
--

DROP TABLE IF EXISTS `hotel_condicion`;
/*!40101 SET @saved_cs_client     = @@character_set_client */;
/*!40101 SET character_set_client = utf8 */;
CREATE TABLE `hotel_condicion` (
  `hotel_id` int(11) NOT NULL,
  `condicion_id` int(11) NOT NULL,
  `id` int(11) NOT NULL AUTO_INCREMENT,
  PRIMARY KEY (`id`),
  KEY `fk_hotel_has_condicion_condicion1_idx` (`condicion_id`),
  KEY `fk_hotel_has_condicion_hotel1_idx` (`hotel_id`),
  CONSTRAINT `fk_hotel_has_condicion_hotel1` FOREIGN KEY (`hotel_id`) REFERENCES `hotel` (`id`) ON DELETE NO ACTION ON UPDATE NO ACTION,
  CONSTRAINT `fk_hotel_has_condicion_condicion1` FOREIGN KEY (`condicion_id`) REFERENCES `condicion` (`id`) ON DELETE NO ACTION ON UPDATE NO ACTION
) ENGINE=InnoDB AUTO_INCREMENT=97 DEFAULT CHARSET=latin1;
/*!40101 SET character_set_client = @saved_cs_client */;

--
-- Dumping data for table `hotel_condicion`
--

LOCK TABLES `hotel_condicion` WRITE;
/*!40000 ALTER TABLE `hotel_condicion` DISABLE KEYS */;
INSERT INTO `hotel_condicion` VALUES (6,1,13),(9,1,18),(13,1,22),(14,1,47),(15,1,48),(16,1,50),(17,1,56),(12,1,68),(18,1,71),(5,1,83),(4,2,87),(3,1,90),(3,2,91),(19,1,96);
/*!40000 ALTER TABLE `hotel_condicion` ENABLE KEYS */;
UNLOCK TABLES;

--
-- Table structure for table `hotel_direccion`
--

DROP TABLE IF EXISTS `hotel_direccion`;
/*!40101 SET @saved_cs_client     = @@character_set_client */;
/*!40101 SET character_set_client = utf8 */;
CREATE TABLE `hotel_direccion` (
  `hotel_id` int(11) NOT NULL,
  `direccion_id` int(11) NOT NULL,
  `id` int(11) NOT NULL AUTO_INCREMENT,
  PRIMARY KEY (`id`),
  KEY `fk_hotel_has_direccion_direccion1_idx` (`direccion_id`),
  KEY `fk_hotel_has_direccion_hotel1_idx` (`hotel_id`),
  CONSTRAINT `fk_hotel_has_direccion_hotel1` FOREIGN KEY (`hotel_id`) REFERENCES `hotel` (`id`) ON DELETE NO ACTION ON UPDATE NO ACTION,
  CONSTRAINT `fk_hotel_has_direccion_direccion1` FOREIGN KEY (`direccion_id`) REFERENCES `direccion` (`id`) ON DELETE NO ACTION ON UPDATE NO ACTION
) ENGINE=InnoDB AUTO_INCREMENT=18 DEFAULT CHARSET=latin1;
/*!40101 SET character_set_client = @saved_cs_client */;

--
-- Dumping data for table `hotel_direccion`
--

LOCK TABLES `hotel_direccion` WRITE;
/*!40000 ALTER TABLE `hotel_direccion` DISABLE KEYS */;
INSERT INTO `hotel_direccion` VALUES (3,3,2),(4,4,3),(5,5,4),(6,9,5),(8,17,6),(9,19,7),(12,21,9),(13,22,10),(14,23,11),(15,28,12),(16,29,13),(17,30,14),(18,31,15),(19,33,16),(20,34,17);
/*!40000 ALTER TABLE `hotel_direccion` ENABLE KEYS */;
UNLOCK TABLES;

--
-- Table structure for table `hotel_dominios`
--

DROP TABLE IF EXISTS `hotel_dominios`;
/*!40101 SET @saved_cs_client     = @@character_set_client */;
/*!40101 SET character_set_client = utf8 */;
CREATE TABLE `hotel_dominios` (
  `id` int(11) NOT NULL AUTO_INCREMENT,
  `hotel_id` int(11) DEFAULT NULL,
  `dominio` varchar(250) DEFAULT NULL,
  PRIMARY KEY (`id`),
  KEY `fk_dominio_hotel1_idx` (`hotel_id`),
  CONSTRAINT `fk_dominio_hotel1` FOREIGN KEY (`hotel_id`) REFERENCES `hotel` (`id`) ON DELETE NO ACTION ON UPDATE NO ACTION
) ENGINE=InnoDB AUTO_INCREMENT=110 DEFAULT CHARSET=utf8;
/*!40101 SET character_set_client = @saved_cs_client */;

--
-- Dumping data for table `hotel_dominios`
--

LOCK TABLES `hotel_dominios` WRITE;
/*!40000 ALTER TABLE `hotel_dominios` DISABLE KEYS */;
INSERT INTO `hotel_dominios` VALUES (3,6,'www.miradordelobos.com'),(7,9,'www.dominio.com'),(10,13,'www.atlantisfuerteventurarisort.com'),(52,14,'www.hotelbeatrizcostaspa.com'),(53,14,'hotelbeatrizcostaspa.com'),(80,12,'www.hoteldunasclub.com'),(95,5,'www.hotelarenacorralejo.com'),(102,4,'www.villasalicia.com'),(103,4,'villasalicia.com'),(108,3,'www.hoteloasisduna.com'),(109,3,'hoteloasisduna.com');
/*!40000 ALTER TABLE `hotel_dominios` ENABLE KEYS */;
UNLOCK TABLES;

--
-- Table structure for table `hotel_fechas`
--

DROP TABLE IF EXISTS `hotel_fechas`;
/*!40101 SET @saved_cs_client     = @@character_set_client */;
/*!40101 SET character_set_client = utf8 */;
CREATE TABLE `hotel_fechas` (
  `id` int(11) NOT NULL AUTO_INCREMENT,
  `hotel_id` int(11) DEFAULT NULL,
  `fecha` timestamp NULL DEFAULT NULL,
  PRIMARY KEY (`id`)
) ENGINE=InnoDB AUTO_INCREMENT=383 DEFAULT CHARSET=utf8;
/*!40101 SET character_set_client = @saved_cs_client */;

--
-- Dumping data for table `hotel_fechas`
--

LOCK TABLES `hotel_fechas` WRITE;
/*!40000 ALTER TABLE `hotel_fechas` DISABLE KEYS */;
INSERT INTO `hotel_fechas` VALUES (190,14,'2013-12-09 23:00:00'),(191,14,'2013-12-10 23:00:00'),(192,14,'2013-12-11 23:00:00'),(193,14,'2013-12-12 23:00:00'),(194,14,'2013-12-13 23:00:00'),(195,14,'2013-12-14 23:00:00'),(196,14,'2013-12-15 23:00:00'),(197,14,'2013-12-16 23:00:00'),(198,14,'2013-12-17 23:00:00'),(199,14,'2013-12-18 23:00:00'),(200,14,'2013-12-19 23:00:00'),(201,14,'2013-12-20 23:00:00'),(202,14,'2013-12-27 23:00:00'),(203,14,'2013-12-26 23:00:00'),(204,14,'2014-01-02 23:00:00'),(205,14,'2014-01-01 23:00:00'),(206,14,'2013-12-25 23:00:00'),(207,14,'2013-12-31 23:00:00'),(208,14,'2013-12-24 23:00:00'),(209,14,'2013-12-30 23:00:00'),(210,14,'2013-12-23 23:00:00'),(211,14,'2013-12-22 23:00:00'),(212,14,'2013-12-29 23:00:00'),(213,14,'2013-12-28 23:00:00'),(214,14,'2013-12-21 23:00:00'),(277,18,'2013-12-24 23:00:00'),(278,18,'2013-12-23 23:00:00'),(351,4,'2013-12-23 23:00:00'),(352,4,'2013-12-24 23:00:00'),(373,3,'2013-12-23 23:00:00'),(374,3,'2013-12-24 23:00:00'),(375,3,'2013-12-30 23:00:00'),(376,3,'2013-12-31 23:00:00'),(377,3,'2014-01-01 23:00:00'),(378,3,'2013-12-29 23:00:00'),(379,3,'2013-12-31 23:00:00'),(380,3,'2014-01-01 23:00:00'),(381,3,'2013-12-31 23:00:00'),(382,3,'2014-01-01 23:00:00');
/*!40000 ALTER TABLE `hotel_fechas` ENABLE KEYS */;
UNLOCK TABLES;

--
-- Table structure for table `hotel_idioma`
--

DROP TABLE IF EXISTS `hotel_idioma`;
/*!40101 SET @saved_cs_client     = @@character_set_client */;
/*!40101 SET character_set_client = utf8 */;
CREATE TABLE `hotel_idioma` (
  `id` int(11) NOT NULL AUTO_INCREMENT,
  `hotel_id` int(11) NOT NULL,
  `idioma_id` int(11) NOT NULL,
  PRIMARY KEY (`id`),
  KEY `fk_hoteli_hotel_idx` (`hotel_id`),
  KEY `fk_hoteli_idioma1_idx` (`idioma_id`),
  CONSTRAINT `fk_hoteli_hotel1` FOREIGN KEY (`hotel_id`) REFERENCES `hotel` (`id`) ON DELETE NO ACTION ON UPDATE NO ACTION,
  CONSTRAINT `fk_hoteli_idioma1` FOREIGN KEY (`idioma_id`) REFERENCES `idioma` (`id`) ON DELETE NO ACTION ON UPDATE NO ACTION
) ENGINE=InnoDB AUTO_INCREMENT=1512 DEFAULT CHARSET=latin1;
/*!40101 SET character_set_client = @saved_cs_client */;

--
-- Dumping data for table `hotel_idioma`
--

LOCK TABLES `hotel_idioma` WRITE;
/*!40000 ALTER TABLE `hotel_idioma` DISABLE KEYS */;
INSERT INTO `hotel_idioma` VALUES (920,6,1),(921,6,2),(922,6,3),(923,6,4),(924,6,10),(953,8,1),(954,8,2),(955,8,3),(956,8,4),(957,8,5),(958,8,10),(968,9,1),(969,9,2),(970,9,5),(990,13,1),(991,13,2),(992,13,3),(993,13,4),(994,13,5),(995,13,10),(1182,14,1),(1183,14,2),(1184,14,3),(1185,14,4),(1186,14,5),(1187,14,10),(1194,15,1),(1195,15,2),(1196,15,3),(1197,15,4),(1198,15,5),(1199,15,10),(1214,16,1),(1215,16,2),(1216,16,3),(1217,16,4),(1218,16,5),(1219,16,9),(1220,16,10),(1253,17,1),(1254,17,2),(1255,17,3),(1256,17,4),(1257,17,5),(1335,12,1),(1336,12,2),(1337,12,3),(1338,12,4),(1339,12,5),(1340,12,10),(1362,18,1),(1363,18,2),(1364,18,3),(1365,18,4),(1366,18,5),(1367,18,8),(1368,18,10),(1427,5,1),(1428,5,2),(1429,5,3),(1430,5,4),(1431,5,5),(1432,5,7),(1433,5,8),(1434,5,10),(1463,20,1),(1464,20,2),(1465,20,5),(1466,20,10),(1474,4,1),(1475,4,2),(1476,4,3),(1477,4,4),(1478,4,5),(1479,4,7),(1480,4,10),(1497,3,1),(1498,3,2),(1499,3,3),(1500,3,4),(1501,3,5),(1502,3,7),(1503,3,10),(1504,3,11),(1510,19,1),(1511,19,5);
/*!40000 ALTER TABLE `hotel_idioma` ENABLE KEYS */;
UNLOCK TABLES;

--
-- Table structure for table `hotel_moneda`
--

DROP TABLE IF EXISTS `hotel_moneda`;
/*!40101 SET @saved_cs_client     = @@character_set_client */;
/*!40101 SET character_set_client = utf8 */;
CREATE TABLE `hotel_moneda` (
  `id` int(11) NOT NULL AUTO_INCREMENT,
  `hotel_id` int(11) NOT NULL,
  `moneda_id` int(11) NOT NULL,
  PRIMARY KEY (`id`),
  KEY `fk_hotelm_hotel_idx` (`hotel_id`),
  KEY `fk_hotelm_moneda1_idx` (`moneda_id`),
  CONSTRAINT `fk_hotelm_hotel1` FOREIGN KEY (`hotel_id`) REFERENCES `hotel` (`id`) ON DELETE NO ACTION ON UPDATE NO ACTION,
  CONSTRAINT `fk_hotelm_moneda1` FOREIGN KEY (`moneda_id`) REFERENCES `moneda` (`id`) ON DELETE NO ACTION ON UPDATE NO ACTION
) ENGINE=InnoDB AUTO_INCREMENT=706 DEFAULT CHARSET=latin1;
/*!40101 SET character_set_client = @saved_cs_client */;

--
-- Dumping data for table `hotel_moneda`
--

LOCK TABLES `hotel_moneda` WRITE;
/*!40000 ALTER TABLE `hotel_moneda` DISABLE KEYS */;
INSERT INTO `hotel_moneda` VALUES (423,6,1),(424,6,2),(425,6,3),(438,8,1),(439,8,2),(440,8,3),(450,9,1),(451,9,2),(452,9,3),(462,13,1),(463,13,2),(464,13,3),(549,14,1),(550,14,2),(551,14,3),(555,15,1),(556,15,2),(557,15,3),(564,16,1),(565,16,2),(566,16,3),(585,17,1),(586,17,2),(587,17,3),(621,12,1),(622,12,2),(623,12,3),(633,18,1),(634,18,2),(635,18,3),(664,5,1),(665,5,2),(666,5,3),(681,20,1),(682,20,2),(686,4,1),(687,4,2),(688,4,3),(697,3,1),(698,3,2),(699,3,3),(700,3,8),(705,19,1);
/*!40000 ALTER TABLE `hotel_moneda` ENABLE KEYS */;
UNLOCK TABLES;

--
-- Table structure for table `hotel_servicio`
--

DROP TABLE IF EXISTS `hotel_servicio`;
/*!40101 SET @saved_cs_client     = @@character_set_client */;
/*!40101 SET character_set_client = utf8 */;
CREATE TABLE `hotel_servicio` (
  `hotel_id` int(11) NOT NULL,
  `servicio_id` int(11) NOT NULL,
  `id` int(11) NOT NULL AUTO_INCREMENT,
  PRIMARY KEY (`id`),
  KEY `fk_hotel_has_servicio_servicio1_idx` (`servicio_id`),
  KEY `fk_hotel_has_servicio_hotel1_idx` (`hotel_id`),
  CONSTRAINT `fk_hotel_has_servicio_hotel1` FOREIGN KEY (`hotel_id`) REFERENCES `hotel` (`id`) ON DELETE NO ACTION ON UPDATE NO ACTION,
  CONSTRAINT `fk_hotel_has_servicio_servicio1` FOREIGN KEY (`servicio_id`) REFERENCES `servicio` (`id`) ON DELETE NO ACTION ON UPDATE NO ACTION
) ENGINE=InnoDB AUTO_INCREMENT=1874 DEFAULT CHARSET=latin1;
/*!40101 SET character_set_client = @saved_cs_client */;

--
-- Dumping data for table `hotel_servicio`
--

LOCK TABLES `hotel_servicio` WRITE;
/*!40000 ALTER TABLE `hotel_servicio` DISABLE KEYS */;
INSERT INTO `hotel_servicio` VALUES (12,895,1129),(12,896,1130),(12,897,1131),(12,898,1132),(12,899,1133),(12,900,1134),(12,901,1135),(12,902,1136),(12,903,1137),(12,904,1138),(12,905,1139),(12,906,1140),(12,907,1141),(12,908,1142),(12,909,1143),(12,910,1144),(12,911,1145),(12,912,1146),(12,913,1147),(12,914,1148),(12,915,1149),(12,916,1150),(12,917,1151),(12,918,1152),(12,919,1153),(12,920,1154),(12,921,1155),(12,922,1156),(12,624,1157),(13,923,1158),(13,896,1159),(13,924,1160),(13,897,1161),(13,898,1162),(13,925,1163),(13,899,1164),(13,926,1165),(13,927,1166),(13,928,1167),(13,929,1168),(13,930,1169),(13,901,1170),(13,902,1171),(13,931,1172),(13,906,1173),(13,907,1174),(13,908,1175),(13,932,1176),(13,909,1177),(13,933,1178),(13,910,1179),(13,934,1180),(13,911,1181),(13,935,1182),(13,914,1183),(13,936,1184),(13,937,1185),(13,919,1186),(13,920,1187),(13,922,1188),(13,918,1189),(13,921,1190),(13,624,1191),(4,977,1265),(4,978,1266),(4,979,1267),(4,1010,1268),(4,1011,1269),(4,1012,1270),(4,1013,1271),(4,1004,1272),(4,1014,1273),(6,1022,1281),(6,1023,1282),(6,1024,1283),(6,1025,1284),(6,1026,1285),(6,1027,1286),(6,1028,1287),(6,624,1288),(8,923,1289),(8,1029,1290),(8,895,1291),(8,1030,1292),(8,1031,1293),(8,924,1294),(8,897,1295),(8,1032,1296),(8,1033,1297),(8,1034,1298),(8,899,1299),(8,927,1300),(8,928,1301),(8,1035,1302),(8,1036,1303),(8,1037,1304),(8,1038,1305),(8,901,1306),(8,902,1307),(8,904,1308),(8,1039,1309),(8,1040,1310),(8,907,1311),(8,908,1312),(8,1041,1313),(8,932,1314),(8,909,1315),(8,910,1316),(8,934,1317),(8,911,1318),(8,1042,1319),(8,1043,1320),(8,915,1321),(8,916,1322),(8,1044,1323),(8,936,1324),(8,937,1325),(8,1014,1326),(8,1045,1327),(9,1046,1328),(9,1047,1329),(9,1048,1330),(9,1049,1331),(9,1050,1332),(9,1051,1333),(9,1052,1334),(9,1053,1335),(9,1054,1336),(9,1055,1337),(9,1056,1338),(9,1057,1339),(9,1058,1340),(9,1059,1341),(9,1060,1342),(9,1061,1343),(9,1062,1344),(9,1063,1345),(9,1064,1346),(9,1065,1347),(9,1066,1348),(9,1067,1349),(9,1068,1350),(9,1069,1351),(9,1070,1352),(9,1071,1353),(9,1072,1354),(9,1073,1355),(9,1074,1356),(9,1075,1357),(9,1076,1358),(9,1077,1359),(9,1078,1360),(9,1079,1361),(9,1080,1362),(9,1081,1363),(9,1082,1364),(9,1083,1365),(5,1084,1366),(5,1085,1367),(5,1086,1368),(5,1087,1369),(5,1088,1370),(5,1089,1371),(5,1090,1372),(5,1091,1373),(5,1092,1374),(5,1093,1375),(5,1094,1376),(5,1095,1377),(5,1096,1378),(5,1097,1379),(5,1098,1380),(5,1099,1381),(5,1100,1382),(5,1101,1383),(5,1102,1384),(5,1103,1385),(5,1104,1386),(5,1105,1387),(5,1106,1388),(5,1107,1389),(5,1108,1390),(5,1109,1391),(5,1110,1392),(5,1111,1393),(5,1112,1394),(5,1113,1395),(5,1114,1396),(5,1115,1397),(5,1116,1398),(5,1117,1399),(5,1118,1400),(5,1119,1401),(5,1120,1402),(5,1121,1403),(5,1122,1404),(14,923,1405),(14,1029,1406),(14,924,1407),(14,897,1408),(14,1032,1409),(14,1033,1410),(14,1123,1411),(14,898,1412),(14,925,1413),(14,899,1414),(14,1124,1415),(14,926,1416),(14,1125,1417),(14,1126,1418),(14,1127,1419),(14,1035,1420),(14,930,1421),(14,901,1422),(14,902,1423),(14,1039,1424),(14,1128,1425),(14,907,1426),(14,1129,1427),(14,1130,1428),(14,1041,1429),(14,932,1430),(14,1131,1431),(14,909,1432),(14,933,1433),(14,910,1434),(14,934,1435),(14,913,1436),(14,935,1437),(14,914,1438),(14,915,1439),(14,936,1440),(14,937,1441),(14,1014,1442),(15,923,1477),(15,1029,1478),(15,896,1479),(15,1031,1480),(15,924,1481),(15,897,1482),(15,1032,1483),(15,1033,1484),(15,1034,1485),(15,899,1486),(15,1165,1487),(15,1166,1488),(15,900,1489),(15,930,1490),(15,901,1491),(15,902,1492),(15,1167,1493),(15,1168,1494),(15,1128,1495),(15,907,1496),(15,908,1497),(15,1130,1498),(15,1041,1499),(15,932,1500),(15,1169,1501),(15,1170,1502),(15,1171,1503),(15,909,1504),(15,933,1505),(15,910,1506),(15,934,1507),(15,911,1508),(15,913,1509),(15,935,1510),(15,915,1511),(15,916,1512),(15,936,1513),(15,937,1514),(15,1014,1515),(16,1172,1516),(16,1173,1517),(16,1174,1518),(16,1175,1519),(16,1176,1520),(16,1177,1521),(16,1178,1522),(16,1179,1523),(16,1180,1524),(16,1181,1525),(16,1182,1526),(16,1183,1527),(16,1184,1528),(16,1185,1529),(16,1186,1530),(16,1187,1531),(16,1188,1532),(16,1189,1533),(16,1190,1534),(16,1191,1535),(16,1192,1536),(16,1193,1537),(16,1194,1538),(16,1195,1539),(16,1196,1540),(16,1197,1541),(16,624,1542),(17,1198,1543),(17,1199,1544),(17,1200,1545),(17,1201,1546),(17,1202,1547),(17,1203,1548),(17,1204,1549),(17,1205,1550),(17,1206,1551),(17,1207,1552),(17,1208,1553),(17,1209,1554),(17,1210,1555),(17,1211,1556),(17,1212,1557),(17,1213,1558),(17,1214,1559),(17,1215,1560),(17,1216,1561),(17,1217,1562),(17,1218,1563),(17,1219,1564),(17,1220,1565),(17,1221,1566),(17,1222,1567),(17,1223,1568),(17,1224,1569),(17,1225,1570),(17,1226,1571),(17,1227,1572),(17,1228,1573),(18,1229,1574),(18,1230,1575),(18,1231,1576),(18,1232,1577),(18,1233,1578),(18,1234,1579),(18,1235,1580),(18,1236,1581),(18,1237,1582),(18,1238,1583),(18,1239,1584),(18,1240,1585),(18,1241,1586),(18,1242,1587),(18,1243,1588),(18,1244,1589),(18,1245,1590),(18,1246,1591),(18,1247,1592),(18,1248,1593),(18,1249,1594),(18,1250,1595),(18,1251,1596),(18,1252,1597),(18,1253,1598),(18,1254,1599),(18,1255,1600),(18,1256,1601),(18,1257,1602),(18,1258,1603),(18,1259,1604),(18,1260,1605),(18,1261,1606),(18,1262,1607),(18,1263,1608),(3,1384,1729),(3,1385,1730),(3,1386,1731),(3,1387,1732),(3,1388,1733),(3,1389,1734),(3,1390,1735),(3,1391,1736),(3,1392,1737),(3,1393,1738),(3,1394,1739),(3,1395,1740),(3,1396,1741),(3,1397,1742),(3,1398,1743),(3,1399,1744),(3,1400,1745),(3,1401,1746),(3,1402,1747),(3,1403,1748),(3,1404,1749),(3,1405,1750),(3,1406,1751),(3,1407,1752),(3,1408,1753),(3,1409,1754),(3,1410,1755),(3,1411,1756),(3,1412,1757),(3,1413,1758),(3,1414,1759),(3,1415,1760),(3,1416,1761),(3,1417,1762),(20,1418,1763),(20,1419,1764),(20,1420,1765),(20,1421,1766),(20,1422,1767),(20,1423,1768),(20,1424,1769),(20,1425,1770),(20,1426,1771),(20,1427,1772),(20,1428,1773),(20,1429,1774),(20,1430,1775),(20,1431,1776),(20,1432,1777),(20,1433,1778),(20,1434,1779),(20,1435,1780),(20,1436,1781),(20,1437,1782),(20,1438,1783),(20,1439,1784),(20,1440,1785),(20,1441,1786),(20,624,1787),(19,1485,1831),(19,1486,1832),(19,1487,1833),(19,1488,1834),(19,1489,1835),(19,1490,1836),(19,1491,1837),(19,1492,1838),(19,1493,1839),(19,1494,1840),(19,1495,1841),(19,1496,1842),(19,1497,1843),(19,1498,1844),(19,1499,1845),(19,1500,1846),(19,1501,1847),(19,1502,1848),(19,1503,1849),(19,1504,1850),(19,1505,1851),(19,1506,1852),(19,1507,1853),(19,1508,1854),(19,1509,1855),(19,1510,1856),(19,1511,1857),(19,1512,1858),(19,1513,1859),(19,1514,1860),(19,1515,1861),(19,1516,1862),(19,1517,1863),(19,1518,1864),(19,1519,1865),(19,1520,1866),(19,1521,1867),(19,1522,1868),(19,1523,1869),(19,1524,1870),(19,1525,1871),(19,1526,1872),(19,1527,1873);
/*!40000 ALTER TABLE `hotel_servicio` ENABLE KEYS */;
UNLOCK TABLES;

--
-- Table structure for table `idioma`
--

DROP TABLE IF EXISTS `idioma`;
/*!40101 SET @saved_cs_client     = @@character_set_client */;
/*!40101 SET character_set_client = utf8 */;
CREATE TABLE `idioma` (
  `id` int(11) NOT NULL AUTO_INCREMENT,
  `nombre` varchar(200) CHARACTER SET utf8 DEFAULT NULL,
  `codigo` varchar(200) DEFAULT NULL,
  PRIMARY KEY (`id`)
) ENGINE=InnoDB AUTO_INCREMENT=12 DEFAULT CHARSET=latin1;
/*!40101 SET character_set_client = @saved_cs_client */;

--
-- Dumping data for table `idioma`
--

LOCK TABLES `idioma` WRITE;
/*!40000 ALTER TABLE `idioma` DISABLE KEYS */;
INSERT INTO `idioma` VALUES (1,'Espaol','es'),(2,'English','en'),(3,'Deutsch','de'),(4,'Franais','fr'),(5,'Italiano','it'),(6,'','zh'),(7,'','ru'),(8,'etina','cs'),(9,'','ja'),(10,'Portugus','pt'),(11,'Portugus Brasileiro','pt-br');
/*!40000 ALTER TABLE `idioma` ENABLE KEYS */;
UNLOCK TABLES;

--
-- Table structure for table `mail`
--

DROP TABLE IF EXISTS `mail`;
/*!40101 SET @saved_cs_client     = @@character_set_client */;
/*!40101 SET character_set_client = utf8 */;
CREATE TABLE `mail` (
  `id` int(11) NOT NULL AUTO_INCREMENT,
  `email` varchar(250) DEFAULT NULL,
  `mailcol` varchar(45) DEFAULT NULL,
  `mail_tipo_id` int(11) NOT NULL,
  `empresa_id` int(11) NOT NULL,
  PRIMARY KEY (`id`),
  KEY `fk_mail_mail_tipo1_idx` (`mail_tipo_id`),
  KEY `fk_mail_empresa1_idx` (`empresa_id`),
  CONSTRAINT `fk_mail_mail_tipo1` FOREIGN KEY (`mail_tipo_id`) REFERENCES `mail_tipo` (`id`) ON DELETE NO ACTION ON UPDATE NO ACTION,
  CONSTRAINT `fk_mail_empresa1` FOREIGN KEY (`empresa_id`) REFERENCES `empresa` (`id`) ON DELETE NO ACTION ON UPDATE NO ACTION
) ENGINE=InnoDB DEFAULT CHARSET=latin1;
/*!40101 SET character_set_client = @saved_cs_client */;

--
-- Dumping data for table `mail`
--

LOCK TABLES `mail` WRITE;
/*!40000 ALTER TABLE `mail` DISABLE KEYS */;
/*!40000 ALTER TABLE `mail` ENABLE KEYS */;
UNLOCK TABLES;

--
-- Table structure for table `mail_tipo`
--

DROP TABLE IF EXISTS `mail_tipo`;
/*!40101 SET @saved_cs_client     = @@character_set_client */;
/*!40101 SET character_set_client = utf8 */;
CREATE TABLE `mail_tipo` (
  `id` int(11) NOT NULL AUTO_INCREMENT,
  `nombre` varchar(45) DEFAULT NULL,
  PRIMARY KEY (`id`)
) ENGINE=InnoDB DEFAULT CHARSET=latin1;
/*!40101 SET character_set_client = @saved_cs_client */;

--
-- Dumping data for table `mail_tipo`
--

LOCK TABLES `mail_tipo` WRITE;
/*!40000 ALTER TABLE `mail_tipo` DISABLE KEYS */;
/*!40000 ALTER TABLE `mail_tipo` ENABLE KEYS */;
UNLOCK TABLES;

--
-- Table structure for table `moneda`
--

DROP TABLE IF EXISTS `moneda`;
/*!40101 SET @saved_cs_client     = @@character_set_client */;
/*!40101 SET character_set_client = utf8 */;
CREATE TABLE `moneda` (
  `id` int(11) NOT NULL,
  `nombre` varchar(45) DEFAULT NULL,
  `simbolo` varchar(3) DEFAULT NULL,
  `codigo` varchar(4) DEFAULT NULL,
  `tasa_cambio` double DEFAULT NULL,
  PRIMARY KEY (`id`)
) ENGINE=InnoDB DEFAULT CHARSET=latin1;
/*!40101 SET character_set_client = @saved_cs_client */;

--
-- Dumping data for table `moneda`
--

LOCK TABLES `moneda` WRITE;
/*!40000 ALTER TABLE `moneda` DISABLE KEYS */;
INSERT INTO `moneda` VALUES (1,'Euro','','EUR',1),(2,'Dolar','$','USD',1.3592),(3,'Pound','','GBP',0.831989247),(4,'Peso argentino','$','ARS',8.38481144),(5,'Peso chileno','$','CLP',725.413775),(6,'Peso mexicano','$','MXN',17.9841165),(7,'Dolar canadiense','$','CAD',1.44755837),(8,'Real brasileo','R$','BRL',3.1772749);
/*!40000 ALTER TABLE `moneda` ENABLE KEYS */;
UNLOCK TABLES;

--
-- Table structure for table `pais`
--

DROP TABLE IF EXISTS `pais`;
/*!40101 SET @saved_cs_client     = @@character_set_client */;
/*!40101 SET character_set_client = utf8 */;
CREATE TABLE `pais` (
  `id` int(11) NOT NULL,
  `iso2` varchar(2) DEFAULT NULL,
  `iso3` varchar(3) DEFAULT NULL,
  `prefijo` smallint(5) DEFAULT NULL,
  `nombre` varchar(100) DEFAULT NULL,
  `continente` varchar(16) DEFAULT NULL,
  `subcontinente` varchar(32) DEFAULT NULL,
  `iso_moneda` varchar(3) DEFAULT NULL,
  `nombre_moneda` varchar(100) DEFAULT NULL,
  PRIMARY KEY (`id`)
) ENGINE=InnoDB DEFAULT CHARSET=latin1;
/*!40101 SET character_set_client = @saved_cs_client */;

--
-- Dumping data for table `pais`
--

LOCK TABLES `pais` WRITE;
/*!40000 ALTER TABLE `pais` DISABLE KEYS */;
INSERT INTO `pais` VALUES (4,'AF','AFG',93,'Afganistn','Asia',NULL,'AFN','Afgani afgano'),(8,'AL','ALB',355,'Albania','Europa',NULL,'ALL','Lek albans'),(10,'AQ','ATA',672,'Antrtida','Antrtida',NULL,NULL,NULL),(12,'DZ','DZA',213,'Argelia','frica',NULL,'DZD','Dinar algerino'),(16,'AS','ASM',1684,'Samoa Americana','Oceana',NULL,NULL,NULL),(20,'AD','AND',376,'Andorra','Europa',NULL,'EUR','Euro'),(24,'AO','AGO',244,'Angola','frica',NULL,'AOA','Kwanza angoleo'),(28,'AG','ATG',1268,'Antigua y Barbuda','Amrica','El Caribe',NULL,NULL),(31,'AZ','AZE',994,'Azerbaiyn','Asia',NULL,'AZM','Manat azerbaiyano'),(32,'AR','ARG',54,'Argentina','Amrica','Amrica del Sur','ARS','Peso argentino'),(36,'AU','AUS',61,'Australia','Oceana',NULL,'AUD','Dlar australiano'),(40,'AT','AUT',43,'Austria','Europa',NULL,'EUR','Euro'),(44,'BS','BHS',1242,'Bahamas','Amrica','El Caribe','BSD','Dlar bahameo'),(48,'BH','BHR',973,'Bahrin','Asia',NULL,'BHD','Dinar bahrein'),(50,'BD','BGD',880,'Bangladesh','Asia',NULL,'BDT','Taka de Bangladesh'),(51,'AM','ARM',374,'Armenia','Asia',NULL,'AMD','Dram armenio'),(52,'BB','BRB',1246,'Barbados','Amrica','El Caribe','BBD','Dlar de Barbados'),(56,'BE','BEL',32,'Blgica','Europa',NULL,'EUR','Euro'),(60,'BM','BMU',1441,'Bermudas','Amrica','El Caribe','BMD','Dlar de Bermuda'),(64,'BT','BTN',975,'Bhutn','Asia',NULL,'BTN','Ngultrum de Butn'),(68,'BO','BOL',591,'Bolivia','Amrica','Amrica del Sur','BOB','Boliviano'),(70,'BA','BIH',387,'Bosnia y Herzegovina','Europa',NULL,'BAM','Marco convertible de Bosnia-Herzegovina'),(72,'BW','BWA',267,'Botsuana','frica',NULL,'BWP','Pula de Botsuana'),(74,'BV','BVT',0,'Isla Bouvet',NULL,NULL,NULL,NULL),(76,'BR','BRA',55,'Brasil','Amrica','Amrica del Sur','BRL','Real brasileo'),(84,'BZ','BLZ',501,'Belice','Amrica','Amrica Central','BZD','Dlar de Belice'),(86,'IO','IOT',0,'Territorio Britnico del Ocano ndico',NULL,NULL,NULL,NULL),(90,'SB','SLB',677,'Islas Salomn','Oceana',NULL,'SBD','Dlar de las Islas Salomn'),(92,'VG','VGB',1284,'Islas Vrgenes Britnicas','Amrica','El Caribe',NULL,NULL),(96,'BN','BRN',673,'Bruni','Asia',NULL,'BND','Dlar de Bruni'),(100,'BG','BGR',359,'Bulgaria','Europa',NULL,'BGN','Lev blgaro'),(104,'MM','MMR',95,'Myanmar','Asia',NULL,'MMK','Kyat birmano'),(108,'BI','BDI',257,'Burundi','frica',NULL,'BIF','Franco burunds'),(112,'BY','BLR',375,'Bielorrusia','Europa',NULL,'BYR','Rublo bielorruso'),(116,'KH','KHM',855,'Camboya','Asia',NULL,'KHR','Riel camboyano'),(120,'CM','CMR',237,'Camern','frica',NULL,NULL,NULL),(124,'CA','CAN',1,'Canad','Amrica','Amrica del Norte','CAD','Dlar canadiense'),(132,'CV','CPV',238,'Cabo Verde','frica',NULL,'CVE','Escudo caboverdiano'),(136,'KY','CYM',1345,'Islas Caimn','Amrica','El Caribe','KYD','Dlar caimano (de Islas Caimn)'),(140,'CF','CAF',236,'Repblica Centroafricana','frica',NULL,NULL,NULL),(144,'LK','LKA',94,'Sri Lanka','Asia',NULL,'LKR','Rupia de Sri Lanka'),(148,'TD','TCD',235,'Chad','frica',NULL,NULL,NULL),(152,'CL','CHL',56,'Chile','Amrica','Amrica del Sur','CLP','Peso chileno'),(156,'CN','CHN',86,'China','Asia',NULL,'CNY','Yuan Renminbi de China'),(158,'TW','TWN',886,'Taiwn','Asia',NULL,'TWD','Dlar taiwans'),(162,'CX','CXR',61,'Isla de Navidad','Oceana',NULL,NULL,NULL),(166,'CC','CCK',61,'Islas Cocos','ceana',NULL,NULL,NULL),(170,'CO','COL',57,'Colombia','Amrica','Amrica del Sur','COP','Peso colombiano'),(174,'KM','COM',269,'Comoras','frica',NULL,'KMF','Franco comoriano (de Comoras)'),(175,'YT','MYT',262,'Mayotte','frica',NULL,NULL,NULL),(178,'CG','COG',242,'Congo','frica',NULL,NULL,NULL),(180,'CD','COD',243,'Repblica Democrtica del Congo','frica',NULL,'CDF','Franco congoleo'),(184,'CK','COK',682,'Islas Cook','Oceana',NULL,NULL,NULL),(188,'CR','CRI',506,'Costa Rica','Amrica','Amrica Central','CRC','Coln costarricense'),(191,'HR','HRV',385,'Croacia','Europa',NULL,'HRK','Kuna croata'),(192,'CU','CUB',53,'Cuba','Amrica','El Caribe','CUP','Peso cubano'),(196,'CY','CYP',357,'Chipre','Europa',NULL,'CYP','Libra chipriota'),(203,'CZ','CZE',420,'Repblica Checa','Europa',NULL,'CZK','Koruna checa'),(204,'BJ','BEN',229,'Benn','frica',NULL,NULL,NULL),(208,'DK','DNK',45,'Dinamarca','Europa',NULL,'DKK','Corona danesa'),(212,'DM','DMA',1767,'Dominica','Amrica','El Caribe',NULL,NULL),(214,'DO','DOM',1809,'Repblica Dominicana','Amrica','El Caribe','DOP','Peso dominicano'),(218,'EC','ECU',593,'Ecuador','Amrica','Amrica del Sur',NULL,NULL),(222,'SV','SLV',503,'El Salvador','Amrica','Amrica Central','SVC','Coln salvadoreo'),(226,'GQ','GNQ',240,'Guinea Ecuatorial','frica',NULL,NULL,NULL),(231,'ET','ETH',251,'Etiopa','frica',NULL,'ETB','Birr etope'),(232,'ER','ERI',291,'Eritrea','frica',NULL,'ERN','Nakfa eritreo'),(233,'EE','EST',372,'Estonia','Europa',NULL,'EEK','Corona estonia'),(234,'FO','FRO',298,'Islas Feroe','Europa',NULL,NULL,NULL),(238,'FK','FLK',500,'Islas Malvinas','Amrica','Amrica del Sur','FKP','Libra malvinense'),(239,'GS','SGS',0,'Islas Georgias del Sur y Sandwich del Sur','Amrica','Amrica del Sur',NULL,NULL),(242,'FJ','FJI',679,'Fiyi','Oceana',NULL,'FJD','Dlar fijiano'),(246,'FI','FIN',358,'Finlandia','Europa',NULL,'EUR','Euro'),(248,'AX','ALA',0,'Islas Gland','Europa',NULL,NULL,NULL),(250,'FR','FRA',33,'Francia','Europa',NULL,'EUR','Euro'),(254,'GF','GUF',0,'Guayana Francesa','Amrica','Amrica del Sur',NULL,NULL),(258,'PF','PYF',689,'Polinesia Francesa','Oceana',NULL,NULL,NULL),(260,'TF','ATF',0,'Territorios Australes Franceses',NULL,NULL,NULL,NULL),(262,'DJ','DJI',253,'Yibuti','frica',NULL,'DJF','Franco yibutiano'),(266,'GA','GAB',241,'Gabn','frica',NULL,NULL,NULL),(268,'GE','GEO',995,'Georgia','Europa',NULL,'GEL','Lari georgiano'),(270,'GM','GMB',220,'Gambia','frica',NULL,'GMD','Dalasi gambiano'),(275,'PS','PSE',0,'Palestina','Asia',NULL,NULL,NULL),(276,'DE','DEU',49,'Alemania','Europa',NULL,'EUR','Euro'),(288,'GH','GHA',233,'Ghana','frica',NULL,'GHC','Cedi ghans'),(292,'GI','GIB',350,'Gibraltar','Europa',NULL,'GIP','Libra de Gibraltar'),(296,'KI','KIR',686,'Kiribati','Oceana',NULL,NULL,NULL),(300,'GR','GRC',30,'Grecia','Europa',NULL,'EUR','Euro'),(304,'GL','GRL',299,'Groenlandia','Amrica','Amrica del Norte',NULL,NULL),(308,'GD','GRD',1473,'Granada','Amrica','El Caribe',NULL,NULL),(312,'GP','GLP',0,'Guadalupe','Amrica','El Caribe',NULL,NULL),(316,'GU','GUM',1671,'Guam','Oceana',NULL,NULL,NULL),(320,'GT','GTM',502,'Guatemala','Amrica','Amrica Central','GTQ','Quetzal guatemalteco'),(324,'GN','GIN',224,'Guinea','frica',NULL,'GNF','Franco guineano'),(328,'GY','GUY',592,'Guyana','Amrica','Amrica del Sur','GYD','Dlar guyans'),(332,'HT','HTI',509,'Hait','Amrica','El Caribe','HTG','Gourde haitiano'),(334,'HM','HMD',0,'Islas Heard y McDonald','Oceana',NULL,NULL,NULL),(336,'VA','VAT',39,'Ciudad del Vaticano','Europa',NULL,NULL,NULL),(340,'HN','HND',504,'Honduras','Amrica','Amrica Central','HNL','Lempira hondureo'),(344,'HK','HKG',852,'Hong Kong','Asia',NULL,'HKD','Dlar de Hong Kong'),(348,'HU','HUN',36,'Hungra','Europa',NULL,'HUF','Forint hngaro'),(352,'IS','ISL',354,'Islandia','Europa',NULL,'ISK','Krna islandesa'),(356,'IN','IND',91,'India','Asia',NULL,'INR','Rupia india'),(360,'ID','IDN',62,'Indonesia','Asia',NULL,'IDR','Rupiah indonesia'),(364,'IR','IRN',98,'Irn','Asia',NULL,'IRR','Rial iran'),(368,'IQ','IRQ',964,'Iraq','Asia',NULL,'IQD','Dinar iraqu'),(372,'IE','IRL',353,'Irlanda','Europa',NULL,'EUR','Euro'),(376,'IL','ISR',972,'Israel','Asia',NULL,'ILS','Nuevo shquel israel'),(380,'IT','ITA',39,'Italia','Europa',NULL,'EUR','Euro'),(384,'CI','CIV',225,'Costa de Marfil','frica',NULL,NULL,NULL),(388,'JM','JAM',1876,'Jamaica','Amrica','El Caribe','JMD','Dlar jamaicano'),(392,'JP','JPN',81,'Japn','Asia',NULL,'JPY','Yen japons'),(398,'KZ','KAZ',7,'Kazajstn','Asia',NULL,'KZT','Tenge kazajo'),(400,'JO','JOR',962,'Jordania','Asia',NULL,'JOD','Dinar jordano'),(404,'KE','KEN',254,'Kenia','frica',NULL,'KES','Cheln keniata'),(408,'KP','PRK',850,'Corea del Norte','Asia',NULL,'KPW','Won norcoreano'),(410,'KR','KOR',82,'Corea del Sur','Asia',NULL,'KRW','Won surcoreano'),(414,'KW','KWT',965,'Kuwait','Asia',NULL,'KWD','Dinar kuwait'),(417,'KG','KGZ',996,'Kirguistn','Asia',NULL,'KGS','Som kirgus (de Kirguistn)'),(418,'LA','LAO',856,'Laos','Asia',NULL,'LAK','Kip lao'),(422,'LB','LBN',961,'Lbano','Asia',NULL,'LBP','Libra libanesa'),(426,'LS','LSO',266,'Lesotho','frica',NULL,'LSL','Loti lesotense'),(428,'LV','LVA',371,'Letonia','Europa',NULL,'LVL','Lat letn'),(430,'LR','LBR',231,'Liberia','frica',NULL,'LRD','Dlar liberiano'),(434,'LY','LBY',218,'Libia','frica',NULL,'LYD','Dinar libio'),(438,'LI','LIE',423,'Liechtenstein','Europa',NULL,NULL,NULL),(440,'LT','LTU',370,'Lituania','Europa',NULL,'LTL','Litas lituano'),(442,'LU','LUX',352,'Luxemburgo','Europa',NULL,'EUR','Euro'),(446,'MO','MAC',853,'Macao','Asia',NULL,'MOP','Pataca de Macao'),(450,'MG','MDG',261,'Madagascar','frica',NULL,'MGA','Ariary malgache'),(454,'MW','MWI',265,'Malaui','frica',NULL,'MWK','Kwacha malauiano'),(458,'MY','MYS',60,'Malasia','Asia',NULL,'MYR','Ringgit malayo'),(462,'MV','MDV',960,'Maldivas','Asia',NULL,'MVR','Rufiyaa maldiva'),(466,'ML','MLI',223,'Mal','frica',NULL,NULL,NULL),(470,'MT','MLT',356,'Malta','Europa',NULL,'MTL','Lira maltesa'),(474,'MQ','MTQ',0,'Martinica','Amrica','El Caribe',NULL,NULL),(478,'MR','MRT',222,'Mauritania','frica',NULL,'MRO','Ouguiya mauritana'),(480,'MU','MUS',230,'Mauricio','frica',NULL,'MUR','Rupia mauricia'),(484,'MX','MEX',52,'Mxico','Amrica','Amrica del Norte','MXN','Peso mexicano'),(492,'MC','MCO',377,'Mnaco','Europa',NULL,NULL,NULL),(496,'MN','MNG',976,'Mongolia','Asia',NULL,'MNT','Tughrik mongol'),(498,'MD','MDA',373,'Moldavia','Europa',NULL,'MDL','Leu moldavo'),(499,'ME','MNE',382,'Montenegro','Europa',NULL,NULL,NULL),(500,'MS','MSR',1664,'Montserrat','Amrica','El Caribe',NULL,NULL),(504,'MA','MAR',212,'Marruecos','frica',NULL,'MAD','Dirham marroqu'),(508,'MZ','MOZ',258,'Mozambique','frica',NULL,'MZM','Metical mozambiqueo'),(512,'OM','OMN',968,'Omn','Asia',NULL,'OMR','Rial oman'),(516,'NA','NAM',264,'Namibia','frica',NULL,'NAD','Dlar namibio'),(520,'NR','NRU',674,'Nauru','Oceana',NULL,NULL,NULL),(524,'NP','NPL',977,'Nepal','Asia',NULL,'NPR','Rupia nepalesa'),(528,'NL','NLD',31,'Pases Bajos','Europa',NULL,'EUR','Euro'),(530,'AN','ANT',599,'Antillas Holandesas','Amrica','El Caribe','ANG','Florn antillano neerlands'),(533,'AW','ABW',297,'Aruba','Amrica','El Caribe','AWG','Florn arubeo'),(540,'NC','NCL',687,'Nueva Caledonia','Oceana',NULL,NULL,NULL),(548,'VU','VUT',678,'Vanuatu','Oceana',NULL,'VUV','Vatu vanuatense'),(554,'NZ','NZL',64,'Nueva Zelanda','Oceana',NULL,'NZD','Dlar neozelands'),(558,'NI','NIC',505,'Nicaragua','Amrica','Amrica Central','NIO','Crdoba nicaragense'),(562,'NE','NER',227,'Nger','frica',NULL,NULL,NULL),(566,'NG','NGA',234,'Nigeria','frica',NULL,'NGN','Naira nigeriana'),(570,'NU','NIU',683,'Niue','Oceana',NULL,NULL,NULL),(574,'NF','NFK',0,'Isla Norfolk','Oceana',NULL,NULL,NULL),(578,'NO','NOR',47,'Noruega','Europa',NULL,'NOK','Corona noruega'),(580,'MP','MNP',1670,'Islas Marianas del Norte','Oceana',NULL,NULL,NULL),(581,'UM','UMI',0,'Islas Ultramarinas de Estados Unidos',NULL,NULL,NULL,NULL),(583,'FM','FSM',691,'Micronesia','Oceana',NULL,NULL,NULL),(584,'MH','MHL',692,'Islas Marshall','Oceana',NULL,NULL,NULL),(585,'PW','PLW',680,'Palaos','Oceana',NULL,NULL,NULL),(586,'PK','PAK',92,'Pakistn','Asia',NULL,'PKR','Rupia pakistan'),(591,'PA','PAN',507,'Panam','Amrica','Amrica Central','PAB','Balboa panamea'),(598,'PG','PNG',675,'Papa Nueva Guinea','Oceana',NULL,'PGK','Kina de Papa Nueva Guinea'),(600,'PY','PRY',595,'Paraguay','Amrica','Amrica del Sur','PYG','Guaran paraguayo'),(604,'PE','PER',51,'Per','Amrica','Amrica del Sur','PEN','Nuevo sol peruano'),(608,'PH','PHL',63,'Filipinas','Asia',NULL,'PHP','Peso filipino'),(612,'PN','PCN',870,'Islas Pitcairn','Oceana',NULL,NULL,NULL),(616,'PL','POL',48,'Polonia','Europa',NULL,'PLN','zloty polaco'),(620,'PT','PRT',351,'Portugal','Europa',NULL,'EUR','Euro'),(624,'GW','GNB',245,'Guinea-Bissau','frica',NULL,NULL,NULL),(626,'TL','TLS',670,'Timor Oriental','Asia',NULL,NULL,NULL),(630,'PR','PRI',1,'Puerto Rico','Amrica','El Caribe',NULL,NULL),(634,'QA','QAT',974,'Qatar','Asia',NULL,'QAR','Rial qatar'),(638,'RE','REU',262,'Reunin','frica',NULL,NULL,NULL),(642,'RO','ROU',40,'Rumania','Europa',NULL,'RON','Leu rumano'),(643,'RU','RUS',7,'Rusia','Asia',NULL,'RUB','Rublo ruso'),(646,'RW','RWA',250,'Ruanda','frica',NULL,'RWF','Franco ruands'),(654,'SH','SHN',290,'Santa Helena','frica',NULL,'SHP','Libra de Santa Helena'),(659,'KN','KNA',1869,'San Cristbal y Nieves','Amrica','El Caribe',NULL,NULL),(660,'AI','AIA',1264,'Anguila','Amrica','El Caribe',NULL,NULL),(662,'LC','LCA',1758,'Santa Luca','Amrica','El Caribe',NULL,NULL),(666,'PM','SPM',508,'San Pedro y Miqueln','Amrica','Amrica del Norte',NULL,NULL),(670,'VC','VCT',1784,'San Vicente y las Granadinas','Amrica','El Caribe',NULL,NULL),(674,'SM','SMR',378,'San Marino','Europa',NULL,NULL,NULL),(678,'ST','STP',239,'Santo Tom y Prncipe','frica',NULL,'STD','Dobra de Santo Tom y Prncipe'),(682,'SA','SAU',966,'Arabia Saud','Asia',NULL,'SAR','Riyal saud'),(686,'SN','SEN',221,'Senegal','frica',NULL,NULL,NULL),(688,'RS','SRB',381,'Serbia','Europa',NULL,NULL,NULL),(690,'SC','SYC',248,'Seychelles','frica',NULL,'SCR','Rupia de Seychelles'),(694,'SL','SLE',232,'Sierra Leona','frica',NULL,'SLL','Leone de Sierra Leona'),(702,'SG','SGP',65,'Singapur','Asia',NULL,'SGD','Dlar de Singapur'),(703,'SK','SVK',421,'Eslovaquia','Europa',NULL,'SKK','Corona eslovaca'),(704,'VN','VNM',84,'Vietnam','Asia',NULL,'VND','Dong vietnamita'),(705,'SI','SVN',386,'Eslovenia','Europa',NULL,NULL,NULL),(706,'SO','SOM',252,'Somalia','frica',NULL,'SOS','Cheln somal'),(710,'ZA','ZAF',27,'Sudfrica','frica',NULL,'ZAR','Rand sudafricano'),(716,'ZW','ZWE',263,'Zimbabue','frica',NULL,'ZWL','Dlar zimbabuense'),(724,'ES','ESP',34,'Espaa','Europa',NULL,'EUR','Euro'),(732,'EH','ESH',0,'Sahara Occidental','frica',NULL,NULL,NULL),(736,'SD','SDN',249,'Sudn','frica',NULL,'SDD','Dinar sudans'),(740,'SR','SUR',597,'Surinam','Amrica','Amrica del Sur','SRD','Dlar surinams'),(744,'SJ','SJM',0,'Svalbard y Jan Mayen','Europa',NULL,NULL,NULL),(748,'SZ','SWZ',268,'Suazilandia','frica',NULL,'SZL','Lilangeni suazi'),(752,'SE','SWE',46,'Suecia','Europa',NULL,'SEK','Corona sueca'),(756,'CH','CHE',41,'Suiza','Europa',NULL,'CHF','Franco suizo'),(760,'SY','SYR',963,'Siria','Asia',NULL,'SYP','Libra siria'),(762,'TJ','TJK',992,'Tayikistn','Asia',NULL,'TJS','Somoni tayik (de Tayikistn)'),(764,'TH','THA',66,'Tailandia','Asia',NULL,'THB','Baht tailands'),(768,'TG','TGO',228,'Togo','frica',NULL,NULL,NULL),(772,'TK','TKL',690,'Tokelau','Oceana',NULL,NULL,NULL),(776,'TO','TON',676,'Tonga','Oceana',NULL,'TOP','Pa\'anga tongano'),(780,'TT','TTO',1868,'Trinidad y Tobago','Amrica','El Caribe','TTD','Dlar de Trinidad y Tobago'),(784,'AE','ARE',971,'Emiratos rabes Unidos','Asia',NULL,'AED','Dirham de los Emiratos rabes Unidos'),(788,'TN','TUN',216,'Tnez','frica',NULL,'TND','Dinar tunecino'),(792,'TR','TUR',90,'Turqua','Asia',NULL,'TRY','Lira turca'),(795,'TM','TKM',993,'Turkmenistn','Asia',NULL,'TMM','Manat turcomano'),(796,'TC','TCA',1649,'Islas Turcas y Caicos','Amrica','El Caribe',NULL,NULL),(798,'TV','TUV',688,'Tuvalu','Oceana',NULL,NULL,NULL),(800,'UG','UGA',256,'Uganda','frica',NULL,'UGX','Cheln ugands'),(804,'UA','UKR',380,'Ucrania','Europa',NULL,'UAH','Grivna ucraniana'),(807,'MK','MKD',389,'Macedonia','Europa',NULL,'MKD','Denar macedonio'),(818,'EG','EGY',20,'Egipto','frica',NULL,'EGP','Libra egipcia'),(826,'GB','GBR',44,'Reino Unido','Europa',NULL,'GBP','Libra esterlina (libra de Gran Bretaa)'),(834,'TZ','TZA',255,'Tanzania','frica',NULL,'TZS','Cheln tanzano'),(840,'US','USA',1,'Estados Unidos','Amrica','Amrica del Norte','USD','Dlar estadounidense'),(850,'VI','VIR',1340,'Islas Vrgenes de los Estados Unidos','Amrica','El Caribe',NULL,NULL),(854,'BF','BFA',226,'Burkina Faso','frica',NULL,NULL,NULL),(858,'UY','URY',598,'Uruguay','Amrica','Amrica del Sur','UYU','Peso uruguayo'),(860,'UZ','UZB',998,'Uzbekistn','Asia',NULL,'UZS','Som uzbeko'),(862,'VE','VEN',58,'Venezuela','Amrica','Amrica del Sur','VEB','Bolvar venezolano'),(876,'WF','WLF',681,'Wallis y Futuna','Oceana',NULL,NULL,NULL),(882,'WS','WSM',685,'Samoa','Oceana',NULL,'WST','Tala samoana'),(887,'YE','YEM',967,'Yemen','Asia',NULL,'YER','Rial yemen (de Yemen)'),(894,'ZM','ZMB',260,'Zambia','frica',NULL,'ZMK','Kwacha zambiano');
/*!40000 ALTER TABLE `pais` ENABLE KEYS */;
UNLOCK TABLES;

--
-- Table structure for table `permiso`
--

DROP TABLE IF EXISTS `permiso`;
/*!40101 SET @saved_cs_client     = @@character_set_client */;
/*!40101 SET character_set_client = utf8 */;
CREATE TABLE `permiso` (
  `id` int(11) NOT NULL AUTO_INCREMENT,
  `nombre` varchar(200) DEFAULT NULL,
  PRIMARY KEY (`id`)
) ENGINE=InnoDB DEFAULT CHARSET=latin1;
/*!40101 SET character_set_client = @saved_cs_client */;

--
-- Dumping data for table `permiso`
--

LOCK TABLES `permiso` WRITE;
/*!40000 ALTER TABLE `permiso` DISABLE KEYS */;
/*!40000 ALTER TABLE `permiso` ENABLE KEYS */;
UNLOCK TABLES;

--
-- Table structure for table `promocion`
--

DROP TABLE IF EXISTS `promocion`;
/*!40101 SET @saved_cs_client     = @@character_set_client */;
/*!40101 SET character_set_client = utf8 */;
CREATE TABLE `promocion` (
  `id` int(11) NOT NULL AUTO_INCREMENT,
  `inicio` timestamp NULL DEFAULT NULL,
  `fin` timestamp NULL DEFAULT NULL,
  `descuento_booking` double DEFAULT NULL,
  `tipo_descuento_booking` varchar(50) DEFAULT NULL,
  `hotel_id` int(11) NOT NULL,
  `estancia_minima` int(11) DEFAULT NULL,
  `venta_anticipada` int(11) DEFAULT NULL,
  PRIMARY KEY (`id`),
  KEY `fk_promocion_hotel1_idx` (`hotel_id`),
  CONSTRAINT `fk_promocion_hotel1` FOREIGN KEY (`hotel_id`) REFERENCES `hotel` (`id`) ON DELETE NO ACTION ON UPDATE NO ACTION
) ENGINE=InnoDB DEFAULT CHARSET=latin1;
/*!40101 SET character_set_client = @saved_cs_client */;

--
-- Dumping data for table `promocion`
--

LOCK TABLES `promocion` WRITE;
/*!40000 ALTER TABLE `promocion` DISABLE KEYS */;
/*!40000 ALTER TABLE `promocion` ENABLE KEYS */;
UNLOCK TABLES;

--
-- Table structure for table `reglas_cupones`
--

DROP TABLE IF EXISTS `reglas_cupones`;
/*!40101 SET @saved_cs_client     = @@character_set_client */;
/*!40101 SET character_set_client = utf8 */;
CREATE TABLE `reglas_cupones` (
  `id` int(11) NOT NULL AUTO_INCREMENT,
  `configuracion_id` int(11) NOT NULL,
  `monto` double DEFAULT NULL,
  `descuento` double DEFAULT NULL,
  `tipo_descuento` varchar(50) DEFAULT NULL,
  PRIMARY KEY (`id`),
  KEY `fk_reglas_cupones_configuracion1_idx` (`configuracion_id`),
  CONSTRAINT `fk_reglas_cupones_configuracion1` FOREIGN KEY (`configuracion_id`) REFERENCES `configuracion` (`id`) ON DELETE NO ACTION ON UPDATE NO ACTION
) ENGINE=InnoDB AUTO_INCREMENT=19 DEFAULT CHARSET=latin1;
/*!40101 SET character_set_client = @saved_cs_client */;

--
-- Dumping data for table `reglas_cupones`
--

LOCK TABLES `reglas_cupones` WRITE;
/*!40000 ALTER TABLE `reglas_cupones` DISABLE KEYS */;
INSERT INTO `reglas_cupones` VALUES (18,1,300,10,'');
/*!40000 ALTER TABLE `reglas_cupones` ENABLE KEYS */;
UNLOCK TABLES;

--
-- Table structure for table `reserva`
--

DROP TABLE IF EXISTS `reserva`;
/*!40101 SET @saved_cs_client     = @@character_set_client */;
/*!40101 SET character_set_client = utf8 */;
CREATE TABLE `reserva` (
  `id` int(11) NOT NULL AUTO_INCREMENT,
  `usuario_id` int(11) NOT NULL,
  `peticiones_especiales` text,
  `tiempo_creacion` timestamp NULL DEFAULT NULL,
  `ultima_modificacion` timestamp NULL DEFAULT NULL,
  `hora_prevista` varchar(45) DEFAULT NULL,
  `total` double DEFAULT NULL,
  `moneda` varchar(45) DEFAULT NULL,
  `estado` varchar(45) DEFAULT NULL,
  `hotel_id` int(11) DEFAULT NULL,
  PRIMARY KEY (`id`),
  KEY `fk_reserva_usuario1_idx` (`usuario_id`),
  KEY `fk_reserva_hotel1` (`hotel_id`),
  CONSTRAINT `fk_reserva_hotel1` FOREIGN KEY (`hotel_id`) REFERENCES `hotel` (`id`) ON DELETE NO ACTION ON UPDATE NO ACTION,
  CONSTRAINT `fk_reserva_usuario1` FOREIGN KEY (`usuario_id`) REFERENCES `usuario` (`id`) ON DELETE NO ACTION ON UPDATE NO ACTION
) ENGINE=InnoDB AUTO_INCREMENT=23 DEFAULT CHARSET=latin1;
/*!40101 SET character_set_client = @saved_cs_client */;

--
-- Dumping data for table `reserva`
--

LOCK TABLES `reserva` WRITE;
/*!40000 ALTER TABLE `reserva` DISABLE KEYS */;
INSERT INTO `reserva` VALUES (2,2,'','2013-11-30 23:00:00','0000-00-00 00:00:00','',621.76,'','',NULL),(3,3,'','2013-12-01 23:00:00','0000-00-00 00:00:00','',533.36,'','',NULL),(4,4,'','2013-12-01 23:00:00','0000-00-00 00:00:00','',533.36,'','',NULL),(5,5,'','2013-12-01 23:00:00','0000-00-00 00:00:00','',373.08,'','',NULL),(6,7,'','2013-12-01 23:00:00','0000-00-00 00:00:00','',469.8,'','',NULL),(7,8,'','2013-12-05 23:00:00','0000-00-00 00:00:00','',6659,'','',NULL),(8,9,'','2013-12-06 23:00:00','0000-00-00 00:00:00','',354.4,'','',NULL),(9,10,'','2013-12-07 23:00:00','0000-00-00 00:00:00','',509,'','',NULL),(10,11,'','2013-12-08 23:00:00','2013-12-09 23:00:00','',340.72,'','Cancelada por el administrador',NULL),(11,12,'','2013-12-08 23:00:00','0000-00-00 00:00:00','',340.72,'','',NULL),(12,13,'','2013-12-08 23:00:00','0000-00-00 00:00:00','',480,'','',NULL),(13,15,'','2013-12-08 23:00:00','0000-00-00 00:00:00','',314.8,'','',NULL),(14,1,'','2013-12-08 23:00:00','0000-00-00 00:00:00','',179,'','',NULL),(15,1,'','2013-12-09 23:00:00','0000-00-00 00:00:00','',211.24,'','',NULL),(16,2,'','2013-12-09 23:00:00','0000-00-00 00:00:00','',237.6,'','',NULL),(17,1,'','2013-12-09 23:00:00','0000-00-00 00:00:00','',198,'','',NULL),(18,2,'','2013-12-09 23:00:00','0000-00-00 00:00:00','',277.2,'','',NULL),(19,1,'','2013-12-09 23:00:00','0000-00-00 00:00:00','',240.4,'','',NULL),(20,1,'','2013-12-10 23:00:00','0000-00-00 00:00:00','',210.4,'','',3),(21,2,'','2013-12-10 23:00:00','0000-00-00 00:00:00','',374.8,'','',3),(22,2,'','2013-12-11 23:00:00','0000-00-00 00:00:00','',540,'','',3);
/*!40000 ALTER TABLE `reserva` ENABLE KEYS */;
UNLOCK TABLES;

--
-- Table structure for table `reserva_pago`
--

DROP TABLE IF EXISTS `reserva_pago`;
/*!40101 SET @saved_cs_client     = @@character_set_client */;
/*!40101 SET character_set_client = utf8 */;
CREATE TABLE `reserva_pago` (
  `id` int(11) NOT NULL AUTO_INCREMENT,
  `forma_pago` varchar(45) DEFAULT NULL,
  `autorizacion` text,
  `request` text,
  `importe` double DEFAULT NULL,
  `concepto` text,
  `estado` varchar(45) DEFAULT NULL,
  `tiempo_creacion` timestamp NULL DEFAULT NULL,
  `ultima_modificacion` timestamp NULL DEFAULT NULL,
  `origen` varchar(45) DEFAULT NULL,
  `validada` tinyint(1) DEFAULT NULL,
  `comentario` text,
  `tipo` varchar(45) DEFAULT NULL,
  `reserva_id` int(11) NOT NULL,
  `tarjeta_tipo` varchar(45) DEFAULT NULL,
  `caducidad_mes` int(11) DEFAULT NULL,
  `caducidad_anio` int(11) DEFAULT NULL,
  `paypal` text,
  `tarjeta_numero` text,
  `cvv` text,
  `moneda_id` int(11) DEFAULT NULL,
  PRIMARY KEY (`id`),
  KEY `fk_reserva_pago_reserva1_idx` (`reserva_id`),
  KEY `fk_reserva_pago_moneda1_idx` (`moneda_id`),
  CONSTRAINT `fk_reserva_pago_reserva1` FOREIGN KEY (`reserva_id`) REFERENCES `reserva` (`id`) ON DELETE NO ACTION ON UPDATE NO ACTION,
  CONSTRAINT `fk_reserva_pago_moneda1` FOREIGN KEY (`moneda_id`) REFERENCES `moneda` (`id`) ON DELETE NO ACTION ON UPDATE NO ACTION
) ENGINE=InnoDB AUTO_INCREMENT=23 DEFAULT CHARSET=latin1;
/*!40101 SET character_set_client = @saved_cs_client */;

--
-- Dumping data for table `reserva_pago`
--

LOCK TABLES `reserva_pago` WRITE;
/*!40000 ALTER TABLE `reserva_pago` DISABLE KEYS */;
INSERT INTO `reserva_pago` VALUES (10,'tarjeta','','',340.72,'','Confirmado','0000-00-00 00:00:00','2013-12-09 23:00:00','http://hoteloasisduna.com',NULL,'','pago',10,'Visa',3,2014,'','5591527815569765','123',NULL),(15,'tarjeta','','',14.4,'','','0000-00-00 00:00:00','0000-00-00 00:00:00','http://www.vikahotel.com',NULL,'','pago',15,'MasterCard',5,2014,'','5224579907322566','123',NULL),(16,'tarjeta','','',35.64,'','','0000-00-00 00:00:00','0000-00-00 00:00:00','http://www.hoteloasisduna.com',NULL,'','pago',16,'MasterCard',1,2014,'','5314933287437570','555',NULL),(17,'tarjeta','','',29.7,'','','0000-00-00 00:00:00','0000-00-00 00:00:00','http://hoteloasisduna.com',NULL,'','pago',17,'MasterCard',1,2014,'','5567951483385546','123',NULL),(18,'tarjeta','','',41.58,'','','0000-00-00 00:00:00','0000-00-00 00:00:00','http://www.hoteloasisduna.com',NULL,'','pago',18,'MasterCard',1,2014,'','5318310525103783','432',NULL),(19,'tarjeta','','',73.8,'','','0000-00-00 00:00:00','0000-00-00 00:00:00','http://hoteloasisduna.com',NULL,'','pago',19,'MasterCard',12,2014,'','5314851324673868','123',NULL),(20,'tarjeta','','',43.8,'','','0000-00-00 00:00:00','0000-00-00 00:00:00','http://hoteloasisduna.com',NULL,'','pago',20,'MasterCard',4,2014,'','5373121825924378','123',NULL),(21,'tarjeta','','',107.22,'','','0000-00-00 00:00:00','0000-00-00 00:00:00','http://www.hoteloasisduna.com',NULL,'','pago',21,'MasterCard',1,2014,'','5397914344280385','545',NULL),(22,'tarjeta','','',81,'','','0000-00-00 00:00:00','0000-00-00 00:00:00','http://www.hoteloasisduna.com',NULL,'','pago',22,'',NULL,NULL,'','','',NULL);
/*!40000 ALTER TABLE `reserva_pago` ENABLE KEYS */;
UNLOCK TABLES;

--
-- Table structure for table `reserva_producto`
--

DROP TABLE IF EXISTS `reserva_producto`;
/*!40101 SET @saved_cs_client     = @@character_set_client */;
/*!40101 SET character_set_client = utf8 */;
CREATE TABLE `reserva_producto` (
  `id` int(11) NOT NULL AUTO_INCREMENT,
  `reserva_id` int(11) NOT NULL,
  `nombre` text,
  `tipo` varchar(45) DEFAULT NULL,
  `precio_unitario` double DEFAULT NULL,
  `cantidad` double DEFAULT NULL,
  `inicio` timestamp NULL DEFAULT NULL,
  `final` timestamp NULL DEFAULT NULL,
  PRIMARY KEY (`id`),
  KEY `fk_reserva_producto_reserva1_idx` (`reserva_id`),
  CONSTRAINT `fk_reserva_producto_reserva1` FOREIGN KEY (`reserva_id`) REFERENCES `reserva` (`id`) ON DELETE NO ACTION ON UPDATE NO ACTION
) ENGINE=InnoDB AUTO_INCREMENT=45 DEFAULT CHARSET=latin1;
/*!40101 SET character_set_client = @saved_cs_client */;

--
-- Dumping data for table `reserva_producto`
--

LOCK TABLES `reserva_producto` WRITE;
/*!40000 ALTER TABLE `reserva_producto` DISABLE KEYS */;
INSERT INTO `reserva_producto` VALUES (2,2,' Habitacin Doble - 2 camas ','apartamento',607.36,1,'2014-01-06 23:00:00','2014-01-14 23:00:00'),(3,2,'','excursion',14.4,1,'2014-01-07 23:00:00','2014-01-07 23:00:00'),(4,3,' Habitacin Doble - 2 camas ','apartamento',463.96,1,'2013-12-10 23:00:00','2013-12-17 23:00:00'),(5,3,'','excursion',14.4,1,'2013-12-11 23:00:00','2013-12-11 23:00:00'),(6,3,'','excursion',55,1,'2013-12-11 23:00:00','2013-12-11 23:00:00'),(7,3,'','excursion',0,1,'2013-12-11 23:00:00','2013-12-11 23:00:00'),(8,4,' Habitacin Doble - 2 camas ','apartamento',463.96,1,'2013-12-10 23:00:00','2013-12-17 23:00:00'),(9,4,'','excursion',14.4,1,'2013-12-11 23:00:00','2013-12-11 23:00:00'),(10,4,'','excursion',55,1,'2013-12-11 23:00:00','2013-12-11 23:00:00'),(11,4,'','excursion',0,1,'2013-12-11 23:00:00','2013-12-11 23:00:00'),(12,5,' Habitacin Doble - 2 camas ','apartamento',303.68,1,'2014-01-15 23:00:00','2014-01-19 23:00:00'),(13,5,'','excursion',14.4,1,'2014-01-16 23:00:00','2014-01-16 23:00:00'),(14,5,'','excursion',55,1,'2014-01-16 23:00:00','2014-01-16 23:00:00'),(15,6,' Apartamento de 1 dormitorio (2 adultos) ','apartamento',441,1,'2014-02-10 23:00:00','2014-02-20 23:00:00'),(16,6,'Transfer Aeropuerto','excursion',14.4,1,'2014-02-10 23:00:00','2014-02-10 23:00:00'),(17,6,'Transfer Aeropuerto','excursion',14.4,1,'2014-02-10 23:00:00','2014-02-10 23:00:00'),(18,7,' Apartamento de 1 dormitorio (2 adultos) ','apartamento',6401,1,'2014-02-09 23:00:00','2014-02-17 23:00:00'),(19,7,'Transfer Aeropuerto','excursion',258,1,'2014-02-09 23:00:00','2014-02-09 23:00:00'),(20,8,' Apartamento de 1 dormitorio (2 adultos) ','apartamento',354.4,1,'2013-12-11 23:00:00','2013-12-20 23:00:00'),(21,9,' Apartamento de 1 dormitorio (2 adultos) ','apartamento',491,1,'2014-02-09 23:00:00','2014-02-17 23:00:00'),(22,9,'Transfer Aeropuerto','excursion',18,1,'2014-02-09 23:00:00','2014-02-09 23:00:00'),(23,10,' Apartamento de 1 dormitorio (2 adultos) ','apartamento',314.8,1,'2013-12-09 23:00:00','2013-12-17 23:00:00'),(24,10,'Transfer Aeropuerto','excursion',25.92,1,'2013-12-11 23:00:00','2013-12-11 23:00:00'),(25,11,' Apartamento de 1 dormitorio (2 adultos) ','apartamento',314.8,1,'2013-12-09 23:00:00','2013-12-17 23:00:00'),(26,11,'Transfer Aeropuerto','excursion',25.92,1,'2013-12-11 23:00:00','2013-12-11 23:00:00'),(27,12,' Habitacin Doble - 1 o 2 camas (2 adultos + ','apartamento',480,1,'2014-01-15 23:00:00','2014-01-23 23:00:00'),(28,13,' Apartamento de 1 dormitorio (2 adultos) ','apartamento',314.8,1,'2013-12-09 23:00:00','2013-12-17 23:00:00'),(29,14,' Habitacin Doble - 1 o 2 camas (2 adultos + ','apartamento',179,1,'2013-12-31 23:00:00','2014-01-03 23:00:00'),(30,15,' Habitacin Doble - 2 camas ','apartamento',196.84,1,'2013-12-10 23:00:00','2013-12-13 23:00:00'),(31,15,'Transfer Aeropuerto','excursion',14.4,1,'2013-12-12 23:00:00','2013-12-12 23:00:00'),(32,16,' Apartamento de 1 dormitorio (2 adultos) ','apartamento',237.6,1,'2014-01-16 23:00:00','2014-01-22 23:00:00'),(33,17,' Apartamento de 1 dormitorio (2 adultos) ','apartamento',198,1,'2013-12-12 23:00:00','2013-12-17 23:00:00'),(34,18,' Apartamento de 1 dormitorio (2 adultos) ','apartamento',277.2,1,'2014-01-21 23:00:00','2014-01-28 23:00:00'),(35,19,' Apartamento de 1 dormitorio (2 adultos) ','apartamento',196,1,'2013-12-12 23:00:00','2013-12-17 23:00:00'),(36,19,'Transfer Aeropuerto','excursion',14.4,1,'2013-12-12 23:00:00','2013-12-12 23:00:00'),(37,19,'Surf School','excursion',30,1,'2013-12-12 23:00:00','2013-12-12 23:00:00'),(38,19,'Golf','excursion',0,1,'2013-12-12 23:00:00','2013-12-12 23:00:00'),(39,20,' Apartamento de 1 dormitorio (2 adultos) ','apartamento',196,1,'2013-12-12 23:00:00','2013-12-17 23:00:00'),(40,20,'Transfer Aeropuerto','excursion',14.4,1,'2013-12-13 23:00:00','2013-12-13 23:00:00'),(41,21,' Apartamento de 1 dormitorio (2 adultos) ','apartamento',314.8,1,'2014-01-14 23:00:00','2014-01-22 23:00:00'),(42,21,'Transfer Aeropuerto','excursion',0,1,'2014-01-15 23:00:00','2014-01-15 23:00:00'),(43,21,'Surf School','excursion',60,1,'2014-01-17 23:00:00','2014-01-17 23:00:00'),(44,22,' Apartamento de 1 dormitorio (2 adultos) ','apartamento',540,1,'2014-02-13 23:00:00','2014-02-25 23:00:00');
/*!40000 ALTER TABLE `reserva_producto` ENABLE KEYS */;
UNLOCK TABLES;

--
-- Table structure for table `servicio`
--

DROP TABLE IF EXISTS `servicio`;
/*!40101 SET @saved_cs_client     = @@character_set_client */;
/*!40101 SET character_set_client = utf8 */;
CREATE TABLE `servicio` (
  `id` int(11) NOT NULL AUTO_INCREMENT,
  `nombre` text,
  `servicio_categoria_id` int(11) NOT NULL,
  `tipo` varchar(45) DEFAULT NULL,
  `descripcion` text,
  PRIMARY KEY (`id`),
  KEY `fk_servicio_servicio_categoria1_idx` (`servicio_categoria_id`),
  CONSTRAINT `fk_servicio_servicio_categoria1` FOREIGN KEY (`servicio_categoria_id`) REFERENCES `servicio_categoria` (`id`) ON DELETE NO ACTION ON UPDATE NO ACTION
) ENGINE=InnoDB AUTO_INCREMENT=1528 DEFAULT CHARSET=latin1;
/*!40101 SET character_set_client = @saved_cs_client */;

--
-- Dumping data for table `servicio`
--

LOCK TABLES `servicio` WRITE;
/*!40000 ALTER TABLE `servicio` DISABLE KEYS */;
INSERT INTO `servicio` VALUES (127,'{\"es\":\"Barbacoa\",\"en-us\":\"Barbacoa\",\"de\":\"Grillm\\u00f6glichkeiten\",\"fr\":\"installations pour barbecue\",\"it\":\"barbecue\"}',9,'hotel',''),(624,'{\"pt\":\"e custos adicionais s\\u00e3o aplic\\u00e1veis.\"}',27,'hotel',''),(895,'{\"es\":\"Terraza \\/ sol\\u00e1rium\",\"en\":\"Sun Deck\",\"de\":\"Sonnenterrasse\",\"fr\":\"terrasse bien expos\\u00e9e\",\"it\":\"terrazza solarium\",\"pt\":\"Terra\\u00e7o\"}',125,'hotel',''),(896,'{\"es\":\"Piscina al aire libre\",\"en\":\"Outdoor Pool\",\"de\":\"Au\\u00dfenpool\",\"fr\":\"piscine ext\\u00e9rieure\",\"it\":\"piscina all\'aperto\",\"pt\":\"Piscina ao ar livre\"}',125,'hotel',''),(897,'{\"es\":\"Gimnasio\",\"en\":\"Fitness Center\",\"de\":\"Fitnesscenter\",\"fr\":\"centre de remise en forme\",\"it\":\"palestra\",\"pt\":\"Academia\"}',126,'hotel',''),(898,'{\"es\":\"Masajes\",\"en\":\"Massage\",\"de\":\"Massage\",\"fr\":\"massage\",\"it\":\"massaggi\",\"pt\":\"Servi\\u00e7os de massagem\"}',126,'hotel',''),(899,'{\"es\":\"Billar\",\"en\":\"Pool Table\",\"de\":\"Billard\",\"fr\":\"billard\",\"it\":\"biliardo\",\"pt\":\"Bilhar\"}',126,'hotel',''),(900,'{\"es\":\"Squash\",\"en\":\"Racquetball\",\"de\":\"Squash\",\"fr\":\"squash\",\"it\":\"squash\",\"pt\":\"Squash\"}',126,'hotel',''),(901,'{\"es\":\"Restaurante\",\"en\":\"Restaurant\",\"de\":\"Restaurant\",\"fr\":\"restaurant\",\"it\":\"ristorante\",\"pt\":\"Restaurante\"}',127,'hotel',''),(902,'{\"es\":\"Bar\",\"en\":\"Bar\",\"de\":\"Bar\",\"fr\":\"bar\",\"it\":\"bar\",\"pt\":\"Bar\"}',127,'hotel',''),(903,'{\"es\":\"Restaurante (a la carta)\",\"en\":\"Restaurant With Dining Menu\",\"de\":\"Restaurant (\\u00e0 la carte)\",\"fr\":\"restaurant (\\u00e0 la carte)\",\"it\":\"ristorante (\\u00e0 la carte)\",\"pt\":\"Restaurante (\\u00e0 la carte)\"}',127,'hotel',''),(904,'{\"es\":\"Snack-bar\",\"en\":\"Snack Bar\",\"de\":\"Snackbar\",\"fr\":\"snack-bar\",\"it\":\"snack bar\",\"pt\":\"Lanchonete\"}',127,'hotel',''),(905,'{\"es\":\"Hay conexi\\u00f3n a internet Wi-Fi disponible en las zonas comunes. De pago.\",\"en\":\"Wi-Fi is available in public areas and charges apply.\",\"de\":\"WLAN ist in den \\u00f6ffentlichen Bereichen nutzbar gegen Geb\\u00fchren.\",\"fr\":\"Une connexion Wi-Fi est disponible dans les parties communes en suppl\\u00e9ment.\",\"it\":\"Internet Wi-Fi disponibile a pagamento nelle aree comuni.\",\"pt\":\"Acesso Wi-Fi dispon\\u00edvel nas \\u00e1reas p\\u00fablicas\"}',128,'hotel',''),(906,'{\"es\":\"No hay parking.\",\"en\":\"No parking available.\",\"de\":\"Es stehen keine Parkm\\u00f6glichkeiten zur Verf\\u00fcgung.\",\"fr\":\"L\'\\u00e9tablissement ne dispose pas de parking.\",\"it\":\"Parcheggio non disponibile\",\"pt\":\"Sem estacionamento dispon\\u00edvel.\"}',129,'hotel',''),(907,'{\"es\":\"Recepci\\u00f3n 24 horas\",\"en\":\"24-Hour Front Desk\",\"de\":\"24-Stunden-Rezeption\",\"fr\":\"r\\u00e9ception ouverte 24h\\/24\",\"it\":\"reception 24 ore su 24\",\"pt\":\"Recep\\u00e7\\u00e3o 24 horas\"}',130,'hotel',''),(908,'{\"es\":\"Guardaequipaje\",\"en\":\"Baggage Storage\",\"de\":\"Gep\\u00e4ckaufbewahrung\",\"fr\":\"bagagerie\",\"it\":\"deposito bagagli\",\"pt\":\"Dep\\u00f3sito de bagagens\"}',130,'hotel',''),(909,'{\"es\":\"Cambio de moneda\",\"en\":\"Currency Exchange\",\"de\":\"W\\u00e4hrungsumtausch\",\"fr\":\"service de change\",\"it\":\"cambio valuta\",\"pt\":\"C\\u00e2mbio de moedas\"}',130,'hotel',''),(910,'{\"es\":\"Alquiler de coches\",\"en\":\"Car Rental\",\"de\":\"Autovermietung\",\"fr\":\"location de voitures\",\"it\":\"autonoleggio\",\"pt\":\"Aluguel de carros\"}',130,'hotel',''),(911,'{\"es\":\"Fax \\/ fotocopiadora\",\"en\":\"Fax\\/Photocopying\",\"de\":\"Fax- u. Fotokopiereinrichtungen\",\"fr\":\"fax\\/photocopies\",\"it\":\"fax\\/fotocopiatrice\",\"pt\":\"Fax \\/ Fotoc\\u00f3pia\"}',130,'hotel',''),(912,'{\"es\":\"Servicio de traslado (de pago)\",\"en\":\"Shuttle Service (Surcharge)\",\"de\":\"Shuttleservice (gegen Aufpreis)\",\"fr\":\"service de navette (en suppl\\u00e9ment)\",\"it\":\"servizio navetta (a pagamento)\",\"pt\":\"Servi\\u00e7o de translado (custo adicional)\"}',130,'hotel',''),(913,'{\"es\":\"Habitaciones no fumadores\",\"en\":\"Non-smoking Rooms\",\"de\":\"Nichtraucherzimmer\",\"fr\":\"chambres non-fumeurs\",\"it\":\"camere non fumatori\",\"pt\":\"Quartos n\\u00e3o-fumantes\"}',131,'hotel',''),(914,'{\"es\":\"Habitaciones familiares\",\"en\":\"Family Rooms\",\"de\":\"Familienzimmer\",\"fr\":\"chambres familiales\",\"it\":\"disponibilit\\u00e0 di camere familiari\",\"pt\":\"Quartos para fam\\u00edlias\"}',131,'hotel',''),(915,'{\"es\":\"Ascensor\",\"en\":\"Elevator\",\"de\":\"Aufzug\",\"fr\":\"ascenseur\",\"it\":\"ascensore\",\"pt\":\"Elevador\"}',131,'hotel',''),(916,'{\"es\":\"Caja fuerte\",\"en\":\"Safe\",\"de\":\"Safe\",\"fr\":\"coffre-fort\",\"it\":\"cassaforte\",\"pt\":\"Cofre\"}',131,'hotel',''),(917,'{\"es\":\"Prohibido fumar en todo el recinto del hotel\",\"en\":\"All Spaces Non-Smoking (Public and Private)\",\"de\":\"Nichtraucherunterkunft (Alle \\u00f6ffentlichen und privaten Bereiche sind Nichtraucherzonen)\",\"fr\":\"Toutes les parties communes et priv\\u00e9es sont non-fumeurs\",\"it\":\"struttura interamente non fumatori\",\"pt\":\"Proibido fumar em todo hotel\"}',131,'hotel',''),(918,'{\"es\":\"italiano\",\"en\":\"Italian\",\"de\":\"Italienisch\",\"fr\":\"italien\",\"it\":\"italiano\",\"pt\":\"Italiano\"}',132,'hotel',''),(919,'{\"es\":\"espa\\u00f1ol\",\"en\":\"Spanish\",\"de\":\"Spanisch\",\"fr\":\"espagnol\",\"it\":\"spagnolo\",\"pt\":\"Espanhol\"}',132,'hotel',''),(920,'{\"es\":\"ingl\\u00e9s\",\"en\":\"English\",\"de\":\"Englisch\",\"fr\":\"anglais\",\"it\":\"inglese\",\"pt\":\"Ingl\\u00eas\"}',132,'hotel',''),(921,'{\"es\":\"franc\\u00e9s\",\"en\":\"French\",\"de\":\"Franz\\u00f6sisch\",\"fr\":\"fran\\u00e7ais\",\"it\":\"francese\",\"pt\":\"Franc\\u00eas\"}',132,'hotel',''),(922,'{\"es\":\"alem\\u00e1n\",\"en\":\"German\",\"de\":\"Deutsch\",\"fr\":\"allemand\",\"it\":\"tedesco\",\"pt\":\"Alem\\u00e3o\"}',132,'hotel',''),(923,'{\"es\":\"Jard\\u00edn\",\"en\":\"Grounds\",\"de\":\"Garten\",\"fr\":\"jardin\",\"it\":\"giardino\",\"pt\":\"Jardim\"}',125,'hotel',''),(924,'{\"es\":\"Pista de tenis\",\"en\":\"Tennis Court\",\"de\":\"Tennisplatz\",\"fr\":\"court de tennis\",\"it\":\"campo da tennis\",\"pt\":\"Quadra de t\\u00eanis\"}',126,'hotel',''),(925,'{\"es\":\"Zona de juegos infantil\",\"en\":\"Playground\",\"de\":\"Kinderspielplatz\",\"fr\":\"aire de jeux pour enfants\",\"it\":\"area giochi\",\"pt\":\"Parquinho infantil\"}',126,'hotel',''),(926,'{\"es\":\"Windsurf\",\"en\":\"Windsurfing\",\"de\":\"Windsurfen\",\"fr\":\"planche \\u00e0 voile\",\"it\":\"windsurf\",\"pt\":\"Windsurfe\"}',126,'hotel',''),(927,'{\"es\":\"Ciclismo\",\"en\":\"Cycling\",\"de\":\"Radfahren\",\"fr\":\"randonn\\u00e9e \\u00e0 v\\u00e9lo\",\"it\":\"escursioni in bicicletta\",\"pt\":\"Ciclismo\"}',126,'hotel',''),(928,'{\"es\":\"Submarinismo\",\"en\":\"Diving\",\"de\":\"Tauchen\",\"fr\":\"plong\\u00e9e sous-marine\",\"it\":\"immersioni subacquee\",\"pt\":\"Mergulho\"}',126,'hotel',''),(929,'{\"es\":\"Snorkel\",\"en\":\"Snorkeling\",\"de\":\"Schnorcheln\",\"fr\":\"plong\\u00e9e avec tuba\",\"it\":\"snorkeling\",\"pt\":\"Mergulho com snorkel\"}',126,'hotel',''),(930,'{\"es\":\"Alquiler de bicicletas\",\"en\":\"Bicycle Rental\",\"de\":\"Fahrradverleih\",\"fr\":\"location de v\\u00e9los\",\"it\":\"noleggio biciclette\",\"pt\":\"Aluguel de bicicletas\"}',126,'hotel',''),(931,'{\"es\":\"Hay conexi\\u00f3n a internet Wi-Fi disponible en algunas habitaciones. De pago.\",\"en\":\"Wi-Fi is available in some hotel rooms and charges apply.\",\"de\":\"WLAN ist in einigen Hotelzimmern nutzbar gegen Geb\\u00fchren.\",\"fr\":\"Une connexion Wi-Fi est disponible dans certaines chambres en suppl\\u00e9ment.\",\"it\":\"Internet Wi-Fi disponibile a pagamento in alcune camere.\",\"pt\":\"Acesso Wi-Fi dispon\\u00edvel em alguns quartos\"}',128,'hotel',''),(932,'{\"es\":\"Servicio de lavander\\u00eda\",\"en\":\"Laundry\",\"de\":\"Waschsalon\\/W\\u00e4scheservice\",\"fr\":\"blanchisserie\",\"it\":\"servizio lavanderia\",\"pt\":\"Lavanderia\"}',130,'hotel',''),(933,'{\"es\":\"Tienda de regalos \\/ recuerdos\",\"en\":\"Souvenir\\/Gift Shop\",\"de\":\"Souvenirgesch\\u00e4ft\",\"fr\":\"boutique de souvenirs \\/ cadeaux\",\"it\":\"negozio di souvenir\",\"pt\":\"Loja de souvenir\"}',130,'hotel',''),(934,'{\"es\":\"Informaci\\u00f3n tur\\u00edstica\",\"en\":\"Tour Desk\",\"de\":\"Informationsschalter f\\u00fcr Ausfl\\u00fcge\",\"fr\":\"bureau d\'excursions\",\"it\":\"banco escursioni\",\"pt\":\"Balc\\u00e3o de turismo\"}',130,'hotel',''),(935,'{\"es\":\"Adaptado personas de movilidad reducida\",\"en\":\"Facilities for Disabled Guests\",\"de\":\"Behindertenfreundlich\",\"fr\":\"accessible aux personnes \\u00e0 mobilit\\u00e9 r\\u00e9duite\",\"it\":\"camere\\/strutture per ospiti disabili\",\"pt\":\"Comodidades para h\\u00f3spedes com mobilidade reduzida\"}',131,'hotel',''),(936,'{\"es\":\"Tiendas en el hotel\",\"en\":\"Stores in Hotel\",\"de\":\"Gesch\\u00e4fte im Hotel\",\"fr\":\"boutiques dans l\'h\\u00f4tel\",\"it\":\"negozi\",\"pt\":\"Lojas no hotel\"}',131,'hotel',''),(937,'{\"es\":\"Aire acondicionado\",\"en\":\"Air Conditioning\",\"de\":\"Klimaanlage\",\"fr\":\"climatisation\",\"it\":\"aria condizionata\",\"pt\":\"Ar-condicionado\"}',131,'hotel',''),(977,'{\"es\":\"Jard\\u00edn\",\"en\":\"Grounds\",\"de\":\"Garten\",\"fr\":\"jardin\",\"it\":\"giardino\",\"ru\":\"\\u0421\\u0430\\u0434\",\"pt\":\"Jardim\"}',141,'hotel',''),(978,'{\"es\":\"Terraza\",\"en\":\"Terrace\",\"de\":\"Terrasse oder Innenhof\",\"fr\":\"terrasse\",\"it\":\"terrazza\",\"ru\":\"\\u0422\\u0435\\u0440\\u0440\\u0430\\u0441\\u0430\",\"pt\":\"Terra\\u00e7o\"}',141,'hotel',''),(979,'{\"es\":\"Terraza \\/ sol\\u00e1rium\",\"en\":\"Sun Deck\",\"de\":\"Sonnenterrasse\",\"fr\":\"terrasse bien expos\\u00e9e\",\"it\":\"terrazza solarium\",\"ru\":\"\\u0422\\u0435\\u0440\\u0440\\u0430\\u0441\\u0430 \\u0434\\u043b\\u044f \\u0437\\u0430\\u0433\\u0430\\u0440\\u0430\",\"pt\":\"Terra\\u00e7o\"}',141,'hotel',''),(1004,'{\"es\":\"Caja fuerte\",\"en\":\"Safe\",\"de\":\"Safe\",\"fr\":\"coffre-fort\",\"it\":\"cassaforte\",\"ru\":\"\\u0421\\u0435\\u0439\\u0444\",\"pt\":\"Cofre\"}',147,'hotel',''),(1010,'{\"es\":\"Barbacoa\",\"en\":\"BBQ Facilities\",\"de\":\"Grillm\\u00f6glichkeiten\",\"fr\":\"installations pour barbecue\",\"it\":\"barbecue\",\"ru\":\"\\u0411\\u0430\\u0440\\u0431\\u0435\\u043a\\u044e\",\"pt\":\"Churrasqueira\"}',141,'hotel',''),(1011,'{\"es\":\"Campo de golf (a menos de 3 km)\",\"en\":\"Golf Course (within 2 miles)\",\"de\":\"Golfplatz (max. 3 km entfernt)\",\"fr\":\"parcours de golf (\\u00e0 moins de 3 km)\",\"it\":\"campo da golf (nel raggio di 3 km)\",\"ru\":\"\\u041f\\u043e\\u043b\\u0435 \\u0434\\u043b\\u044f \\u0433\\u043e\\u043b\\u044c\\u0444\\u0430 (\\u0432 \\u043f\\u0440\\u0435\\u0434\\u0435\\u043b\\u0430\\u0445 3 \\u043a\\u043c)\",\"pt\":\"Campo de golfe (num raio de 3 km)\"}',142,'hotel',''),(1012,'{\"es\":\"\\u00a1Gratis! Hay conexi\\u00f3n a internet Wi-Fi disponible en todo el establecimiento. Gratis.\",\"en\":\"Free! Wi-Fi is available in all areas and is free of charge.\",\"de\":\"Kostenlos! WLAN ist in allen Bereichen nutzbar und ist kostenfrei.\",\"fr\":\"Gratuit\\u00a0! Une connexion Wi-Fi est disponible dans tout l\'\\u00e9tablissement gratuitement.\",\"it\":\"Gratis! Internet Wi-Fi disponibile gratuitamente in tutta la struttura.\",\"ru\":\"\\u0411\\u0435\\u0441\\u043f\\u043b\\u0430\\u0442\\u043d\\u043e! Wi-Fi \\u043f\\u0440\\u0435\\u0434\\u043e\\u0441\\u0442\\u0430\\u0432\\u043b\\u044f\\u0435\\u0442\\u0441\\u044f \\u043d\\u0430 \\u0442\\u0435\\u0440\\u0440\\u0438\\u0442\\u043e\\u0440\\u0438\\u0438 \\u0432\\u0441\\u0435\\u0433\\u043e \\u043e\\u0442\\u0435\\u043b\\u044f \\u0431\\u0435\\u0441\\u043f\\u043b\\u0430\\u0442\\u043d\\u043e.\",\"pt\":\"Gr\\u00e1tis! Acesso Wi-Fi dispon\\u00edvel em todo o hotel\"}',144,'hotel',''),(1013,'{\"es\":\"\\u00a1Gratis! Hay parking gratis privado en el establecimiento. No se puede reservar.\",\"en\":\"Free! Free private parking is available on site (reservation is not possible).\",\"de\":\"Kostenlos! Private Parkpl\\u00e4tze stehen kostenfrei an der Unterkunft (Reservierung ist nicht m\\u00f6glich) zur Verf\\u00fcgung.\",\"fr\":\"Gratuit\\u00a0! Un parking gratuit et priv\\u00e9 est disponible sur place (sans possibilit\\u00e9 de r\\u00e9server).\",\"it\":\"Gratis! Parcheggio privato disponibile gratuitamente in loco e non prenotabile.\",\"ru\":\"\\u0411\\u0435\\u0441\\u043f\\u043b\\u0430\\u0442\\u043d\\u043e! \\u0411\\u0435\\u0441\\u043f\\u043b\\u0430\\u0442\\u043d\\u0430\\u044f \\u0427\\u0430\\u0441\\u0442\\u043d\\u0430\\u044f \\u043f\\u0430\\u0440\\u043a\\u043e\\u0432\\u043a\\u0430 \\u043d\\u0430 \\u043c\\u0435\\u0441\\u0442\\u0435 (\\u043f\\u0440\\u0435\\u0434\\u0432\\u0430\\u0440\\u0438\\u0442\\u0435\\u043b\\u044c\\u043d\\u044b\\u0439 \\u0437\\u0430\\u043a\\u0430\\u0437 \\u043d\\u0435\\u0432\\u043e\\u0437\\u043c\\u043e\\u0436\\u0435\\u043d) .\",\"pt\":\"Gr\\u00e1tis! Estacionamento gratuito e privativo dispon\\u00edvel no local (sem possibilidade de reserva).\"}',145,'hotel',''),(1014,'{\"pt\":\"gratuitamente.\"}',27,'hotel',''),(1022,'{\"es\":\"Hay conexi\\u00f3n a internet Wi-Fi disponible en todo el establecimiento. De pago.\",\"en\":\"Wi-Fi is available in all areas and charges apply.\",\"de\":\"WLAN ist in allen Bereichen nutzbar gegen Geb\\u00fchren.\",\"fr\":\"Une connexion Wi-Fi est disponible dans tout l\'\\u00e9tablissement en suppl\\u00e9ment.\",\"pt\":\"Acesso Wi-Fi dispon\\u00edvel em todo o hotel\"}',152,'hotel',''),(1023,'{\"es\":\"\\u00a1Gratis! Hay parking gratis privado en el establecimiento. No es necesario reservar.\",\"en\":\"Free! Free private parking is available on site (reservation is not needed).\",\"de\":\"Kostenlos! Private Parkpl\\u00e4tze stehen kostenfrei an der Unterkunft (Reservierung ist nicht erforderlich) zur Verf\\u00fcgung.\",\"fr\":\"Gratuit\\u00a0! Un parking gratuit et priv\\u00e9 est disponible sur place (sans r\\u00e9servation pr\\u00e9alable).\",\"pt\":\"Gr\\u00e1tis! Estacionamento gratuito e privativo dispon\\u00edvel no local (n\\u00e3o necessita de reserva).\"}',153,'hotel',''),(1024,'{\"es\":\"italiano\",\"en\":\"Italian\",\"de\":\"Italienisch\",\"fr\":\"italien\",\"pt\":\"Italiano\"}',154,'hotel',''),(1025,'{\"es\":\"franc\\u00e9s\",\"en\":\"French\",\"de\":\"Franz\\u00f6sisch\",\"fr\":\"fran\\u00e7ais\",\"pt\":\"Franc\\u00eas\"}',154,'hotel',''),(1026,'{\"es\":\"espa\\u00f1ol\",\"en\":\"Spanish\",\"de\":\"Spanisch\",\"fr\":\"espagnol\",\"pt\":\"Espanhol\"}',154,'hotel',''),(1027,'{\"es\":\"ingl\\u00e9s\",\"en\":\"English\",\"de\":\"Englisch\",\"fr\":\"anglais\",\"pt\":\"Ingl\\u00eas\"}',154,'hotel',''),(1028,'{\"es\":\"alem\\u00e1n\",\"en\":\"German\",\"de\":\"Deutsch\",\"fr\":\"allemand\",\"pt\":\"Alem\\u00e3o\"}',154,'hotel',''),(1029,'{\"es\":\"Terraza\",\"en\":\"Terrace\",\"de\":\"Terrasse oder Innenhof\",\"fr\":\"terrasse\",\"it\":\"terrazza\",\"pt\":\"Terra\\u00e7o\"}',125,'hotel',''),(1030,'{\"es\":\"Piscina al aire libre (de temporada)\",\"en\":\"Outdoor Pool (Seasonal)\",\"de\":\"Au\\u00dfenpool (saisonal)\",\"fr\":\"piscine ext\\u00e9rieure (de saison)\",\"it\":\"piscina all\'aperto (stagionale)\",\"pt\":\"Piscina (sazonal)\"}',125,'hotel',''),(1031,'{\"es\":\"Prensa\",\"en\":\"Newspapers\",\"de\":\"Zeitungen\",\"fr\":\"journaux\",\"it\":\"quotidiani\",\"pt\":\"Jornais\"}',126,'hotel',''),(1032,'{\"es\":\"Campo de golf (a menos de 3 km)\",\"en\":\"Golf Course (within 2 miles)\",\"de\":\"Golfplatz (max. 3 km entfernt)\",\"fr\":\"parcours de golf (\\u00e0 moins de 3 km)\",\"it\":\"campo da golf (nel raggio di 3 km)\",\"pt\":\"Campo de golfe (num raio de 3 km)\"}',126,'hotel',''),(1033,'{\"es\":\"Sala de juegos\",\"en\":\"Game Room\",\"de\":\"Spielzimmer\",\"fr\":\"salle de jeux\",\"it\":\"sala giochi\",\"pt\":\"Sal\\u00e3o de jogos\"}',126,'hotel',''),(1034,'{\"es\":\"Sol\\u00e1rium\",\"en\":\"Solarium\",\"de\":\"Solarium\",\"fr\":\"solarium\",\"it\":\"solarium\",\"pt\":\"Sol\\u00e1rio\"}',126,'hotel',''),(1035,'{\"es\":\"Mini golf\",\"en\":\"Mini Golf\",\"de\":\"Minigolf\",\"fr\":\"minigolf\",\"it\":\"minigolf\",\"pt\":\"Mini-golfe\"}',126,'hotel',''),(1036,'{\"es\":\"Piscina interior (de temporada)\",\"en\":\"Indoor Pool (Seasonal)\",\"de\":\"Innenpool (saisonal)\",\"fr\":\"piscine int\\u00e9rieure (de saison)\",\"it\":\"piscina al coperto (stagionale)\",\"pt\":\"Piscina Coberta (sazonal)\"}',126,'hotel',''),(1037,'{\"es\":\"Personal de animaci\\u00f3n\",\"en\":\"Entertainment Staff\",\"de\":\"Entertainment-Team\",\"fr\":\"\\u00e9quipe d\'animation\",\"it\":\"staff di animazione\",\"pt\":\"Equipe de entretenimento\"}',126,'hotel',''),(1038,'{\"es\":\"Instalaciones para deportes acu\\u00e1ticos\",\"en\":\"On-Site Water Sports Facilities\",\"de\":\"Wassersporteinrichtungen vor Ort\",\"fr\":\"installations pour les sports nautiques sur place\",\"it\":\"attrezzature per sport acquatici\",\"pt\":\"Instala\\u00e7\\u00f5es de esportes aqu\\u00e1ticos no local\"}',126,'hotel',''),(1039,'{\"es\":\"\\u00a1Gratis! Hay conexi\\u00f3n a internet Wi-Fi disponible en las zonas comunes. Gratis.\",\"en\":\"Free! Wi-Fi is available in public areas and is free of charge.\",\"de\":\"Kostenlos! WLAN ist in den \\u00f6ffentlichen Bereichen nutzbar und ist kostenfrei.\",\"fr\":\"Gratuit\\u00a0! Une connexion Wi-Fi est disponible dans les parties communes gratuitement.\",\"it\":\"Gratis! Internet Wi-Fi disponibile gratuitamente nelle aree comuni.\",\"pt\":\"Gr\\u00e1tis! Acesso Wi-Fi dispon\\u00edvel nas \\u00e1reas p\\u00fablicas\"}',128,'hotel',''),(1040,'{\"es\":\"Hay parking privado en el establecimiento. No es necesario reservar. Precio: 11 EUR por d\\u00eda .\",\"en\":\"Private parking is available on site (reservation is not needed) and costs EUR 11 per day.\",\"de\":\"Private Parkpl\\u00e4tze stehen an der Unterkunft (Reservierung ist nicht erforderlich) zur Verf\\u00fcgung und kosten EUR 11 pro Tag .\",\"fr\":\"Un parking priv\\u00e9 est disponible sur place (sans r\\u00e9servation pr\\u00e9alable) au tarif de 11 EUR par jour.\",\"it\":\"Parcheggio privato disponibile in loco senza prenotazione al costo di 11 EUR al giorno .\",\"pt\":\"Estacionamento privativo dispon\\u00edvel no local (n\\u00e3o necessita de reserva)\"}',129,'hotel',''),(1041,'{\"es\":\"Salas de reuniones \\/ banquetes\",\"en\":\"Meeting\\/Banquet Facilities\",\"de\":\"Konferenz- und Veranstaltungsr\\u00e4ume\",\"fr\":\"salles de r\\u00e9unions\\/banquets\",\"it\":\"spazi per riunioni\\/banchetti\",\"pt\":\"Comodidades reuni\\u00f5es \\/ Banquetes\"}',130,'hotel',''),(1042,'{\"es\":\"Venta de entradas\",\"en\":\"Ticket Service\",\"de\":\"Ticketservice\",\"fr\":\"billetterie\",\"it\":\"servizio biglietteria\",\"pt\":\"Servi\\u00e7o de bilheteria\"}',130,'hotel',''),(1043,'{\"es\":\"Servicio de conserjer\\u00eda\",\"en\":\"Concierge Service\",\"de\":\"Conciergeservice\",\"fr\":\"service de concierge\",\"it\":\"servizio concierge\",\"pt\":\"Servi\\u00e7o de concierge\"}',130,'hotel',''),(1044,'{\"es\":\"Calefacci\\u00f3n\",\"en\":\"Heating\",\"de\":\"Heizung\",\"fr\":\"chauffage\",\"it\":\"riscaldamento\",\"pt\":\"Aquecimento\"}',131,'hotel',''),(1045,'{\"pt\":\"a um custo de EUR 11 por dia.\"}',155,'hotel',''),(1046,'{\"es\":\"Terraza\",\"en\":\"Terrace\",\"it\":\"terrazza\"}',156,'hotel',''),(1047,'{\"es\":\"Prensa\",\"en\":\"Newspapers\",\"it\":\"quotidiani\"}',157,'hotel',''),(1048,'{\"es\":\"Gimnasio\",\"en\":\"Fitness Center\",\"it\":\"palestra\"}',157,'hotel',''),(1049,'{\"es\":\"Spa y centro de bienestar\",\"en\":\"Spa\",\"it\":\"spa & centro benessere\"}',157,'hotel',''),(1050,'{\"es\":\"Masajes\",\"en\":\"Massage\",\"it\":\"massaggi\"}',157,'hotel',''),(1051,'{\"es\":\"Ciclismo\",\"en\":\"Cycling\",\"it\":\"escursioni in bicicletta\"}',157,'hotel',''),(1052,'{\"es\":\"Ba\\u00f1o turco\",\"en\":\"Turkish Bath\\/Steam Bath\",\"it\":\"bagno turco\\/di vapore\"}',157,'hotel',''),(1053,'{\"es\":\"Alquiler de bicicletas\",\"en\":\"Bicycle Rental\",\"it\":\"noleggio biciclette\"}',157,'hotel',''),(1054,'{\"es\":\"Bicicletas disponibles (gratis)\",\"en\":\"Bikes Available (Free)\",\"it\":\"noleggio biciclette gratuito\"}',157,'hotel',''),(1055,'{\"es\":\"Restaurante\",\"en\":\"Restaurant\",\"it\":\"ristorante\"}',158,'hotel',''),(1056,'{\"es\":\"Bar\",\"en\":\"Bar\",\"it\":\"bar\"}',158,'hotel',''),(1057,'{\"es\":\"Desayuno en la habitaci\\u00f3n\",\"en\":\"Breakfast in the Room\",\"it\":\"possibilit\\u00e0 di colazione in camera\"}',158,'hotel',''),(1058,'{\"es\":\"\\u00a1Gratis! Hay conexi\\u00f3n a internet Wi-Fi disponible en todo el establecimiento. Gratis.\",\"en\":\"Free! Wi-Fi is available in all areas and is free of charge.\",\"it\":\"Gratis! Internet Wi-Fi disponibile gratuitamente in tutta la struttura.\"}',159,'hotel',''),(1059,'{\"es\":\"Hay parking privado en las inmediaciones. No es necesario reservar. Precio: 50 EUR por d\\u00eda .\",\"en\":\"Private parking is available at a location nearby (reservation is not needed) and costs EUR 50 per day.\",\"it\":\"Parcheggio privato disponibile in zona senza prenotazione al costo di 50 EUR al giorno .\"}',160,'hotel',''),(1060,'{\"es\":\"Recepci\\u00f3n 24 horas\",\"en\":\"24-Hour Front Desk\",\"it\":\"reception 24 ore su 24\"}',161,'hotel',''),(1061,'{\"es\":\"Guardaequipaje\",\"en\":\"Baggage Storage\",\"it\":\"deposito bagagli\"}',161,'hotel',''),(1062,'{\"es\":\"Servicio de habitaciones\",\"en\":\"Room Service\",\"it\":\"servizio in camera\"}',161,'hotel',''),(1063,'{\"es\":\"Salas de reuniones \\/ banquetes\",\"en\":\"Meeting\\/Banquet Facilities\",\"it\":\"spazi per riunioni\\/banchetti\"}',161,'hotel',''),(1064,'{\"es\":\"Centro de negocios\",\"en\":\"Business Center\",\"it\":\"centro business\"}',161,'hotel',''),(1065,'{\"es\":\"Ni\\u00f1era \\/ servicios infantiles\",\"en\":\"Babysitting\\/Child Services\",\"it\":\"servizio baby-sitter\"}',161,'hotel',''),(1066,'{\"es\":\"Servicio de lavander\\u00eda\",\"en\":\"Laundry\",\"it\":\"servizio lavanderia\"}',161,'hotel',''),(1067,'{\"es\":\"Servicio de limpieza en seco\",\"en\":\"Dry Cleaning\",\"it\":\"lavaggio a secco\"}',161,'hotel',''),(1068,'{\"es\":\"Servicio de planchado\",\"en\":\"Ironing Service\",\"it\":\"servizio stireria\"}',161,'hotel',''),(1069,'{\"es\":\"Suite nupcial\",\"en\":\"Honeymoon Suite\",\"it\":\"suite nuziale\"}',161,'hotel',''),(1070,'{\"es\":\"Cambio de moneda\",\"en\":\"Currency Exchange\",\"it\":\"cambio valuta\"}',161,'hotel',''),(1071,'{\"es\":\"Limpiabotas\",\"en\":\"Shoeshine\",\"it\":\"lustrascarpe\"}',161,'hotel',''),(1072,'{\"es\":\"Alquiler de coches\",\"en\":\"Car Rental\",\"it\":\"autonoleggio\"}',161,'hotel',''),(1073,'{\"es\":\"Fax \\/ fotocopiadora\",\"en\":\"Fax\\/Photocopying\",\"it\":\"fax\\/fotocopiatrice\"}',161,'hotel',''),(1074,'{\"es\":\"Venta de entradas\",\"en\":\"Ticket Service\",\"it\":\"servizio biglietteria\"}',161,'hotel',''),(1075,'{\"es\":\"Servicio de conserjer\\u00eda\",\"en\":\"Concierge Service\",\"it\":\"servizio concierge\"}',161,'hotel',''),(1076,'{\"es\":\"Habitaciones no fumadores\",\"en\":\"Non-smoking Rooms\",\"it\":\"camere non fumatori\"}',162,'hotel',''),(1077,'{\"es\":\"Adaptado personas de movilidad reducida\",\"en\":\"Facilities for Disabled Guests\",\"it\":\"camere\\/strutture per ospiti disabili\"}',162,'hotel',''),(1078,'{\"es\":\"Ascensor\",\"en\":\"Elevator\",\"it\":\"ascensore\"}',162,'hotel',''),(1079,'{\"es\":\"Caja fuerte\",\"en\":\"Safe\",\"it\":\"cassaforte\"}',162,'hotel',''),(1080,'{\"es\":\"Habitaciones insonorizadas\",\"en\":\"Soundproof Rooms\",\"it\":\"disponibilit\\u00e0 di camere insonorizzate\"}',162,'hotel',''),(1081,'{\"es\":\"Calefacci\\u00f3n\",\"en\":\"Heating\",\"it\":\"riscaldamento\"}',162,'hotel',''),(1082,'{\"es\":\"Hotel de dise\\u00f1o\",\"en\":\"Designer Hotel\",\"it\":\"hotel di design\"}',162,'hotel',''),(1083,'{\"es\":\"Aire acondicionado\",\"en\":\"Air Conditioning\",\"it\":\"aria condizionata\"}',162,'hotel',''),(1084,'{\"es\":\"Jard\\u00edn\",\"en\":\"Grounds\",\"de\":\"Garten\",\"fr\":\"jardin\",\"it\":\"giardino\",\"ru\":\"\\u0421\\u0430\\u0434\",\"cs\":\"Zahrada\",\"pt\":\"Jardim\"}',163,'hotel',''),(1085,'{\"es\":\"Terraza\",\"en\":\"Terrace\",\"de\":\"Terrasse oder Innenhof\",\"fr\":\"terrasse\",\"it\":\"terrazza\",\"ru\":\"\\u0422\\u0435\\u0440\\u0440\\u0430\\u0441\\u0430\",\"cs\":\"Terasa\",\"pt\":\"Terra\\u00e7o\"}',163,'hotel',''),(1086,'{\"es\":\"Terraza \\/ sol\\u00e1rium\",\"en\":\"Sun Deck\",\"de\":\"Sonnenterrasse\",\"fr\":\"terrasse bien expos\\u00e9e\",\"it\":\"terrazza solarium\",\"ru\":\"\\u0422\\u0435\\u0440\\u0440\\u0430\\u0441\\u0430 \\u0434\\u043b\\u044f \\u0437\\u0430\\u0433\\u0430\\u0440\\u0430\",\"cs\":\"Slune\\u010dn\\u00ed terasa\",\"pt\":\"Terra\\u00e7o\"}',163,'hotel',''),(1087,'{\"es\":\"Piscina al aire libre (todo el a\\u00f1o)\",\"en\":\"Outdoor Pool (All Year)\",\"de\":\"Au\\u00dfenpool (ganzj\\u00e4hrig)\",\"fr\":\"piscine ext\\u00e9rieure (toute l\'ann\\u00e9e)\",\"it\":\"piscina all\'aperto (tutto l\'anno)\",\"ru\":\"\\u041e\\u0442\\u043a\\u0440\\u044b\\u0442\\u044b\\u0439 \\u0431\\u0430\\u0441\\u0441\\u0435\\u0439\\u043d (\\u0440\\u0430\\u0431\\u043e\\u0442\\u0430\\u0435\\u0442 \\u043a\\u0440\\u0443\\u0433\\u043b\\u044b\\u0439 \\u0433\\u043e\\u0434)\",\"cs\":\"Venkovn\\u00ed baz\\u00e9n (po cel\\u00fd rok)\",\"pt\":\"Piscina (o ano inteiro)\"}',163,'hotel',''),(1088,'{\"es\":\"Sauna\",\"en\":\"Sauna\",\"de\":\"Sauna\",\"fr\":\"sauna\",\"it\":\"sauna\",\"ru\":\"\\u0421\\u0430\\u0443\\u043d\\u0430\",\"cs\":\"Sauna\",\"pt\":\"Sauna\"}',164,'hotel',''),(1089,'{\"es\":\"Gimnasio\",\"en\":\"Fitness Center\",\"de\":\"Fitnesscenter\",\"fr\":\"centre de remise en forme\",\"it\":\"palestra\",\"ru\":\"\\u0424\\u0438\\u0442\\u043d\\u0435\\u0441-\\u0446\\u0435\\u043d\\u0442\\u0440\",\"cs\":\"Fitness centrum\",\"pt\":\"Academia\"}',164,'hotel',''),(1090,'{\"es\":\"Billar\",\"en\":\"Pool Table\",\"de\":\"Billard\",\"fr\":\"billard\",\"it\":\"biliardo\",\"ru\":\"\\u0411\\u0438\\u043b\\u044c\\u044f\\u0440\\u0434\",\"cs\":\"Kule\\u010dn\\u00edk\",\"pt\":\"Bilhar\"}',164,'hotel',''),(1091,'{\"es\":\"Ping pong\",\"en\":\"Ping-Pong\",\"de\":\"Tischtennis\",\"fr\":\"tennis de table\",\"it\":\"ping-pong\",\"ru\":\"\\u041d\\u0430\\u0441\\u0442\\u043e\\u043b\\u044c\\u043d\\u044b\\u0439 \\u0442\\u0435\\u043d\\u043d\\u0438\\u0441\",\"cs\":\"Stoln\\u00ed tenis\",\"pt\":\"T\\u00eanis de mesa\"}',164,'hotel',''),(1092,'{\"es\":\"Karaoke\",\"en\":\"Karaoke\",\"de\":\"Karaoke\",\"fr\":\"karaok\\u00e9\",\"it\":\"karaoke\",\"ru\":\"\\u041a\\u0430\\u0440\\u0430\\u043e\\u043a\\u0435\",\"cs\":\"Karaoke\",\"pt\":\"Karaok\\u00ea\"}',164,'hotel',''),(1093,'{\"es\":\"Dardos\",\"en\":\"Darts\",\"de\":\"Dart\",\"fr\":\"fl\\u00e9chettes\",\"it\":\"freccette\",\"ru\":\"\\u0414\\u0430\\u0440\\u0442\\u0441\",\"cs\":\"\\u0160ipky\",\"pt\":\"Jogo de dardos\"}',164,'hotel',''),(1094,'{\"es\":\"Ba\\u00f1era de hidromasaje\",\"en\":\"Hot Tub\",\"de\":\"Whirlpool\",\"fr\":\"bain \\u00e0 remous\",\"it\":\"vasca idromassaggio\",\"ru\":\"\\u0413\\u0438\\u0434\\u0440\\u043e\\u043c\\u0430\\u0441\\u0441\\u0430\\u0436\\u043d\\u0430\\u044f \\u0432\\u0430\\u043d\\u043d\\u0430\",\"cs\":\"V\\u00ed\\u0159ivka\",\"pt\":\"Banheira de hidromassagem\"}',164,'hotel',''),(1095,'{\"es\":\"Squash\",\"en\":\"Racquetball\",\"de\":\"Squash\",\"fr\":\"squash\",\"it\":\"squash\",\"ru\":\"\\u0421\\u043a\\u0432\\u043e\\u0448\",\"cs\":\"Squash\",\"pt\":\"Squash\"}',164,'hotel',''),(1096,'{\"es\":\"Alquiler de bicicletas\",\"en\":\"Bicycle Rental\",\"de\":\"Fahrradverleih\",\"fr\":\"location de v\\u00e9los\",\"it\":\"noleggio biciclette\",\"ru\":\"\\u041f\\u0440\\u043e\\u043a\\u0430\\u0442 \\u0432\\u0435\\u043b\\u043e\\u0441\\u0438\\u043f\\u0435\\u0434\\u043e\\u0432\",\"cs\":\"Pron\\u00e1jem kol\",\"pt\":\"Aluguel de bicicletas\"}',164,'hotel',''),(1097,'{\"es\":\"Personal de animaci\\u00f3n\",\"en\":\"Entertainment Staff\",\"de\":\"Entertainment-Team\",\"fr\":\"\\u00e9quipe d\'animation\",\"it\":\"staff di animazione\",\"ru\":\"\\u0410\\u043d\\u0438\\u043c\\u0430\\u0446\\u0438\\u043e\\u043d\\u043d\\u044b\\u0439 \\u043f\\u0435\\u0440\\u0441\\u043e\\u043d\\u0430\\u043b\",\"cs\":\"Anima\\u010dn\\u00ed t\\u00fdm\",\"pt\":\"Equipe de entretenimento\"}',164,'hotel',''),(1098,'{\"es\":\"Restaurante\",\"en\":\"Restaurant\",\"de\":\"Restaurant\",\"fr\":\"restaurant\",\"it\":\"ristorante\",\"ru\":\"\\u0420\\u0435\\u0441\\u0442\\u043e\\u0440\\u0430\\u043d\",\"cs\":\"Restaurace\",\"pt\":\"Restaurante\"}',165,'hotel',''),(1099,'{\"es\":\"Bar\",\"en\":\"Bar\",\"de\":\"Bar\",\"fr\":\"bar\",\"it\":\"bar\",\"ru\":\"\\u0411\\u0430\\u0440\",\"cs\":\"Bar\",\"pt\":\"Bar\"}',165,'hotel',''),(1100,'{\"es\":\"Snack-bar\",\"en\":\"Snack Bar\",\"de\":\"Snackbar\",\"fr\":\"snack-bar\",\"it\":\"snack bar\",\"ru\":\"\\u0421\\u043d\\u044d\\u043a-\\u0431\\u0430\\u0440\",\"cs\":\"Snack bar\",\"pt\":\"Lanchonete\"}',165,'hotel',''),(1101,'{\"es\":\"Internet wi-fi (hotspot) disponible en las zonas comunes. Precio: 4 EUR por hora .\",\"en\":\"Wireless Internet Hotspot is available in public areas and costs EUR 4 per hour.\",\"de\":\"WLAN Hotspot ist in den \\u00f6ffentlichen Bereichen nutzbar und kostet EUR 4 pro Stunde.\",\"fr\":\"Un acc\\u00e8s sans fil via Hotspot est disponible dans les parties communes au tarif de 4 EUR par heure.\",\"it\":\"La connessione Internet wireless tramite hotspot al costo di 4 EUR ogni ora nelle aree comuni.\",\"ru\":\"\\u0422\\u043e\\u0447\\u043a\\u0430 \\u0431\\u0435\\u0441\\u043f\\u0440\\u043e\\u0432\\u043e\\u0434\\u043d\\u043e\\u0433\\u043e \\u0434\\u043e\\u0441\\u0442\\u0443\\u043f\\u0430 \\u0432 \\u0418\\u043d\\u0442\\u0435\\u0440\\u043d\\u0435\\u0442 \\u043f\\u0440\\u0435\\u0434\\u043e\\u0441\\u0442\\u0430\\u0432\\u043b\\u044f\\u0435\\u0442\\u0441\\u044f \\u0432 \\u043e\\u0431\\u0449\\u0435\\u0441\\u0442\\u0432\\u0435\\u043d\\u043d\\u044b\\u0445 \\u0437\\u043e\\u043d\\u0430\\u0445 \\u043f\\u043e \\u0446\\u0435\\u043d\\u0435 EUR 4 \\u0432 \\u0447\\u0430\\u0441.\",\"cs\":\"Bezdr\\u00e1tov\\u00e9 internetov\\u00e9 p\\u0159ipojen\\u00ed Hotspot je dostupn\\u00e9 ve spole\\u010dn\\u00fdch prostor\\u00e1ch za 4 EUR na hodinu.\",\"pt\":\"Wireless Internet Hotspot dispon\\u00edvel nas \\u00e1reas p\\u00fablicas\"}',166,'hotel',''),(1102,'{\"es\":\"\\u00a1Gratis! Hay parking gratis p\\u00fablico en las inmediaciones. No es necesario reservar.\",\"en\":\"Free! Free public parking is available at a location nearby (reservation is not needed).\",\"de\":\"Kostenlos! \\u00d6ffentliche Parkpl\\u00e4tze stehen kostenfrei in der N\\u00e4he (Reservierung ist nicht erforderlich) zur Verf\\u00fcgung.\",\"fr\":\"Gratuit\\u00a0! Un parking gratuit et public est disponible \\u00e0 proximit\\u00e9 (sans r\\u00e9servation pr\\u00e9alable).\",\"it\":\"Gratis! Parcheggio pubblico disponibile gratuitamente in zona senza prenotazione.\",\"ru\":\"\\u0411\\u0435\\u0441\\u043f\\u043b\\u0430\\u0442\\u043d\\u043e! \\u0411\\u0435\\u0441\\u043f\\u043b\\u0430\\u0442\\u043d\\u0430\\u044f \\u041e\\u0431\\u0449\\u0435\\u0441\\u0442\\u0432\\u0435\\u043d\\u043d\\u0430\\u044f \\u043f\\u0430\\u0440\\u043a\\u043e\\u0432\\u043a\\u0430 \\u043d\\u0430 \\u043f\\u0440\\u0438\\u043b\\u0435\\u0433\\u0430\\u044e\\u0449\\u0435\\u0439 \\u0442\\u0435\\u0440\\u0440\\u0438\\u0442\\u043e\\u0440\\u0438\\u0438 (\\u043f\\u0440\\u0435\\u0434\\u0432\\u0430\\u0440\\u0438\\u0442\\u0435\\u043b\\u044c\\u043d\\u044b\\u0439 \\u0437\\u0430\\u043a\\u0430\\u0437 \\u043d\\u0435 \\u0442\\u0440\\u0435\\u0431\\u0443\\u0435\\u0442\\u0441\\u044f) .\",\"cs\":\"Zdarma! Ve\\u0159ejn\\u00e9 parkov\\u00e1n\\u00ed je mo\\u017en\\u00e9 zdarma na p\\u0159ilehl\\u00e9m m\\u00edst\\u011b (rezervace nen\\u00ed nutn\\u00e1).\",\"pt\":\"Gr\\u00e1tis! Estacionamento gratuito e p\\u00fablico dispon\\u00edvel em localiza\\u00e7\\u00e3o pr\\u00f3xima (n\\u00e3o necessita de reserva).\"}',167,'hotel',''),(1103,'{\"es\":\"Recepci\\u00f3n 24 horas\",\"en\":\"24-Hour Front Desk\",\"de\":\"24-Stunden-Rezeption\",\"fr\":\"r\\u00e9ception ouverte 24h\\/24\",\"it\":\"reception 24 ore su 24\",\"ru\":\"\\u041a\\u0440\\u0443\\u0433\\u043b\\u043e\\u0441\\u0443\\u0442\\u043e\\u0447\\u043d\\u0430\\u044f \\u0441\\u0442\\u043e\\u0439\\u043a\\u0430 \\u0440\\u0435\\u0433\\u0438\\u0441\\u0442\\u0440\\u0430\\u0446\\u0438\\u0438\",\"cs\":\"Recepce 24 hodin denn\\u011b\",\"pt\":\"Recep\\u00e7\\u00e3o 24 horas\"}',168,'hotel',''),(1104,'{\"es\":\"Registro de entrada y salida expr\\u00e9s\",\"en\":\"Express Check-in\\/Check-out\",\"de\":\"Express-Check-in\\/-out\",\"fr\":\"enregistrement et r\\u00e8glement rapides\",\"it\":\"check-in e check-out express\",\"ru\":\"\\u0423\\u0441\\u043a\\u043e\\u0440\\u0435\\u043d\\u043d\\u0430\\u044f \\u0440\\u0435\\u0433\\u0438\\u0441\\u0442\\u0440\\u0430\\u0446\\u0438\\u044f \\u0437\\u0430\\u0435\\u0437\\u0434\\u0430\\/\\u043e\\u0442\\u044a\\u0435\\u0437\\u0434\\u0430\",\"cs\":\"Expresn\\u00ed p\\u0159ihl\\u00e1\\u0161en\\u00ed\\/odhl\\u00e1\\u0161en\\u00ed\",\"pt\":\"Check-in \\/ Check-out expressos\"}',168,'hotel',''),(1105,'{\"es\":\"Servicio de lavander\\u00eda\",\"en\":\"Laundry\",\"de\":\"Waschsalon\\/W\\u00e4scheservice\",\"fr\":\"blanchisserie\",\"it\":\"servizio lavanderia\",\"ru\":\"\\u041f\\u0440\\u0430\\u0447\\u0435\\u0447\\u043d\\u0430\\u044f\",\"cs\":\"Slu\\u017eba pran\\u00ed\",\"pt\":\"Lavanderia\"}',168,'hotel',''),(1106,'{\"es\":\"Cambio de moneda\",\"en\":\"Currency Exchange\",\"de\":\"W\\u00e4hrungsumtausch\",\"fr\":\"service de change\",\"it\":\"cambio valuta\",\"ru\":\"\\u041e\\u0431\\u043c\\u0435\\u043d \\u0432\\u0430\\u043b\\u044e\\u0442\\u044b\",\"cs\":\"Sm\\u011bn\\u00e1rna\",\"pt\":\"C\\u00e2mbio de moedas\"}',168,'hotel',''),(1107,'{\"es\":\"Alquiler de coches\",\"en\":\"Car Rental\",\"de\":\"Autovermietung\",\"fr\":\"location de voitures\",\"it\":\"autonoleggio\",\"ru\":\"\\u041f\\u0440\\u043e\\u043a\\u0430\\u0442 \\u0430\\u0432\\u0442\\u043e\\u043c\\u043e\\u0431\\u0438\\u043b\\u0435\\u0439\",\"cs\":\"Pron\\u00e1jem aut\",\"pt\":\"Aluguel de carros\"}',168,'hotel',''),(1108,'{\"es\":\"Informaci\\u00f3n tur\\u00edstica\",\"en\":\"Tour Desk\",\"de\":\"Informationsschalter f\\u00fcr Ausfl\\u00fcge\",\"fr\":\"bureau d\'excursions\",\"it\":\"banco escursioni\",\"ru\":\"\\u042d\\u043a\\u0441\\u043a\\u0443\\u0440\\u0441\\u0438\\u043e\\u043d\\u043d\\u043e\\u0435 \\u0431\\u044e\\u0440\\u043e\",\"cs\":\"Turistick\\u00e9 informace\",\"pt\":\"Balc\\u00e3o de turismo\"}',168,'hotel',''),(1109,'{\"es\":\"Fax \\/ fotocopiadora\",\"en\":\"Fax\\/Photocopying\",\"de\":\"Fax- u. Fotokopiereinrichtungen\",\"fr\":\"fax\\/photocopies\",\"it\":\"fax\\/fotocopiatrice\",\"ru\":\"\\u0424\\u0430\\u043a\\u0441\\/\\u041a\\u0441\\u0435\\u0440\\u043e\\u043a\\u043e\\u043f\\u0438\\u0440\\u043e\\u0432\\u0430\\u043d\\u0438\\u0435\",\"cs\":\"Fax\\/Kop\\u00edrka\",\"pt\":\"Fax \\/ Fotoc\\u00f3pia\"}',168,'hotel',''),(1110,'{\"es\":\"M\\u00e1quina expendedora (bebidas)\",\"en\":\"Vending Machine (Drinks)\",\"de\":\"Getr\\u00e4nkeautomat\",\"fr\":\"distributeur automatique (boissons)\",\"it\":\"distributore automatico di bevande\",\"ru\":\"\\u0422\\u043e\\u0440\\u0433\\u043e\\u0432\\u044b\\u0439 \\u0430\\u0432\\u0442\\u043e\\u043c\\u0430\\u0442 (\\u043d\\u0430\\u043f\\u0438\\u0442\\u043a\\u0438)\",\"cs\":\"Automat (n\\u00e1poje)\",\"pt\":\"M\\u00e1quina de venda autom\\u00e1tica (bebidas)\"}',168,'hotel',''),(1111,'{\"es\":\"M\\u00e1quina expendedora (aperitivos)\",\"en\":\"Vending Machine (Snacks)\",\"de\":\"Snackautomat\",\"fr\":\"distributeur automatique (collations)\",\"it\":\"distributore automatico di snack\",\"ru\":\"\\u0422\\u043e\\u0440\\u0433\\u043e\\u0432\\u044b\\u0439 \\u0430\\u0432\\u0442\\u043e\\u043c\\u0430\\u0442 (\\u0437\\u0430\\u043a\\u0443\\u0441\\u043a\\u0438)\",\"cs\":\"Automat (ob\\u010derstven\\u00ed)\",\"pt\":\"M\\u00e1quina de venda autom\\u00e1tica (lanches)\"}',168,'hotel',''),(1112,'{\"es\":\"Habitaciones no fumadores\",\"en\":\"Non-smoking Rooms\",\"de\":\"Nichtraucherzimmer\",\"fr\":\"chambres non-fumeurs\",\"it\":\"camere non fumatori\",\"ru\":\"\\u041d\\u043e\\u043c\\u0435\\u0440\\u0430 \\u0434\\u043b\\u044f \\u043d\\u0435\\u043a\\u0443\\u0440\\u044f\\u0449\\u0438\\u0445\",\"cs\":\"Neku\\u0159\\u00e1ck\\u00e9 pokoje\",\"pt\":\"Quartos n\\u00e3o-fumantes\"}',169,'hotel',''),(1113,'{\"es\":\"Adaptado personas de movilidad reducida\",\"en\":\"Facilities for Disabled Guests\",\"de\":\"Behindertenfreundlich\",\"fr\":\"accessible aux personnes \\u00e0 mobilit\\u00e9 r\\u00e9duite\",\"it\":\"camere\\/strutture per ospiti disabili\",\"ru\":\"\\u041d\\u043e\\u043c\\u0435\\u0440\\u0430\\/\\u0423\\u0434\\u043e\\u0431\\u0441\\u0442\\u0432\\u0430 \\u0434\\u043b\\u044f \\u0433\\u043e\\u0441\\u0442\\u0435\\u0439 \\u0441 \\u043e\\u0433\\u0440\\u0430\\u043d\\u0438\\u0447\\u0435\\u043d\\u043d\\u044b\\u043c\\u0438 \\u0444\\u0438\\u0437\\u0438\\u0447\\u0435\\u0441\\u043a\\u0438\\u043c\\u0438 \\u0432\\u043e\\u0437\\u043c\\u043e\\u0436\\u043d\\u043e\\u0441\\u0442\\u044f\\u043c\\u0438\",\"cs\":\"Bezbari\\u00e9rov\\u00e9\",\"pt\":\"Comodidades para h\\u00f3spedes com mobilidade reduzida\"}',169,'hotel',''),(1114,'{\"es\":\"Habitaciones familiares\",\"en\":\"Family Rooms\",\"de\":\"Familienzimmer\",\"fr\":\"chambres familiales\",\"it\":\"disponibilit\\u00e0 di camere familiari\",\"ru\":\"\\u0421\\u0435\\u043c\\u0435\\u0439\\u043d\\u044b\\u0435 \\u043d\\u043e\\u043c\\u0435\\u0440\\u0430\",\"cs\":\"Rodinn\\u00e9 pokoje\",\"pt\":\"Quartos para fam\\u00edlias\"}',169,'hotel',''),(1115,'{\"es\":\"Caja fuerte\",\"en\":\"Safe\",\"de\":\"Safe\",\"fr\":\"coffre-fort\",\"it\":\"cassaforte\",\"ru\":\"\\u0421\\u0435\\u0439\\u0444\",\"cs\":\"Trezor\",\"pt\":\"Cofre\"}',169,'hotel',''),(1116,'{\"es\":\"Aire acondicionado\",\"en\":\"Air Conditioning\",\"de\":\"Klimaanlage\",\"fr\":\"climatisation\",\"it\":\"aria condizionata\",\"ru\":\"\\u041a\\u043e\\u043d\\u0434\\u0438\\u0446\\u0438\\u043e\\u043d\\u0435\\u0440\",\"cs\":\"Klimatizace\",\"pt\":\"Ar-condicionado\"}',169,'hotel',''),(1117,'{\"es\":\"italiano\",\"en\":\"Italian\",\"de\":\"Italienisch\",\"fr\":\"italien\",\"it\":\"italiano\",\"ru\":\"\\u043d\\u0430 \\u0438\\u0442\\u0430\\u043b\\u044c\\u044f\\u043d\\u0441\\u043a\\u043e\\u043c\",\"cs\":\"v ital\\u0161tin\\u011b\",\"pt\":\"Italiano\"}',170,'hotel',''),(1118,'{\"es\":\"franc\\u00e9s\",\"en\":\"French\",\"de\":\"Franz\\u00f6sisch\",\"fr\":\"fran\\u00e7ais\",\"it\":\"francese\",\"ru\":\"\\u043d\\u0430 \\u0444\\u0440\\u0430\\u043d\\u0446\\u0443\\u0437\\u0441\\u043a\\u043e\\u043c\",\"cs\":\"ve francouz\\u0161tin\\u011b\",\"pt\":\"Franc\\u00eas\"}',170,'hotel',''),(1119,'{\"es\":\"espa\\u00f1ol\",\"en\":\"Spanish\",\"de\":\"Spanisch\",\"fr\":\"espagnol\",\"it\":\"spagnolo\",\"ru\":\"\\u043d\\u0430 \\u0438\\u0441\\u043f\\u0430\\u043d\\u0441\\u043a\\u043e\\u043c\",\"cs\":\"ve \\u0161pan\\u011bl\\u0161tin\\u011b\",\"pt\":\"Espanhol\"}',170,'hotel',''),(1120,'{\"es\":\"ingl\\u00e9s\",\"en\":\"English\",\"de\":\"Englisch\",\"fr\":\"anglais\",\"it\":\"inglese\",\"ru\":\"\\u043d\\u0430 \\u0430\\u043d\\u0433\\u043b\\u0438\\u0439\\u0441\\u043a\\u043e\\u043c\",\"cs\":\"v angli\\u010dtin\\u011b\",\"pt\":\"Ingl\\u00eas\"}',170,'hotel',''),(1121,'{\"es\":\"alem\\u00e1n\",\"en\":\"German\",\"de\":\"Deutsch\",\"fr\":\"allemand\",\"it\":\"tedesco\",\"ru\":\"\\u043d\\u0430 \\u043d\\u0435\\u043c\\u0435\\u0446\\u043a\\u043e\\u043c\",\"cs\":\"v n\\u011bm\\u010din\\u011b\",\"pt\":\"Alem\\u00e3o\"}',170,'hotel',''),(1122,'{\"pt\":\"a um custo de EUR 4 por hora.\"}',27,'hotel',''),(1123,'{\"es\":\"Spa y centro de bienestar\",\"en\":\"Spa\",\"de\":\"Spa & Wellnesscenter\",\"fr\":\"spa et centre de bien-\\u00eatre\",\"it\":\"spa & centro benessere\",\"pt\":\"Spa \\/ Centro de bem-estar\"}',126,'hotel',''),(1124,'{\"es\":\"Ping pong\",\"en\":\"Ping-Pong\",\"de\":\"Tischtennis\",\"fr\":\"tennis de table\",\"it\":\"ping-pong\",\"pt\":\"T\\u00eanis de mesa\"}',126,'hotel',''),(1125,'{\"es\":\"Dardos\",\"en\":\"Darts\",\"de\":\"Dart\",\"fr\":\"fl\\u00e9chettes\",\"it\":\"freccette\",\"pt\":\"Jogo de dardos\"}',126,'hotel',''),(1126,'{\"es\":\"Ba\\u00f1era de hidromasaje\",\"en\":\"Hot Tub\",\"de\":\"Whirlpool\",\"fr\":\"bain \\u00e0 remous\",\"it\":\"vasca idromassaggio\",\"pt\":\"Banheira de hidromassagem\"}',126,'hotel',''),(1127,'{\"es\":\"Ba\\u00f1o turco\",\"en\":\"Turkish Bath\\/Steam Bath\",\"de\":\"Dampfbad\\/T\\u00fcrkisches Bad\",\"fr\":\"bain turc\\/\\u00e0 vapeur\",\"it\":\"bagno turco\\/di vapore\",\"pt\":\"Banho turco \\/ Sauna vapor\"}',126,'hotel',''),(1128,'{\"es\":\"\\u00a1Gratis! Hay parking gratis p\\u00fablico en el establecimiento. No es necesario reservar.\",\"en\":\"Free! Free public parking is available on site (reservation is not needed).\",\"de\":\"Kostenlos! \\u00d6ffentliche Parkpl\\u00e4tze stehen kostenfrei an der Unterkunft (Reservierung ist nicht erforderlich) zur Verf\\u00fcgung.\",\"fr\":\"Gratuit\\u00a0! Un parking gratuit et public est disponible sur place (sans r\\u00e9servation pr\\u00e9alable).\",\"it\":\"Gratis! Parcheggio pubblico disponibile gratuitamente in loco senza prenotazione.\",\"pt\":\"Gr\\u00e1tis! Estacionamento gratuito e p\\u00fablico dispon\\u00edvel no local (n\\u00e3o necessita de reserva).\"}',129,'hotel',''),(1129,'{\"es\":\"Registro de entrada y salida expr\\u00e9s\",\"en\":\"Express Check-in\\/Check-out\",\"de\":\"Express-Check-in\\/-out\",\"fr\":\"enregistrement et r\\u00e8glement rapides\",\"it\":\"check-in e check-out express\",\"pt\":\"Check-in \\/ Check-out expressos\"}',130,'hotel',''),(1130,'{\"es\":\"Servicio de habitaciones\",\"en\":\"Room Service\",\"de\":\"Zimmerservice\",\"fr\":\"service d\'\\u00e9tage\",\"it\":\"servizio in camera\",\"pt\":\"Servi\\u00e7o de quarto\"}',130,'hotel',''),(1131,'{\"es\":\"Peluquer\\u00eda \\/ sal\\u00f3n de belleza\",\"en\":\"Hair\\/Beauty Salon\",\"de\":\"Friseur-\\/Sch\\u00f6nheitssalon\",\"fr\":\"salon de coiffure\\/institut de beaut\\u00e9\",\"it\":\"parrucchiere\\/salone di bellezza\",\"pt\":\"Barbeiro \\/ Sal\\u00e3o de beleza\"}',130,'hotel',''),(1165,'{\"es\":\"Biblioteca\",\"en\":\"Library\",\"de\":\"Bibliothek\",\"fr\":\"biblioth\\u00e8que\",\"it\":\"biblioteca\",\"pt\":\"Biblioteca\"}',126,'hotel',''),(1166,'{\"es\":\"Bolos\",\"en\":\"Bowling\",\"de\":\"Bowling\",\"fr\":\"bowling\",\"it\":\"bowling\",\"pt\":\"Boliche\"}',126,'hotel',''),(1167,'{\"es\":\"Desayuno en la habitaci\\u00f3n\",\"en\":\"Breakfast in the Room\",\"de\":\"Fr\\u00fchst\\u00fcck im Zimmer\",\"fr\":\"petit-d\\u00e9jeuner en chambre\",\"it\":\"possibilit\\u00e0 di colazione in camera\",\"pt\":\"Caf\\u00e9-da-manh\\u00e3 no quarto\"}',127,'hotel',''),(1168,'{\"es\":\"\\u00a1Gratis! Hay conexi\\u00f3n a internet Wi-Fi disponible en todo el establecimiento. Gratis.\",\"en\":\"Free! Wi-Fi is available in all areas and is free of charge.\",\"de\":\"Kostenlos! WLAN ist in allen Bereichen nutzbar und ist kostenfrei.\",\"fr\":\"Gratuit\\u00a0! Une connexion Wi-Fi est disponible dans tout l\'\\u00e9tablissement gratuitement.\",\"it\":\"Gratis! Internet Wi-Fi disponibile gratuitamente in tutta la struttura.\",\"pt\":\"Gr\\u00e1tis! Acesso Wi-Fi dispon\\u00edvel em todo o hotel\"}',128,'hotel',''),(1169,'{\"es\":\"Servicio de limpieza en seco\",\"en\":\"Dry Cleaning\",\"de\":\"Chemische Reinigung\",\"fr\":\"nettoyage \\u00e0 sec\",\"it\":\"lavaggio a secco\",\"pt\":\"Lavagem a seco\"}',130,'hotel',''),(1170,'{\"es\":\"Habitaciones con servicios VIP\",\"en\":\"VIP Room Facilities\",\"de\":\"VIP-Zimmereinrichtungen\",\"fr\":\"salon d\'accueil VIP\",\"it\":\"servizi VIP in camera\",\"pt\":\"Comodidades VIP\"}',130,'hotel',''),(1171,'{\"es\":\"Servicio de planchado\",\"en\":\"Ironing Service\",\"de\":\"B\\u00fcgelservice\",\"fr\":\"service de repassage\",\"it\":\"servizio stireria\",\"pt\":\"Servi\\u00e7o de passar roupas\"}',130,'hotel',''),(1172,'{\"es\":\"Jard\\u00edn\",\"en\":\"Grounds\",\"de\":\"Garten\",\"fr\":\"jardin\",\"it\":\"giardino\",\"ja\":\"\\u5ead\",\"pt\":\"Jardim\"}',179,'hotel',''),(1173,'{\"es\":\"Piscina al aire libre\",\"en\":\"Outdoor Pool\",\"de\":\"Au\\u00dfenpool\",\"fr\":\"piscine ext\\u00e9rieure\",\"it\":\"piscina all\'aperto\",\"ja\":\"\\u5c4b\\u5916\\u30d7\\u30fc\\u30eb\",\"pt\":\"Piscina ao ar livre\"}',179,'hotel',''),(1174,'{\"es\":\"Pista de tenis\",\"en\":\"Tennis Court\",\"de\":\"Tennisplatz\",\"fr\":\"court de tennis\",\"it\":\"campo da tennis\",\"ja\":\"\\u30c6\\u30cb\\u30b9\\u30b3\\u30fc\\u30c8\",\"pt\":\"Quadra de t\\u00eanis\"}',180,'hotel',''),(1175,'{\"es\":\"Sauna\",\"en\":\"Sauna\",\"de\":\"Sauna\",\"fr\":\"sauna\",\"it\":\"sauna\",\"ja\":\"\\u30b5\\u30a6\\u30ca\",\"pt\":\"Sauna\"}',180,'hotel',''),(1176,'{\"es\":\"Gimnasio\",\"en\":\"Fitness Center\",\"de\":\"Fitnesscenter\",\"fr\":\"centre de remise en forme\",\"it\":\"palestra\",\"ja\":\"\\u30d5\\u30a3\\u30c3\\u30c8\\u30cd\\u30b9\\u30bb\\u30f3\\u30bf\\u30fc\",\"pt\":\"Academia\"}',180,'hotel',''),(1177,'{\"es\":\"Sala de juegos\",\"en\":\"Game Room\",\"de\":\"Spielzimmer\",\"fr\":\"salle de jeux\",\"it\":\"sala giochi\",\"ja\":\"\\u30b2\\u30fc\\u30e0\\u30eb\\u30fc\\u30e0\",\"pt\":\"Sal\\u00e3o de jogos\"}',180,'hotel',''),(1178,'{\"es\":\"Sol\\u00e1rium\",\"en\":\"Solarium\",\"de\":\"Solarium\",\"fr\":\"solarium\",\"it\":\"solarium\",\"ja\":\"\\u30bd\\u30e9\\u30ea\\u30a6\\u30e0\",\"pt\":\"Sol\\u00e1rio\"}',180,'hotel',''),(1179,'{\"es\":\"Masajes\",\"en\":\"Massage\",\"de\":\"Massage\",\"fr\":\"massage\",\"it\":\"massaggi\",\"ja\":\"\\u30de\\u30c3\\u30b5\\u30fc\\u30b8\",\"pt\":\"Servi\\u00e7os de massagem\"}',180,'hotel',''),(1180,'{\"es\":\"Zona de juegos infantil\",\"en\":\"Playground\",\"de\":\"Kinderspielplatz\",\"fr\":\"aire de jeux pour enfants\",\"it\":\"area giochi\",\"ja\":\"\\u5b50\\u4f9b\\u7528\\u30d7\\u30ec\\u30a4\\u30b0\\u30e9\\u30a6\\u30f3\\u30c9\",\"pt\":\"Parquinho infantil\"}',180,'hotel',''),(1181,'{\"es\":\"Billar\",\"en\":\"Pool Table\",\"de\":\"Billard\",\"fr\":\"billard\",\"it\":\"biliardo\",\"ja\":\"\\u30d3\\u30ea\\u30e4\\u30fc\\u30c9\",\"pt\":\"Bilhar\"}',180,'hotel',''),(1182,'{\"es\":\"Ping pong\",\"en\":\"Ping-Pong\",\"de\":\"Tischtennis\",\"fr\":\"tennis de table\",\"it\":\"ping-pong\",\"ja\":\"\\u5353\\u7403\",\"pt\":\"T\\u00eanis de mesa\"}',180,'hotel',''),(1183,'{\"es\":\"Alquiler de bicicletas\",\"en\":\"Bicycle Rental\",\"de\":\"Fahrradverleih\",\"fr\":\"location de v\\u00e9los\",\"it\":\"noleggio biciclette\",\"ja\":\"\\u81ea\\u8ee2\\u8eca\\u30ec\\u30f3\\u30bf\\u30eb\",\"pt\":\"Aluguel de bicicletas\"}',180,'hotel',''),(1184,'{\"es\":\"Bar\",\"en\":\"Bar\",\"de\":\"Bar\",\"fr\":\"bar\",\"it\":\"bar\",\"ja\":\"\\u30d0\\u30fc\",\"pt\":\"Bar\"}',181,'hotel',''),(1185,'{\"es\":\"Internet wi-fi (hotspot) disponible en las zonas comunes. De pago.\",\"en\":\"Wireless Internet Hotspot is available in public areas and charges apply.\",\"de\":\"WLAN Hotspot ist in den \\u00f6ffentlichen Bereichen nutzbar gegen Geb\\u00fchren.\",\"fr\":\"Un acc\\u00e8s sans fil via Hotspot est disponible dans les parties communes en suppl\\u00e9ment.\",\"it\":\"La connessione Internet wireless tramite hotspot a pagamento nelle aree comuni.\",\"ja\":\"\\u516c\\u5171\\u30a8\\u30ea\\u30a2\\u306b\\u3066\\u7121\\u7dda\\u30a4\\u30f3\\u30bf\\u30fc\\u30cd\\u30c3\\u30c8\\u30fb\\u30db\\u30c3\\u30c8\\u30b9\\u30dd\\u30c3\\u30c8\\u5229\\u7528\\u53ef\\uff1a\\u6709\\u6599\",\"pt\":\"Wireless Internet Hotspot dispon\\u00edvel nas \\u00e1reas p\\u00fablicas\"}',182,'hotel',''),(1186,'{\"es\":\"\\u00a1Gratis! Hay parking gratis p\\u00fablico en el establecimiento. No es necesario reservar.\",\"en\":\"Free! Free public parking is available on site (reservation is not needed).\",\"de\":\"Kostenlos! \\u00d6ffentliche Parkpl\\u00e4tze stehen kostenfrei an der Unterkunft (Reservierung ist nicht erforderlich) zur Verf\\u00fcgung.\",\"fr\":\"Gratuit\\u00a0! Un parking gratuit et public est disponible sur place (sans r\\u00e9servation pr\\u00e9alable).\",\"it\":\"Gratis! Parcheggio pubblico disponibile gratuitamente in loco senza prenotazione.\",\"ja\":\"\\u7121\\u6599\\uff01 \\u6577\\u5730\\u5185\\u306b\\u4e8b\\u524d\\u4e88\\u7d04\\u4e0d\\u8981\\u306e\\u516c\\u5171\\u30d1\\u30fc\\u30ad\\u30f3\\u30b0\\u3042\\u308a\\uff1a\\u7121\\u6599\",\"pt\":\"Gr\\u00e1tis! Estacionamento gratuito e p\\u00fablico dispon\\u00edvel no local (n\\u00e3o necessita de reserva).\"}',183,'hotel',''),(1187,'{\"es\":\"Recepci\\u00f3n 24 horas\",\"en\":\"24-Hour Front Desk\",\"de\":\"24-Stunden-Rezeption\",\"fr\":\"r\\u00e9ception ouverte 24h\\/24\",\"it\":\"reception 24 ore su 24\",\"ja\":\"\\u30d5\\u30ed\\u30f3\\u30c824\\u6642\\u9593\\u5bfe\\u5fdc\",\"pt\":\"Recep\\u00e7\\u00e3o 24 horas\"}',184,'hotel',''),(1188,'{\"es\":\"Servicio de limpieza en seco\",\"en\":\"Dry Cleaning\",\"de\":\"Chemische Reinigung\",\"fr\":\"nettoyage \\u00e0 sec\",\"it\":\"lavaggio a secco\",\"ja\":\"\\u30c9\\u30e9\\u30a4\\u30af\\u30ea\\u30fc\\u30cb\\u30f3\\u30b0\",\"pt\":\"Lavagem a seco\"}',184,'hotel',''),(1189,'{\"es\":\"Cambio de moneda\",\"en\":\"Currency Exchange\",\"de\":\"W\\u00e4hrungsumtausch\",\"fr\":\"service de change\",\"it\":\"cambio valuta\",\"ja\":\"\\u5916\\u8ca8\\u4e21\\u66ff\",\"pt\":\"C\\u00e2mbio de moedas\"}',184,'hotel',''),(1190,'{\"es\":\"Alquiler de coches\",\"en\":\"Car Rental\",\"de\":\"Autovermietung\",\"fr\":\"location de voitures\",\"it\":\"autonoleggio\",\"ja\":\"\\u30ec\\u30f3\\u30bf\\u30ab\\u30fc\",\"pt\":\"Aluguel de carros\"}',184,'hotel',''),(1191,'{\"es\":\"Fax \\/ fotocopiadora\",\"en\":\"Fax\\/Photocopying\",\"de\":\"Fax- u. Fotokopiereinrichtungen\",\"fr\":\"fax\\/photocopies\",\"it\":\"fax\\/fotocopiatrice\",\"ja\":\"FAX\\/\\u30b3\\u30d4\\u30fc\",\"pt\":\"Fax \\/ Fotoc\\u00f3pia\"}',184,'hotel',''),(1192,'{\"es\":\"M\\u00e1quina expendedora (bebidas)\",\"en\":\"Vending Machine (Drinks)\",\"de\":\"Getr\\u00e4nkeautomat\",\"fr\":\"distributeur automatique (boissons)\",\"it\":\"distributore automatico di bevande\",\"ja\":\"\\u81ea\\u8ca9\\u6a5f\\uff08\\u30c9\\u30ea\\u30f3\\u30af\\u985e\\uff09\",\"pt\":\"M\\u00e1quina de venda autom\\u00e1tica (bebidas)\"}',184,'hotel',''),(1193,'{\"es\":\"M\\u00e1quina expendedora (aperitivos)\",\"en\":\"Vending Machine (Snacks)\",\"de\":\"Snackautomat\",\"fr\":\"distributeur automatique (collations)\",\"it\":\"distributore automatico di snack\",\"ja\":\"\\u81ea\\u8ca9\\u6a5f\\uff08\\u30b9\\u30ca\\u30c3\\u30af\\u985e\\uff09\",\"pt\":\"M\\u00e1quina de venda autom\\u00e1tica (lanches)\"}',184,'hotel',''),(1194,'{\"es\":\"Adaptado personas de movilidad reducida\",\"en\":\"Facilities for Disabled Guests\",\"de\":\"Behindertenfreundlich\",\"fr\":\"accessible aux personnes \\u00e0 mobilit\\u00e9 r\\u00e9duite\",\"it\":\"camere\\/strutture per ospiti disabili\",\"ja\":\"\\u30d0\\u30ea\\u30a2\\u30d5\\u30ea\\u30fc\",\"pt\":\"Comodidades para h\\u00f3spedes com mobilidade reduzida\"}',185,'hotel',''),(1195,'{\"es\":\"Habitaciones familiares\",\"en\":\"Family Rooms\",\"de\":\"Familienzimmer\",\"fr\":\"chambres familiales\",\"it\":\"disponibilit\\u00e0 di camere familiari\",\"ja\":\"\\u30d5\\u30a1\\u30df\\u30ea\\u30fc\\u30eb\\u30fc\\u30e0\",\"pt\":\"Quartos para fam\\u00edlias\"}',185,'hotel',''),(1196,'{\"es\":\"Ascensor\",\"en\":\"Elevator\",\"de\":\"Aufzug\",\"fr\":\"ascenseur\",\"it\":\"ascensore\",\"ja\":\"\\u30a8\\u30ec\\u30d9\\u30fc\\u30bf\\u30fc\",\"pt\":\"Elevador\"}',185,'hotel',''),(1197,'{\"es\":\"Caja fuerte\",\"en\":\"Safe\",\"de\":\"Safe\",\"fr\":\"coffre-fort\",\"it\":\"cassaforte\",\"ja\":\"\\u30bb\\u30fc\\u30d5\\u30c6\\u30a3\\u30dc\\u30c3\\u30af\\u30b9\",\"pt\":\"Cofre\"}',185,'hotel',''),(1198,'{\"es\":\"Jard\\u00edn\",\"en\":\"Grounds\",\"de\":\"Garten\",\"fr\":\"jardin\",\"it\":\"giardino\"}',186,'hotel',''),(1199,'{\"es\":\"Terraza\",\"en\":\"Terrace\",\"de\":\"Terrasse oder Innenhof\",\"fr\":\"terrasse\",\"it\":\"terrazza\"}',186,'hotel',''),(1200,'{\"es\":\"Piscina al aire libre\",\"en\":\"Outdoor Pool\",\"de\":\"Au\\u00dfenpool\",\"fr\":\"piscine ext\\u00e9rieure\",\"it\":\"piscina all\'aperto\"}',186,'hotel',''),(1201,'{\"es\":\"Pista de tenis\",\"en\":\"Tennis Court\",\"de\":\"Tennisplatz\",\"fr\":\"court de tennis\",\"it\":\"campo da tennis\"}',187,'hotel',''),(1202,'{\"es\":\"Sauna\",\"en\":\"Sauna\",\"de\":\"Sauna\",\"fr\":\"sauna\",\"it\":\"sauna\"}',187,'hotel',''),(1203,'{\"es\":\"Gimnasio\",\"en\":\"Fitness Center\",\"de\":\"Fitnesscenter\",\"fr\":\"centre de remise en forme\",\"it\":\"palestra\"}',187,'hotel',''),(1204,'{\"es\":\"Sala de juegos\",\"en\":\"Game Room\",\"de\":\"Spielzimmer\",\"fr\":\"salle de jeux\",\"it\":\"sala giochi\"}',187,'hotel',''),(1205,'{\"es\":\"Masajes\",\"en\":\"Massage\",\"de\":\"Massage\",\"fr\":\"massage\",\"it\":\"massaggi\"}',187,'hotel',''),(1206,'{\"es\":\"Billar\",\"en\":\"Pool Table\",\"de\":\"Billard\",\"fr\":\"billard\",\"it\":\"biliardo\"}',187,'hotel',''),(1207,'{\"es\":\"Ping pong\",\"en\":\"Ping-Pong\",\"de\":\"Tischtennis\",\"fr\":\"tennis de table\",\"it\":\"ping-pong\"}',187,'hotel',''),(1208,'{\"es\":\"Ba\\u00f1era de hidromasaje\",\"en\":\"Hot Tub\",\"de\":\"Whirlpool\",\"fr\":\"bain \\u00e0 remous\",\"it\":\"vasca idromassaggio\"}',187,'hotel',''),(1209,'{\"es\":\"Mini golf\",\"en\":\"Mini Golf\",\"de\":\"Minigolf\",\"fr\":\"minigolf\",\"it\":\"minigolf\"}',187,'hotel',''),(1210,'{\"es\":\"Restaurante\",\"en\":\"Restaurant\",\"de\":\"Restaurant\",\"fr\":\"restaurant\",\"it\":\"ristorante\"}',188,'hotel',''),(1211,'{\"es\":\"Bar\",\"en\":\"Bar\",\"de\":\"Bar\",\"fr\":\"bar\",\"it\":\"bar\"}',188,'hotel',''),(1212,'{\"es\":\"\\u00a1Gratis! Hay conexi\\u00f3n a internet Wi-Fi disponible en el centro de negocios. Gratis.\",\"en\":\"Free! Wi-Fi is available in the business center and is free of charge.\",\"de\":\"Kostenlos! WLAN ist in dem Business Center nutzbar und ist kostenfrei.\",\"fr\":\"Gratuit\\u00a0! Une connexion Wi-Fi est disponible dans le centre d\'affaires gratuitement.\",\"it\":\"Gratis! Internet Wi-Fi disponibile gratuitamente nel centro business\"}',189,'hotel',''),(1213,'{\"es\":\"\\u00a1Gratis! Hay parking gratis privado en el establecimiento. No se puede reservar.\",\"en\":\"Free! Free private parking is available on site (reservation is not possible).\",\"de\":\"Kostenlos! Private Parkpl\\u00e4tze stehen kostenfrei an der Unterkunft (Reservierung ist nicht m\\u00f6glich) zur Verf\\u00fcgung.\",\"fr\":\"Gratuit\\u00a0! Un parking gratuit et priv\\u00e9 est disponible sur place (sans possibilit\\u00e9 de r\\u00e9server).\",\"it\":\"Gratis! Parcheggio privato disponibile gratuitamente in loco e non prenotabile.\"}',190,'hotel',''),(1214,'{\"es\":\"Recepci\\u00f3n 24 horas\",\"en\":\"24-Hour Front Desk\",\"de\":\"24-Stunden-Rezeption\",\"fr\":\"r\\u00e9ception ouverte 24h\\/24\",\"it\":\"reception 24 ore su 24\"}',191,'hotel',''),(1215,'{\"es\":\"Guardaequipaje\",\"en\":\"Baggage Storage\",\"de\":\"Gep\\u00e4ckaufbewahrung\",\"fr\":\"bagagerie\",\"it\":\"deposito bagagli\"}',191,'hotel',''),(1216,'{\"es\":\"Salas de reuniones \\/ banquetes\",\"en\":\"Meeting\\/Banquet Facilities\",\"de\":\"Konferenz- und Veranstaltungsr\\u00e4ume\",\"fr\":\"salles de r\\u00e9unions\\/banquets\",\"it\":\"spazi per riunioni\\/banchetti\"}',191,'hotel',''),(1217,'{\"es\":\"Peluquer\\u00eda \\/ sal\\u00f3n de belleza\",\"en\":\"Hair\\/Beauty Salon\",\"de\":\"Friseur-\\/Sch\\u00f6nheitssalon\",\"fr\":\"salon de coiffure\\/institut de beaut\\u00e9\",\"it\":\"parrucchiere\\/salone di bellezza\"}',191,'hotel',''),(1218,'{\"es\":\"Cambio de moneda\",\"en\":\"Currency Exchange\",\"de\":\"W\\u00e4hrungsumtausch\",\"fr\":\"service de change\",\"it\":\"cambio valuta\"}',191,'hotel',''),(1219,'{\"es\":\"Tienda de regalos \\/ recuerdos\",\"en\":\"Souvenir\\/Gift Shop\",\"de\":\"Souvenirgesch\\u00e4ft\",\"fr\":\"boutique de souvenirs \\/ cadeaux\",\"it\":\"negozio di souvenir\"}',191,'hotel',''),(1220,'{\"es\":\"Almuerzos para llevar\",\"en\":\"Packed Lunches\",\"de\":\"Lunchpakete\",\"fr\":\"paniers-repas\",\"it\":\"possibilit\\u00e0 di pranzo al sacco\"}',191,'hotel',''),(1221,'{\"es\":\"Alquiler de coches\",\"en\":\"Car Rental\",\"de\":\"Autovermietung\",\"fr\":\"location de voitures\",\"it\":\"autonoleggio\"}',191,'hotel',''),(1222,'{\"es\":\"Informaci\\u00f3n tur\\u00edstica\",\"en\":\"Tour Desk\",\"de\":\"Informationsschalter f\\u00fcr Ausfl\\u00fcge\",\"fr\":\"bureau d\'excursions\",\"it\":\"banco escursioni\"}',191,'hotel',''),(1223,'{\"es\":\"Habitaciones no fumadores\",\"en\":\"Non-smoking Rooms\",\"de\":\"Nichtraucherzimmer\",\"fr\":\"chambres non-fumeurs\",\"it\":\"camere non fumatori\"}',192,'hotel',''),(1224,'{\"es\":\"Adaptado personas de movilidad reducida\",\"en\":\"Facilities for Disabled Guests\",\"de\":\"Behindertenfreundlich\",\"fr\":\"accessible aux personnes \\u00e0 mobilit\\u00e9 r\\u00e9duite\",\"it\":\"camere\\/strutture per ospiti disabili\"}',192,'hotel',''),(1225,'{\"es\":\"Habitaciones familiares\",\"en\":\"Family Rooms\",\"de\":\"Familienzimmer\",\"fr\":\"chambres familiales\",\"it\":\"disponibilit\\u00e0 di camere familiari\"}',192,'hotel',''),(1226,'{\"es\":\"Ascensor\",\"en\":\"Elevator\",\"de\":\"Aufzug\",\"fr\":\"ascenseur\",\"it\":\"ascensore\"}',192,'hotel',''),(1227,'{\"es\":\"Caja fuerte\",\"en\":\"Safe\",\"de\":\"Safe\",\"fr\":\"coffre-fort\",\"it\":\"cassaforte\"}',192,'hotel',''),(1228,'{\"es\":\"Aire acondicionado\",\"en\":\"Air Conditioning\",\"de\":\"Klimaanlage\",\"fr\":\"climatisation\",\"it\":\"aria condizionata\"}',192,'hotel',''),(1229,'{\"es\":\"Terraza\",\"en\":\"Terrace\",\"de\":\"Terrasse oder Innenhof\",\"fr\":\"terrasse\",\"it\":\"terrazza\",\"cs\":\"Terasa\",\"pt\":\"Terra\\u00e7o\"}',193,'hotel',''),(1230,'{\"es\":\"Prensa\",\"en\":\"Newspapers\",\"de\":\"Zeitungen\",\"fr\":\"journaux\",\"it\":\"quotidiani\",\"cs\":\"Denn\\u00ed tisk\",\"pt\":\"Jornais\"}',194,'hotel',''),(1231,'{\"es\":\"Gimnasio\",\"en\":\"Fitness Center\",\"de\":\"Fitnesscenter\",\"fr\":\"centre de remise en forme\",\"it\":\"palestra\",\"cs\":\"Fitness centrum\",\"pt\":\"Centro de Fitness\"}',194,'hotel',''),(1232,'{\"es\":\"Masajes\",\"en\":\"Massage\",\"de\":\"Massage\",\"fr\":\"massage\",\"it\":\"massaggi\",\"cs\":\"Mas\\u00e1\\u017ee\",\"pt\":\"Massagem\"}',194,'hotel',''),(1233,'{\"es\":\"Alquiler de bicicletas\",\"en\":\"Bicycle Rental\",\"de\":\"Fahrradverleih\",\"fr\":\"location de v\\u00e9los\",\"it\":\"noleggio biciclette\",\"cs\":\"Pron\\u00e1jem kol\",\"pt\":\"Aluguer de Bicicleta\"}',194,'hotel',''),(1234,'{\"es\":\"Restaurante\",\"en\":\"Restaurant\",\"de\":\"Restaurant\",\"fr\":\"restaurant\",\"it\":\"ristorante\",\"cs\":\"Restaurace\",\"pt\":\"Restaurante\"}',195,'hotel',''),(1235,'{\"es\":\"Bar\",\"en\":\"Bar\",\"de\":\"Bar\",\"fr\":\"bar\",\"it\":\"bar\",\"cs\":\"Bar\",\"pt\":\"Bar\"}',195,'hotel',''),(1236,'{\"es\":\"Snack-bar\",\"en\":\"Snack Bar\",\"de\":\"Snackbar\",\"fr\":\"snack-bar\",\"it\":\"snack bar\",\"cs\":\"Snack bar\",\"pt\":\"Snack-bar\"}',195,'hotel',''),(1237,'{\"es\":\"Desayuno en la habitaci\\u00f3n\",\"en\":\"Breakfast in the Room\",\"de\":\"Fr\\u00fchst\\u00fcck im Zimmer\",\"fr\":\"petit-d\\u00e9jeuner en chambre\",\"it\":\"possibilit\\u00e0 di colazione in camera\",\"cs\":\"Sn\\u00eddan\\u011b do pokoje\",\"pt\":\"Pequeno-almo\\u00e7o no Quarto\"}',195,'hotel',''),(1238,'{\"es\":\"Men\\u00fas diet\\u00e9ticos (bajo petici\\u00f3n)\",\"en\":\"Special Diet Meals (upon request)\",\"de\":\"Speisen f\\u00fcr spezielle Ern\\u00e4hrungsbed\\u00fcrfnisse (auf Anfrage)\",\"fr\":\"menus pour r\\u00e9gimes sp\\u00e9ciaux (sur demande)\",\"it\":\"men\\u00f9 per diete particolari (su richiesta)\",\"cs\":\"Speci\\u00e1ln\\u00ed dietn\\u00ed menu (na vy\\u017e\\u00e1d\\u00e1n\\u00ed)\",\"pt\":\"Menus Especiais Diet\\u00e9ticos (mediante pedido)\"}',195,'hotel',''),(1239,'{\"es\":\"Hay conexi\\u00f3n a internet Wi-Fi disponible en todo el establecimiento. De pago.\",\"en\":\"Wi-Fi is available in all areas and charges apply.\",\"de\":\"WLAN ist in allen Bereichen nutzbar gegen Geb\\u00fchren.\",\"fr\":\"Une connexion Wi-Fi est disponible dans tout l\'\\u00e9tablissement en suppl\\u00e9ment.\",\"it\":\"Internet Wi-Fi disponibile a pagamento in tutta la struttura.\",\"cs\":\"Bezdr\\u00e1tov\\u00e9 internetov\\u00e9 p\\u0159ipojen\\u00ed je dostupn\\u00e9 v cel\\u00e9m hotelu za poplatek.\",\"pt\":\"Acesso Wi-Fi dispon\\u00edvel por todo o hotel. Aplicam-se custos adicionais.\"}',196,'hotel',''),(1240,'{\"es\":\"Hay parking privado en el establecimiento. Es necesario reservar. Precio: 20 EUR por d\\u00eda .\",\"en\":\"Private parking is available on site (reservation is needed) and costs EUR 20 per day.\",\"de\":\"Private Parkpl\\u00e4tze stehen an der Unterkunft (Reservierung ist erforderlich) zur Verf\\u00fcgung und kosten EUR 20 pro Tag .\",\"fr\":\"Un parking priv\\u00e9 est disponible sur place (uniquement sur r\\u00e9servation) au tarif de 20 EUR par jour.\",\"it\":\"Parcheggio privato disponibile in loco su prenotazione al costo di 20 EUR al giorno .\",\"cs\":\"Soukrom\\u00e9 parkov\\u00e1n\\u00ed je mo\\u017en\\u00e9 za 20 EUR na den v are\\u00e1lu hotelu (rezervace nutn\\u00e1).\",\"pt\":\"Estacionamento privado dispon\\u00edvel no local (carece de reserva) Custos: EUR 20 por dia.\"}',197,'hotel',''),(1241,'{\"es\":\"Recepci\\u00f3n 24 horas\",\"en\":\"24-Hour Front Desk\",\"de\":\"24-Stunden-Rezeption\",\"fr\":\"r\\u00e9ception ouverte 24h\\/24\",\"it\":\"reception 24 ore su 24\",\"cs\":\"Recepce 24 hodin denn\\u011b\",\"pt\":\"Recep\\u00e7\\u00e3o dispon\\u00edvel 24 horas\"}',198,'hotel',''),(1242,'{\"es\":\"Guardaequipaje\",\"en\":\"Baggage Storage\",\"de\":\"Gep\\u00e4ckaufbewahrung\",\"fr\":\"bagagerie\",\"it\":\"deposito bagagli\",\"cs\":\"\\u00daschova zavazadel\",\"pt\":\"Sala para Bagagem\"}',198,'hotel',''),(1243,'{\"es\":\"Servicio de habitaciones\",\"en\":\"Room Service\",\"de\":\"Zimmerservice\",\"fr\":\"service d\'\\u00e9tage\",\"it\":\"servizio in camera\",\"cs\":\"Pokojov\\u00e1 slu\\u017eba\",\"pt\":\"Servi\\u00e7o de Quartos\"}',198,'hotel',''),(1244,'{\"es\":\"Salas de reuniones \\/ banquetes\",\"en\":\"Meeting\\/Banquet Facilities\",\"de\":\"Konferenz- und Veranstaltungsr\\u00e4ume\",\"fr\":\"salles de r\\u00e9unions\\/banquets\",\"it\":\"spazi per riunioni\\/banchetti\",\"cs\":\"Spole\\u010densk\\u00e9 prostory\",\"pt\":\"Comodidades para Reuni\\u00f5es \\/ Banquetes\"}',198,'hotel',''),(1245,'{\"es\":\"Ni\\u00f1era \\/ servicios infantiles\",\"en\":\"Babysitting\\/Child Services\",\"de\":\"Baby-\\/ Kinderbetreuung\",\"fr\":\"garde d\'enfants\",\"it\":\"servizio baby-sitter\",\"cs\":\"Hl\\u00edd\\u00e1n\\u00ed d\\u011bt\\u00ed\\/Slu\\u017eby pro d\\u011bti\",\"pt\":\"Baby-sitting \\/ Servi\\u00e7o para Crian\\u00e7as\"}',198,'hotel',''),(1246,'{\"es\":\"Servicio de lavander\\u00eda\",\"en\":\"Laundry\",\"de\":\"Waschsalon\\/W\\u00e4scheservice\",\"fr\":\"blanchisserie\",\"it\":\"servizio lavanderia\",\"cs\":\"Slu\\u017eba pran\\u00ed\",\"pt\":\"Lavandaria\"}',198,'hotel',''),(1247,'{\"es\":\"Servicio de limpieza en seco\",\"en\":\"Dry Cleaning\",\"de\":\"Chemische Reinigung\",\"fr\":\"nettoyage \\u00e0 sec\",\"it\":\"lavaggio a secco\",\"cs\":\"\\u010ci\\u0161t\\u011bn\\u00ed od\\u011bv\\u016f\",\"pt\":\"Limpeza a seco\"}',198,'hotel',''),(1248,'{\"es\":\"Servicio de planchado\",\"en\":\"Ironing Service\",\"de\":\"B\\u00fcgelservice\",\"fr\":\"service de repassage\",\"it\":\"servizio stireria\",\"cs\":\"Slu\\u017eba \\u017eehlen\\u00ed\",\"pt\":\"Servi\\u00e7o de Engomadoria\"}',198,'hotel',''),(1249,'{\"es\":\"Tienda de regalos \\/ recuerdos\",\"en\":\"Souvenir\\/Gift Shop\",\"de\":\"Souvenirgesch\\u00e4ft\",\"fr\":\"boutique de souvenirs \\/ cadeaux\",\"it\":\"negozio di souvenir\",\"cs\":\"Obchod se suven\\u00fdry\",\"pt\":\"Loja de Recorda\\u00e7\\u00f5es\"}',198,'hotel',''),(1250,'{\"es\":\"Limpiabotas\",\"en\":\"Shoeshine\",\"de\":\"Schuhputzmaschine\\/ -service\",\"fr\":\"service de cireur\",\"it\":\"lustrascarpe\",\"cs\":\"\\u010ci\\u0161t\\u011bn\\u00ed bot\",\"pt\":\"Equipamento para Engraxar Sapatos\"}',198,'hotel',''),(1251,'{\"es\":\"Alquiler de coches\",\"en\":\"Car Rental\",\"de\":\"Autovermietung\",\"fr\":\"location de voitures\",\"it\":\"autonoleggio\",\"cs\":\"Pron\\u00e1jem aut\",\"pt\":\"Aluguer de Carro\"}',198,'hotel',''),(1252,'{\"es\":\"Servicio de conserjer\\u00eda\",\"en\":\"Concierge Service\",\"de\":\"Conciergeservice\",\"fr\":\"service de concierge\",\"it\":\"servizio concierge\",\"cs\":\"Slu\\u017eba concierge\",\"pt\":\"Servi\\u00e7o de Concierge\"}',198,'hotel',''),(1253,'{\"es\":\"Servicio de traslado (de pago)\",\"en\":\"Shuttle Service (Surcharge)\",\"de\":\"Shuttleservice (gegen Aufpreis)\",\"fr\":\"service de navette (en suppl\\u00e9ment)\",\"it\":\"servizio navetta (a pagamento)\",\"cs\":\"Kyvadlov\\u00e1 doprava (za p\\u0159\\u00edplatek)\",\"pt\":\"Servi\\u00e7o de Transporte (custo adicional)\"}',198,'hotel',''),(1254,'{\"es\":\"Traslado aeropuerto (de pago)\",\"en\":\"Airport Shuttle (Surcharge)\",\"de\":\"Flughafentransfer (gegen Aufpreis)\",\"fr\":\"navette a\\u00e9roport (en suppl\\u00e9ment)\",\"it\":\"navetta aeroportuale (a pagamento)\",\"cs\":\"Doprava na leti\\u0161t\\u011b (za poplatek)\",\"pt\":\"Servi\\u00e7o de Transporte de\\/para o Aeroporto (custo adicional)\"}',198,'hotel',''),(1255,'{\"es\":\"Habitaciones no fumadores\",\"en\":\"Non-smoking Rooms\",\"de\":\"Nichtraucherzimmer\",\"fr\":\"chambres non-fumeurs\",\"it\":\"camere non fumatori\",\"cs\":\"Neku\\u0159\\u00e1ck\\u00e9 pokoje\",\"pt\":\"Quartos para N\\u00e3o Fumadores\"}',199,'hotel',''),(1256,'{\"es\":\"Adaptado personas de movilidad reducida\",\"en\":\"Facilities for Disabled Guests\",\"de\":\"Behindertenfreundlich\",\"fr\":\"accessible aux personnes \\u00e0 mobilit\\u00e9 r\\u00e9duite\",\"it\":\"camere\\/strutture per ospiti disabili\",\"cs\":\"Bezbari\\u00e9rov\\u00e9\",\"pt\":\"Comodidades para Pessoas com Mobilidade Condicionada\"}',199,'hotel',''),(1257,'{\"es\":\"Ascensor\",\"en\":\"Elevator\",\"de\":\"Aufzug\",\"fr\":\"ascenseur\",\"it\":\"ascensore\",\"cs\":\"V\\u00fdtah\",\"pt\":\"Elevador\"}',199,'hotel',''),(1258,'{\"es\":\"Caja fuerte\",\"en\":\"Safe\",\"de\":\"Safe\",\"fr\":\"coffre-fort\",\"it\":\"cassaforte\",\"cs\":\"Trezor\",\"pt\":\"Cofre\"}',199,'hotel',''),(1259,'{\"es\":\"Habitaciones insonorizadas\",\"en\":\"Soundproof Rooms\",\"de\":\"schallisolierte Zimmer\",\"fr\":\"chambres insonoris\\u00e9es\",\"it\":\"disponibilit\\u00e0 di camere insonorizzate\",\"cs\":\"Zvukov\\u00e1 izolace\",\"pt\":\"Quartos Insonorizados\"}',199,'hotel',''),(1260,'{\"es\":\"Calefacci\\u00f3n\",\"en\":\"Heating\",\"de\":\"Heizung\",\"fr\":\"chauffage\",\"it\":\"riscaldamento\",\"cs\":\"Topen\\u00ed\",\"pt\":\"Aquecimento\"}',199,'hotel',''),(1261,'{\"es\":\"Tiendas en el hotel\",\"en\":\"Stores in Hotel\",\"de\":\"Gesch\\u00e4fte im Hotel\",\"fr\":\"boutiques dans l\'h\\u00f4tel\",\"it\":\"negozi\",\"cs\":\"Obchody v hotelu\",\"pt\":\"Lojas no Hotel\"}',199,'hotel',''),(1262,'{\"es\":\"Aire acondicionado\",\"en\":\"Air Conditioning\",\"de\":\"Klimaanlage\",\"fr\":\"climatisation\",\"it\":\"aria condizionata\",\"cs\":\"Klimatizace\",\"pt\":\"Ar Condicionado\"}',199,'hotel',''),(1263,'{\"es\":\"Zona de fumadores\",\"en\":\"Designated Smoking Area\",\"de\":\"Raucherbereich\",\"fr\":\"espace fumeurs\",\"it\":\"area fumatori\",\"cs\":\"Prostor pro ku\\u0159\\u00e1ky\",\"pt\":\"\\u00c1rea Espec\\u00edfica para Fumar\"}',199,'hotel',''),(1384,'{\"es\":\"Jard\\u00edn\",\"en\":\"Grounds\",\"de\":\"Garten\",\"fr\":\"jardin\",\"it\":\"giardino\",\"ru\":\"\\u0421\\u0430\\u0434\",\"pt\":\"Jardim\",\"pt-br\":\"Jardim\"}',225,'hotel',''),(1385,'{\"es\":\"Terraza\",\"en\":\"Terrace\",\"de\":\"Terrasse oder Innenhof\",\"fr\":\"terrasse\",\"it\":\"terrazza\",\"ru\":\"\\u0422\\u0435\\u0440\\u0440\\u0430\\u0441\\u0430\",\"pt\":\"Terra\\u00e7o\",\"pt-br\":\"Terra\\u00e7o\"}',225,'hotel',''),(1386,'{\"es\":\"Terraza \\/ sol\\u00e1rium\",\"en\":\"Sun Deck\",\"de\":\"Sonnenterrasse\",\"fr\":\"terrasse bien expos\\u00e9e\",\"it\":\"terrazza solarium\",\"ru\":\"\\u0422\\u0435\\u0440\\u0440\\u0430\\u0441\\u0430 \\u0434\\u043b\\u044f \\u0437\\u0430\\u0433\\u0430\\u0440\\u0430\",\"pt\":\"Terra\\u00e7o\",\"pt-br\":\"Terra\\u00e7o\"}',225,'hotel',''),(1387,'{\"es\":\"Piscina al aire libre (todo el a\\u00f1o)\",\"en\":\"Outdoor Pool (All Year)\",\"de\":\"Au\\u00dfenpool (ganzj\\u00e4hrig)\",\"fr\":\"piscine ext\\u00e9rieure (toute l\'ann\\u00e9e)\",\"it\":\"piscina all\'aperto (tutto l\'anno)\",\"ru\":\"\\u041e\\u0442\\u043a\\u0440\\u044b\\u0442\\u044b\\u0439 \\u0431\\u0430\\u0441\\u0441\\u0435\\u0439\\u043d (\\u0440\\u0430\\u0431\\u043e\\u0442\\u0430\\u0435\\u0442 \\u043a\\u0440\\u0443\\u0433\\u043b\\u044b\\u0439 \\u0433\\u043e\\u0434)\",\"pt\":\"Piscina (o ano inteiro)\",\"pt-br\":\"Piscina (o ano inteiro)\"}',225,'hotel',''),(1388,'{\"es\":\"Pista de tenis\",\"en\":\"Tennis Court\",\"de\":\"Tennisplatz\",\"fr\":\"court de tennis\",\"it\":\"campo da tennis\",\"ru\":\"\\u0422\\u0435\\u043d\\u043d\\u0438\\u0441\\u043d\\u044b\\u0439 \\u043a\\u043e\\u0440\\u0442\",\"pt\":\"Quadra de t\\u00eanis\",\"pt-br\":\"Quadra de t\\u00eanis\"}',226,'hotel',''),(1389,'{\"es\":\"Gimnasio\",\"en\":\"Fitness Center\",\"de\":\"Fitnesscenter\",\"fr\":\"centre de remise en forme\",\"it\":\"palestra\",\"ru\":\"\\u0424\\u0438\\u0442\\u043d\\u0435\\u0441-\\u0446\\u0435\\u043d\\u0442\\u0440\",\"pt\":\"Academia\",\"pt-br\":\"Academia\"}',226,'hotel',''),(1390,'{\"es\":\"Sala de juegos\",\"en\":\"Game Room\",\"de\":\"Spielzimmer\",\"fr\":\"salle de jeux\",\"it\":\"sala giochi\",\"ru\":\"\\u0418\\u0433\\u0440\\u043e\\u0432\\u0430\\u044f \\u043a\\u043e\\u043c\\u043d\\u0430\\u0442\\u0430\",\"pt\":\"Sal\\u00e3o de jogos\",\"pt-br\":\"Sal\\u00e3o de jogos\"}',226,'hotel',''),(1391,'{\"es\":\"Sol\\u00e1rium\",\"en\":\"Solarium\",\"de\":\"Solarium\",\"fr\":\"solarium\",\"it\":\"solarium\",\"ru\":\"\\u0421\\u043e\\u043b\\u044f\\u0440\\u0438\\u0439\",\"pt\":\"Sol\\u00e1rio\",\"pt-br\":\"Sol\\u00e1rio\"}',226,'hotel',''),(1392,'{\"es\":\"Masajes\",\"en\":\"Massage\",\"de\":\"Massage\",\"fr\":\"massage\",\"it\":\"massaggi\",\"ru\":\"\\u041c\\u0430\\u0441\\u0441\\u0430\\u0436\",\"pt\":\"Servi\\u00e7os de massagem\",\"pt-br\":\"Servi\\u00e7os de massagem\"}',226,'hotel',''),(1393,'{\"es\":\"Zona de juegos infantil\",\"en\":\"Playground\",\"de\":\"Kinderspielplatz\",\"fr\":\"aire de jeux pour enfants\",\"it\":\"area giochi\",\"ru\":\"\\u0414\\u0435\\u0442\\u0441\\u043a\\u0430\\u044f \\u0438\\u0433\\u0440\\u043e\\u0432\\u0430\\u044f \\u043f\\u043b\\u043e\\u0449\\u0430\\u0434\\u043a\\u0430\",\"pt\":\"Parquinho infantil\",\"pt-br\":\"Parquinho infantil\"}',226,'hotel',''),(1394,'{\"es\":\"Billar\",\"en\":\"Pool Table\",\"de\":\"Billard\",\"fr\":\"billard\",\"it\":\"biliardo\",\"ru\":\"\\u0411\\u0438\\u043b\\u044c\\u044f\\u0440\\u0434\",\"pt\":\"Bilhar\",\"pt-br\":\"Bilhar\"}',226,'hotel',''),(1395,'{\"es\":\"Ping pong\",\"en\":\"Ping-Pong\",\"de\":\"Tischtennis\",\"fr\":\"tennis de table\",\"it\":\"ping-pong\",\"ru\":\"\\u041d\\u0430\\u0441\\u0442\\u043e\\u043b\\u044c\\u043d\\u044b\\u0439 \\u0442\\u0435\\u043d\\u043d\\u0438\\u0441\",\"pt\":\"T\\u00eanis de mesa\",\"pt-br\":\"T\\u00eanis de mesa\"}',226,'hotel',''),(1396,'{\"es\":\"Dardos\",\"en\":\"Darts\",\"de\":\"Dart\",\"fr\":\"fl\\u00e9chettes\",\"it\":\"freccette\",\"ru\":\"\\u0414\\u0430\\u0440\\u0442\\u0441\",\"pt\":\"Jogo de dardos\",\"pt-br\":\"Jogo de dardos\"}',226,'hotel',''),(1397,'{\"es\":\"Alquiler de bicicletas\",\"en\":\"Bicycle Rental\",\"de\":\"Fahrradverleih\",\"fr\":\"location de v\\u00e9los\",\"it\":\"noleggio biciclette\",\"ru\":\"\\u041f\\u0440\\u043e\\u043a\\u0430\\u0442 \\u0432\\u0435\\u043b\\u043e\\u0441\\u0438\\u043f\\u0435\\u0434\\u043e\\u0432\",\"pt\":\"Aluguel de bicicletas\",\"pt-br\":\"Aluguel de bicicletas\"}',226,'hotel',''),(1398,'{\"es\":\"Bar\",\"en\":\"Bar\",\"de\":\"Bar\",\"fr\":\"bar\",\"it\":\"bar\",\"ru\":\"\\u0411\\u0430\\u0440\",\"pt\":\"Bar\",\"pt-br\":\"Bar\"}',227,'hotel',''),(1399,'{\"es\":\"Restaurante (buffet)\",\"en\":\"Buffet-Style Restaurant\",\"de\":\"Restaurant (Buffet)\",\"fr\":\"restaurant (buffet)\",\"it\":\"ristorante (a buffet)\",\"ru\":\"\\u0420\\u0435\\u0441\\u0442\\u043e\\u0440\\u0430\\u043d (\\u00ab\\u0448\\u0432\\u0435\\u0434\\u0441\\u043a\\u0438\\u0439 \\u0441\\u0442\\u043e\\u043b\\u00bb)\",\"pt\":\"Restaurante (buffet)\",\"pt-br\":\"Restaurante (buffet)\"}',227,'hotel',''),(1400,'{\"es\":\"Snack-bar\",\"en\":\"Snack Bar\",\"de\":\"Snackbar\",\"fr\":\"snack-bar\",\"it\":\"snack bar\",\"ru\":\"\\u0421\\u043d\\u044d\\u043a-\\u0431\\u0430\\u0440\",\"pt\":\"Lanchonete\",\"pt-br\":\"Lanchonete\"}',227,'hotel',''),(1401,'{\"es\":\"Hay conexi\\u00f3n a internet Wi-Fi disponible en todo el establecimiento. De pago.\",\"en\":\"Wi-Fi is available in all areas and charges apply.\",\"de\":\"WLAN ist in allen Bereichen nutzbar gegen Geb\\u00fchren.\",\"fr\":\"Une connexion Wi-Fi est disponible dans tout l\'\\u00e9tablissement en suppl\\u00e9ment.\",\"it\":\"Internet Wi-Fi disponibile a pagamento in tutta la struttura.\",\"ru\":\"Wi-Fi \\u043f\\u0440\\u0435\\u0434\\u043e\\u0441\\u0442\\u0430\\u0432\\u043b\\u044f\\u0435\\u0442\\u0441\\u044f \\u043d\\u0430 \\u0442\\u0435\\u0440\\u0440\\u0438\\u0442\\u043e\\u0440\\u0438\\u0438 \\u0432\\u0441\\u0435\\u0433\\u043e \\u043e\\u0442\\u0435\\u043b\\u044f \\u0437\\u0430 \\u0434\\u043e\\u043f\\u043e\\u043b\\u043d\\u0438\\u0442\\u0435\\u043b\\u044c\\u043d\\u0443\\u044e \\u043f\\u043b\\u0430\\u0442\\u0443.\",\"pt\":\"Acesso Wi-Fi dispon\\u00edvel em todo o hotel\",\"pt-br\":\"Acesso Wi-Fi dispon\\u00edvel em todo o hotel\"}',228,'hotel',''),(1402,'{\"es\":\"\\u00a1Gratis! Hay parking gratis p\\u00fablico en el establecimiento. No es necesario reservar.\",\"en\":\"Free! Free public parking is available on site (reservation is not needed).\",\"de\":\"Kostenlos! \\u00d6ffentliche Parkpl\\u00e4tze stehen kostenfrei an der Unterkunft (Reservierung ist nicht erforderlich) zur Verf\\u00fcgung.\",\"fr\":\"Gratuit\\u00a0! Un parking gratuit et public est disponible sur place (sans r\\u00e9servation pr\\u00e9alable).\",\"it\":\"Gratis! Parcheggio pubblico disponibile gratuitamente in loco senza prenotazione.\",\"ru\":\"\\u0411\\u0435\\u0441\\u043f\\u043b\\u0430\\u0442\\u043d\\u043e! \\u0411\\u0435\\u0441\\u043f\\u043b\\u0430\\u0442\\u043d\\u0430\\u044f \\u041e\\u0431\\u0449\\u0435\\u0441\\u0442\\u0432\\u0435\\u043d\\u043d\\u0430\\u044f \\u043f\\u0430\\u0440\\u043a\\u043e\\u0432\\u043a\\u0430 \\u043d\\u0430 \\u043c\\u0435\\u0441\\u0442\\u0435 (\\u043f\\u0440\\u0435\\u0434\\u0432\\u0430\\u0440\\u0438\\u0442\\u0435\\u043b\\u044c\\u043d\\u044b\\u0439 \\u0437\\u0430\\u043a\\u0430\\u0437 \\u043d\\u0435 \\u0442\\u0440\\u0435\\u0431\\u0443\\u0435\\u0442\\u0441\\u044f) .\",\"pt\":\"Gr\\u00e1tis! Estacionamento gratuito e p\\u00fablico dispon\\u00edvel no local (n\\u00e3o necessita de reserva).\",\"pt-br\":\"Gr\\u00e1tis! Estacionamento gratuito e p\\u00fablico dispon\\u00edvel no local (n\\u00e3o necessita de reserva).\"}',229,'hotel',''),(1403,'{\"es\":\"Recepci\\u00f3n 24 horas\",\"en\":\"24-Hour Front Desk\",\"de\":\"24-Stunden-Rezeption\",\"fr\":\"r\\u00e9ception ouverte 24h\\/24\",\"it\":\"reception 24 ore su 24\",\"ru\":\"\\u041a\\u0440\\u0443\\u0433\\u043b\\u043e\\u0441\\u0443\\u0442\\u043e\\u0447\\u043d\\u0430\\u044f \\u0441\\u0442\\u043e\\u0439\\u043a\\u0430 \\u0440\\u0435\\u0433\\u0438\\u0441\\u0442\\u0440\\u0430\\u0446\\u0438\\u0438\",\"pt\":\"Recep\\u00e7\\u00e3o 24 horas\",\"pt-br\":\"Recep\\u00e7\\u00e3o 24 horas\"}',230,'hotel',''),(1404,'{\"es\":\"Salas de reuniones \\/ banquetes\",\"en\":\"Meeting\\/Banquet Facilities\",\"de\":\"Konferenz- und Veranstaltungsr\\u00e4ume\",\"fr\":\"salles de r\\u00e9unions\\/banquets\",\"it\":\"spazi per riunioni\\/banchetti\",\"ru\":\"\\u041a\\u043e\\u043d\\u0444\\u0435\\u0440\\u0435\\u043d\\u0446-\\u0437\\u0430\\u043b\\/\\u0411\\u0430\\u043d\\u043a\\u0435\\u0442\\u043d\\u044b\\u0439 \\u0437\\u0430\\u043b\",\"pt\":\"Comodidades reuni\\u00f5es \\/ Banquetes\",\"pt-br\":\"Comodidades reuni\\u00f5es \\/ Banquetes\"}',230,'hotel',''),(1405,'{\"es\":\"Cambio de moneda\",\"en\":\"Currency Exchange\",\"de\":\"W\\u00e4hrungsumtausch\",\"fr\":\"service de change\",\"it\":\"cambio valuta\",\"ru\":\"\\u041e\\u0431\\u043c\\u0435\\u043d \\u0432\\u0430\\u043b\\u044e\\u0442\\u044b\",\"pt\":\"C\\u00e2mbio de moedas\",\"pt-br\":\"C\\u00e2mbio de moedas\"}',230,'hotel',''),(1406,'{\"es\":\"Alquiler de coches\",\"en\":\"Car Rental\",\"de\":\"Autovermietung\",\"fr\":\"location de voitures\",\"it\":\"autonoleggio\",\"ru\":\"\\u041f\\u0440\\u043e\\u043a\\u0430\\u0442 \\u0430\\u0432\\u0442\\u043e\\u043c\\u043e\\u0431\\u0438\\u043b\\u0435\\u0439\",\"pt\":\"Aluguel de carros\",\"pt-br\":\"Aluguel de carros\"}',230,'hotel',''),(1407,'{\"es\":\"Informaci\\u00f3n tur\\u00edstica\",\"en\":\"Tour Desk\",\"de\":\"Informationsschalter f\\u00fcr Ausfl\\u00fcge\",\"fr\":\"bureau d\'excursions\",\"it\":\"banco escursioni\",\"ru\":\"\\u042d\\u043a\\u0441\\u043a\\u0443\\u0440\\u0441\\u0438\\u043e\\u043d\\u043d\\u043e\\u0435 \\u0431\\u044e\\u0440\\u043e\",\"pt\":\"Balc\\u00e3o de turismo\",\"pt-br\":\"Balc\\u00e3o de turismo\"}',230,'hotel',''),(1408,'{\"es\":\"Fax \\/ fotocopiadora\",\"en\":\"Fax\\/Photocopying\",\"de\":\"Fax- u. Fotokopiereinrichtungen\",\"fr\":\"fax\\/photocopies\",\"it\":\"fax\\/fotocopiatrice\",\"ru\":\"\\u0424\\u0430\\u043a\\u0441\\/\\u041a\\u0441\\u0435\\u0440\\u043e\\u043a\\u043e\\u043f\\u0438\\u0440\\u043e\\u0432\\u0430\\u043d\\u0438\\u0435\",\"pt\":\"Fax \\/ Fotoc\\u00f3pia\",\"pt-br\":\"Fax \\/ Fotoc\\u00f3pia\"}',230,'hotel',''),(1409,'{\"es\":\"Servicio de conserjer\\u00eda\",\"en\":\"Concierge Service\",\"de\":\"Conciergeservice\",\"fr\":\"service de concierge\",\"it\":\"servizio concierge\",\"ru\":\"\\u0423\\u0441\\u043b\\u0443\\u0433\\u0438 \\u043a\\u043e\\u043d\\u0441\\u044c\\u0435\\u0440\\u0436\\u0430\",\"pt\":\"Servi\\u00e7o de concierge\",\"pt-br\":\"Servi\\u00e7o de concierge\"}',230,'hotel',''),(1410,'{\"es\":\"Habitaciones familiares\",\"en\":\"Family Rooms\",\"de\":\"Familienzimmer\",\"fr\":\"chambres familiales\",\"it\":\"disponibilit\\u00e0 di camere familiari\",\"ru\":\"\\u0421\\u0435\\u043c\\u0435\\u0439\\u043d\\u044b\\u0435 \\u043d\\u043e\\u043c\\u0435\\u0440\\u0430\",\"pt\":\"Quartos para fam\\u00edlias\",\"pt-br\":\"Quartos para fam\\u00edlias\"}',231,'hotel',''),(1411,'{\"es\":\"Caja fuerte\",\"en\":\"Safe\",\"de\":\"Safe\",\"fr\":\"coffre-fort\",\"it\":\"cassaforte\",\"ru\":\"\\u0421\\u0435\\u0439\\u0444\",\"pt\":\"Cofre\",\"pt-br\":\"Cofre\"}',231,'hotel',''),(1412,'{\"es\":\"espa\\u00f1ol\",\"en\":\"Spanish\",\"de\":\"Spanisch\",\"fr\":\"espagnol\",\"it\":\"spagnolo\",\"ru\":\"\\u043d\\u0430 \\u0438\\u0441\\u043f\\u0430\\u043d\\u0441\\u043a\\u043e\\u043c\",\"pt\":\"Espanhol\",\"pt-br\":\"Espanhol\"}',232,'hotel',''),(1413,'{\"es\":\"ingl\\u00e9s\",\"en\":\"English\",\"de\":\"Englisch\",\"fr\":\"anglais\",\"it\":\"inglese\",\"ru\":\"\\u043d\\u0430 \\u0430\\u043d\\u0433\\u043b\\u0438\\u0439\\u0441\\u043a\\u043e\\u043c\",\"pt\":\"Ingl\\u00eas\",\"pt-br\":\"Ingl\\u00eas\"}',232,'hotel',''),(1414,'{\"es\":\"italiano\",\"en\":\"Italian\",\"de\":\"Italienisch\",\"fr\":\"italien\",\"it\":\"italiano\",\"ru\":\"\\u043d\\u0430 \\u0438\\u0442\\u0430\\u043b\\u044c\\u044f\\u043d\\u0441\\u043a\\u043e\\u043c\",\"pt\":\"Italiano\",\"pt-br\":\"Italiano\"}',232,'hotel',''),(1415,'{\"es\":\"franc\\u00e9s\",\"en\":\"French\",\"de\":\"Franz\\u00f6sisch\",\"fr\":\"fran\\u00e7ais\",\"it\":\"francese\",\"ru\":\"\\u043d\\u0430 \\u0444\\u0440\\u0430\\u043d\\u0446\\u0443\\u0437\\u0441\\u043a\\u043e\\u043c\",\"pt\":\"Franc\\u00eas\",\"pt-br\":\"Franc\\u00eas\"}',232,'hotel',''),(1416,'{\"es\":\"alem\\u00e1n\",\"en\":\"German\",\"de\":\"Deutsch\",\"fr\":\"allemand\",\"it\":\"tedesco\",\"ru\":\"\\u043d\\u0430 \\u043d\\u0435\\u043c\\u0435\\u0446\\u043a\\u043e\\u043c\",\"pt\":\"Alem\\u00e3o\",\"pt-br\":\"Alem\\u00e3o\"}',232,'hotel',''),(1417,'{\"pt\":\"e custos adicionais s\\u00e3o aplic\\u00e1veis.\",\"pt-br\":\"e custos adicionais s\\u00e3o aplic\\u00e1veis.\"}',233,'hotel',''),(1418,'{\"es\":\"Jard\\u00edn\",\"en\":\"Grounds\",\"it\":\"giardino\",\"pt\":\"Jardim\"}',234,'hotel',''),(1419,'{\"es\":\"Terraza\",\"en\":\"Terrace\",\"it\":\"terrazza\",\"pt\":\"Terra\\u00e7o\"}',234,'hotel',''),(1420,'{\"es\":\"Piscina al aire libre\",\"en\":\"Outdoor Pool\",\"it\":\"piscina all\'aperto\",\"pt\":\"Piscina ao ar livre\"}',234,'hotel',''),(1421,'{\"es\":\"Sauna\",\"en\":\"Sauna\",\"it\":\"sauna\",\"pt\":\"Sauna\"}',235,'hotel',''),(1422,'{\"es\":\"Gimnasio\",\"en\":\"Fitness Center\",\"it\":\"palestra\",\"pt\":\"Academia\"}',235,'hotel',''),(1423,'{\"es\":\"Spa y centro de bienestar\",\"en\":\"Spa\",\"it\":\"spa & centro benessere\",\"pt\":\"Spa \\/ Centro de bem-estar\"}',235,'hotel',''),(1424,'{\"es\":\"Ping pong\",\"en\":\"Ping-Pong\",\"it\":\"ping-pong\",\"pt\":\"T\\u00eanis de mesa\"}',235,'hotel',''),(1425,'{\"es\":\"Ba\\u00f1era de hidromasaje\",\"en\":\"Hot Tub\",\"it\":\"vasca idromassaggio\",\"pt\":\"Banheira de hidromassagem\"}',235,'hotel',''),(1426,'{\"es\":\"Restaurante\",\"en\":\"Restaurant\",\"it\":\"ristorante\",\"pt\":\"Restaurante\"}',236,'hotel',''),(1427,'{\"es\":\"Bar\",\"en\":\"Bar\",\"it\":\"bar\",\"pt\":\"Bar\"}',236,'hotel',''),(1428,'{\"es\":\"Hay conexi\\u00f3n a internet Wi-Fi disponible en algunas habitaciones. De pago.\",\"en\":\"Wi-Fi is available in some hotel rooms and charges apply.\",\"it\":\"Internet Wi-Fi disponibile a pagamento in alcune camere.\",\"pt\":\"Acesso Wi-Fi dispon\\u00edvel em alguns quartos\"}',237,'hotel',''),(1429,'{\"es\":\"\\u00a1Gratis! Hay parking gratis privado en el establecimiento. No es necesario reservar.\",\"en\":\"Free! Free private parking is available on site (reservation is not needed).\",\"it\":\"Gratis! Parcheggio privato disponibile gratuitamente in loco senza prenotazione.\",\"pt\":\"Gr\\u00e1tis! Estacionamento gratuito e privativo dispon\\u00edvel no local (n\\u00e3o necessita de reserva).\"}',238,'hotel',''),(1430,'{\"es\":\"Salas de reuniones \\/ banquetes\",\"en\":\"Meeting\\/Banquet Facilities\",\"it\":\"spazi per riunioni\\/banchetti\",\"pt\":\"Comodidades reuni\\u00f5es \\/ Banquetes\"}',239,'hotel',''),(1431,'{\"es\":\"Centro de negocios\",\"en\":\"Business Center\",\"it\":\"centro business\",\"pt\":\"Business center\"}',239,'hotel',''),(1432,'{\"es\":\"Ni\\u00f1era \\/ servicios infantiles\",\"en\":\"Babysitting\\/Child Services\",\"it\":\"servizio baby-sitter\",\"pt\":\"Bab\\u00e1 \\/ Cuidados crian\\u00e7as\"}',239,'hotel',''),(1433,'{\"es\":\"Servicio de limpieza en seco\",\"en\":\"Dry Cleaning\",\"it\":\"lavaggio a secco\",\"pt\":\"Lavagem a seco\"}',239,'hotel',''),(1434,'{\"es\":\"Peluquer\\u00eda \\/ sal\\u00f3n de belleza\",\"en\":\"Hair\\/Beauty Salon\",\"it\":\"parrucchiere\\/salone di bellezza\",\"pt\":\"Barbeiro \\/ Sal\\u00e3o de beleza\"}',239,'hotel',''),(1435,'{\"es\":\"Cambio de moneda\",\"en\":\"Currency Exchange\",\"it\":\"cambio valuta\",\"pt\":\"C\\u00e2mbio de moedas\"}',239,'hotel',''),(1436,'{\"es\":\"Tienda de regalos \\/ recuerdos\",\"en\":\"Souvenir\\/Gift Shop\",\"it\":\"negozio di souvenir\",\"pt\":\"Loja de souvenir\"}',239,'hotel',''),(1437,'{\"es\":\"Alquiler de coches\",\"en\":\"Car Rental\",\"it\":\"autonoleggio\",\"pt\":\"Aluguel de carros\"}',239,'hotel',''),(1438,'{\"es\":\"Fax \\/ fotocopiadora\",\"en\":\"Fax\\/Photocopying\",\"it\":\"fax\\/fotocopiatrice\",\"pt\":\"Fax \\/ Fotoc\\u00f3pia\"}',239,'hotel',''),(1439,'{\"es\":\"Ascensor\",\"en\":\"Elevator\",\"it\":\"ascensore\",\"pt\":\"Elevador\"}',240,'hotel',''),(1440,'{\"es\":\"Caja fuerte\",\"en\":\"Safe\",\"it\":\"cassaforte\",\"pt\":\"Cofre\"}',240,'hotel',''),(1441,'{\"es\":\"Aire acondicionado\",\"en\":\"Air Conditioning\",\"it\":\"aria condizionata\",\"pt\":\"Ar-condicionado\"}',240,'hotel',''),(1485,'{\"es\":\"Jard\\u00edn\",\"it\":\"giardino\"}',249,'hotel',''),(1486,'{\"es\":\"Terraza\",\"it\":\"terrazza\"}',249,'hotel',''),(1487,'{\"es\":\"Terraza \\/ sol\\u00e1rium\",\"it\":\"terrazza solarium\"}',249,'hotel',''),(1488,'{\"es\":\"Prensa\",\"it\":\"quotidiani\"}',250,'hotel',''),(1489,'{\"es\":\"Sauna\",\"it\":\"sauna\"}',250,'hotel',''),(1490,'{\"es\":\"Gimnasio\",\"it\":\"palestra\"}',250,'hotel',''),(1491,'{\"es\":\"Ba\\u00f1o turco\",\"it\":\"bagno turco\\/di vapore\"}',250,'hotel',''),(1492,'{\"es\":\"Restaurante\",\"it\":\"ristorante\"}',251,'hotel',''),(1493,'{\"es\":\"Bar\",\"it\":\"bar\"}',251,'hotel',''),(1494,'{\"es\":\"Desayuno en la habitaci\\u00f3n\",\"it\":\"possibilit\\u00e0 di colazione in camera\"}',251,'hotel',''),(1495,'{\"es\":\"Hay conexi\\u00f3n a internet Wi-Fi disponible en todo el establecimiento. Precio: 8 EUR por 24 horas .\",\"it\":\"Internet Wi-Fi disponibile al costo di 8 EUR ogni 24 ore in tutta la struttura.\"}',252,'hotel',''),(1496,'{\"es\":\"Hay parking privado en el establecimiento. No es necesario reservar. Precio: 27 EUR por d\\u00eda .\",\"it\":\"Parcheggio privato disponibile in loco senza prenotazione al costo di 27 EUR al giorno .\"}',253,'hotel',''),(1497,'{\"es\":\"Recepci\\u00f3n 24 horas\",\"it\":\"reception 24 ore su 24\"}',254,'hotel',''),(1498,'{\"es\":\"Registro de entrada y salida expr\\u00e9s\",\"it\":\"check-in e check-out express\"}',254,'hotel',''),(1499,'{\"es\":\"Guardaequipaje\",\"it\":\"deposito bagagli\"}',254,'hotel',''),(1500,'{\"es\":\"Servicio de habitaciones\",\"it\":\"servizio in camera\"}',254,'hotel',''),(1501,'{\"es\":\"Salas de reuniones \\/ banquetes\",\"it\":\"spazi per riunioni\\/banchetti\"}',254,'hotel',''),(1502,'{\"es\":\"Centro de negocios\",\"it\":\"centro business\"}',254,'hotel',''),(1503,'{\"es\":\"Ni\\u00f1era \\/ servicios infantiles\",\"it\":\"servizio baby-sitter\"}',254,'hotel',''),(1504,'{\"es\":\"Servicio de lavander\\u00eda\",\"it\":\"servizio lavanderia\"}',254,'hotel',''),(1505,'{\"es\":\"Servicio de limpieza en seco\",\"it\":\"lavaggio a secco\"}',254,'hotel',''),(1506,'{\"es\":\"Habitaciones con servicios VIP\",\"it\":\"servizi VIP in camera\"}',254,'hotel',''),(1507,'{\"es\":\"Servicio de planchado\",\"it\":\"servizio stireria\"}',254,'hotel',''),(1508,'{\"es\":\"Cambio de moneda\",\"it\":\"cambio valuta\"}',254,'hotel',''),(1509,'{\"es\":\"Limpiabotas\",\"it\":\"lustrascarpe\"}',254,'hotel',''),(1510,'{\"es\":\"Alquiler de coches\",\"it\":\"autonoleggio\"}',254,'hotel',''),(1511,'{\"es\":\"Informaci\\u00f3n tur\\u00edstica\",\"it\":\"banco escursioni\"}',254,'hotel',''),(1512,'{\"es\":\"Fax \\/ fotocopiadora\",\"it\":\"fax\\/fotocopiatrice\"}',254,'hotel',''),(1513,'{\"es\":\"Venta de entradas\",\"it\":\"servizio biglietteria\"}',254,'hotel',''),(1514,'{\"es\":\"Servicio de conserjer\\u00eda\",\"it\":\"servizio concierge\"}',254,'hotel',''),(1515,'{\"es\":\"Habitaciones no fumadores\",\"it\":\"camere non fumatori\"}',255,'hotel',''),(1516,'{\"es\":\"Adaptado personas de movilidad reducida\",\"it\":\"camere\\/strutture per ospiti disabili\"}',255,'hotel',''),(1517,'{\"es\":\"Habitaciones familiares\",\"it\":\"disponibilit\\u00e0 di camere familiari\"}',255,'hotel',''),(1518,'{\"es\":\"Ascensor\",\"it\":\"ascensore\"}',255,'hotel',''),(1519,'{\"es\":\"Caja fuerte\",\"it\":\"cassaforte\"}',255,'hotel',''),(1520,'{\"es\":\"Habitaciones insonorizadas\",\"it\":\"disponibilit\\u00e0 di camere insonorizzate\"}',255,'hotel',''),(1521,'{\"es\":\"Calefacci\\u00f3n\",\"it\":\"riscaldamento\"}',255,'hotel',''),(1522,'{\"es\":\"Aire acondicionado\",\"it\":\"aria condizionata\"}',255,'hotel',''),(1523,'{\"es\":\"italiano\",\"it\":\"italiano\"}',256,'hotel',''),(1524,'{\"es\":\"ingl\\u00e9s\",\"it\":\"inglese\"}',256,'hotel',''),(1525,'{\"es\":\"franc\\u00e9s\",\"it\":\"francese\"}',256,'hotel',''),(1526,'{\"es\":\"espa\\u00f1ol\",\"it\":\"spagnolo\"}',256,'hotel',''),(1527,'{\"es\":\"alem\\u00e1n\",\"it\":\"tedesco\"}',256,'hotel','');
/*!40000 ALTER TABLE `servicio` ENABLE KEYS */;
UNLOCK TABLES;

--
-- Table structure for table `servicio_categoria`
--

DROP TABLE IF EXISTS `servicio_categoria`;
/*!40101 SET @saved_cs_client     = @@character_set_client */;
/*!40101 SET character_set_client = utf8 */;
CREATE TABLE `servicio_categoria` (
  `id` int(11) NOT NULL AUTO_INCREMENT,
  `nombre` text,
  PRIMARY KEY (`id`)
) ENGINE=InnoDB AUTO_INCREMENT=257 DEFAULT CHARSET=latin1;
/*!40101 SET character_set_client = @saved_cs_client */;

--
-- Dumping data for table `servicio_categoria`
--

LOCK TABLES `servicio_categoria` WRITE;
/*!40000 ALTER TABLE `servicio_categoria` DISABLE KEYS */;
INSERT INTO `servicio_categoria` VALUES (9,'{\"es\":\"Exteriores\",\"en-us\":\"Exteriores\",\"de\":\"Au\\u00dfenbereich\",\"fr\":\"En ext\\u00e9rieur\",\"it\":\"Spazi all\'aperto\"}'),(27,'{\"pt\":\"Internet\"}'),(125,'{\"es\":\"Exteriores\",\"en\":\"Outdoors\",\"de\":\"Au\\u00dfenbereich\",\"fr\":\"En ext\\u00e9rieur\",\"it\":\"Spazi all\'aperto\",\"pt\":\"\\u00c1rea externa\"}'),(126,'{\"es\":\"Actividades\",\"en\":\"Activities\",\"de\":\"Aktivit\\u00e4ten\",\"fr\":\"Activit\\u00e9s\",\"it\":\"Attivit\\u00e0\",\"pt\":\"Atividades\"}'),(127,'{\"es\":\"Comida & bebida\",\"en\":\"Food & Drink\",\"de\":\"Speisen & Getr\\u00e4nke\",\"fr\":\"Restauration\",\"it\":\"Servizi di ristorazione\",\"pt\":\"Alimentos\\/bebidas\"}'),(128,'{\"es\":\"Internet\",\"en\":\"Internet\",\"de\":\"Internet\",\"fr\":\"Internet\",\"it\":\"Internet\",\"pt\":\"Internet\"}'),(129,'{\"es\":\"Aparcamiento\",\"en\":\"Parking\",\"de\":\"Parkpl\\u00e4tze\",\"fr\":\"Parking\",\"it\":\"Parcheggio\",\"pt\":\"Estacionamento\"}'),(130,'{\"es\":\"Servicios\",\"en\":\"Services\",\"de\":\"Dienstleistungen\",\"fr\":\"Services\",\"it\":\"Altri servizi\",\"pt\":\"Servi\\u00e7os\"}'),(131,'{\"es\":\"General\",\"en\":\"General\",\"de\":\"Allgemein\",\"fr\":\"G\\u00e9n\\u00e9ral\",\"it\":\"Servizi generali\",\"pt\":\"Geral\"}'),(132,'{\"es\":\"Idiomas que se hablan\",\"en\":\"Languages spoken\",\"de\":\"Gesprochene Sprachen\",\"fr\":\"Langues parl\\u00e9es\\u00a0\",\"it\":\"Lingue parlate\",\"pt\":\"Idiomas falados\"}'),(141,'{\"es\":\"Exteriores\",\"en\":\"Outdoors\",\"de\":\"Au\\u00dfenbereich\",\"fr\":\"En ext\\u00e9rieur\",\"it\":\"Spazi all\'aperto\",\"ru\":\"\\u041d\\u0430 \\u0441\\u0432\\u0435\\u0436\\u0435\\u043c \\u0432\\u043e\\u0437\\u0434\\u0443\\u0445\\u0435\",\"pt\":\"\\u00c1rea externa\"}'),(142,'{\"es\":\"Actividades\",\"en\":\"Activities\",\"de\":\"Aktivit\\u00e4ten\",\"fr\":\"Activit\\u00e9s\",\"it\":\"Attivit\\u00e0\",\"ru\":\"\\u0421\\u043f\\u043e\\u0440\\u0442 \\u0438 \\u041e\\u0442\\u0434\\u044b\\u0445\",\"pt\":\"Atividades\"}'),(144,'{\"es\":\"Internet\",\"en\":\"Internet\",\"de\":\"Internet\",\"fr\":\"Internet\",\"it\":\"Internet\",\"ru\":\"\\u0418\\u043d\\u0442\\u0435\\u0440\\u043d\\u0435\\u0442\",\"pt\":\"Internet\"}'),(145,'{\"es\":\"Aparcamiento\",\"en\":\"Parking\",\"de\":\"Parkpl\\u00e4tze\",\"fr\":\"Parking\",\"it\":\"Parcheggio\",\"ru\":\"\\u041f\\u0430\\u0440\\u043a\\u043e\\u0432\\u043a\\u0430\",\"pt\":\"Estacionamento\"}'),(147,'{\"es\":\"General\",\"en\":\"General\",\"de\":\"Allgemein\",\"fr\":\"G\\u00e9n\\u00e9ral\",\"it\":\"Servizi generali\",\"ru\":\"\\u041e\\u0431\\u0449\\u0438\\u0435\",\"pt\":\"Geral\"}'),(152,'{\"es\":\"Internet\",\"en\":\"Internet\",\"de\":\"Internet\",\"fr\":\"Internet\",\"pt\":\"Internet\"}'),(153,'{\"es\":\"Aparcamiento\",\"en\":\"Parking\",\"de\":\"Parkpl\\u00e4tze\",\"fr\":\"Parking\",\"pt\":\"Estacionamento\"}'),(154,'{\"es\":\"Idiomas que se hablan\",\"en\":\"Languages spoken\",\"de\":\"Gesprochene Sprachen\",\"fr\":\"Langues parl\\u00e9es\\u00a0\",\"pt\":\"Idiomas falados\"}'),(155,'{\"pt\":\"Estacionamento\"}'),(156,'{\"es\":\"Exteriores\",\"en\":\"Outdoors\",\"it\":\"Spazi all\'aperto\"}'),(157,'{\"es\":\"Actividades\",\"en\":\"Activities\",\"it\":\"Attivit\\u00e0\"}'),(158,'{\"es\":\"Comida & bebida\",\"en\":\"Food & Drink\",\"it\":\"Servizi di ristorazione\"}'),(159,'{\"es\":\"Internet\",\"en\":\"Internet\",\"it\":\"Internet\"}'),(160,'{\"es\":\"Aparcamiento\",\"en\":\"Parking\",\"it\":\"Parcheggio\"}'),(161,'{\"es\":\"Servicios\",\"en\":\"Services\",\"it\":\"Altri servizi\"}'),(162,'{\"es\":\"General\",\"en\":\"General\",\"it\":\"Servizi generali\"}'),(163,'{\"es\":\"Exteriores\",\"en\":\"Outdoors\",\"de\":\"Au\\u00dfenbereich\",\"fr\":\"En ext\\u00e9rieur\",\"it\":\"Spazi all\'aperto\",\"ru\":\"\\u041d\\u0430 \\u0441\\u0432\\u0435\\u0436\\u0435\\u043c \\u0432\\u043e\\u0437\\u0434\\u0443\\u0445\\u0435\",\"cs\":\"Exteri\\u00e9r\",\"pt\":\"\\u00c1rea externa\"}'),(164,'{\"es\":\"Actividades\",\"en\":\"Activities\",\"de\":\"Aktivit\\u00e4ten\",\"fr\":\"Activit\\u00e9s\",\"it\":\"Attivit\\u00e0\",\"ru\":\"\\u0421\\u043f\\u043e\\u0440\\u0442 \\u0438 \\u041e\\u0442\\u0434\\u044b\\u0445\",\"cs\":\"Aktivity\",\"pt\":\"Atividades\"}'),(165,'{\"es\":\"Comida & bebida\",\"en\":\"Food & Drink\",\"de\":\"Speisen & Getr\\u00e4nke\",\"fr\":\"Restauration\",\"it\":\"Servizi di ristorazione\",\"ru\":\"\\u041f\\u0438\\u0442\\u0430\\u043d\\u0438\\u0435 \\u0438 \\u043d\\u0430\\u043f\\u0438\\u0442\\u043a\\u0438\",\"cs\":\"J\\u00eddlo a pit\\u00ed\",\"pt\":\"Alimentos\\/bebidas\"}'),(166,'{\"es\":\"Internet\",\"en\":\"Internet\",\"de\":\"Internet\",\"fr\":\"Internet\",\"it\":\"Internet\",\"ru\":\"\\u0418\\u043d\\u0442\\u0435\\u0440\\u043d\\u0435\\u0442\",\"cs\":\"Internet\",\"pt\":\"Internet\"}'),(167,'{\"es\":\"Aparcamiento\",\"en\":\"Parking\",\"de\":\"Parkpl\\u00e4tze\",\"fr\":\"Parking\",\"it\":\"Parcheggio\",\"ru\":\"\\u041f\\u0430\\u0440\\u043a\\u043e\\u0432\\u043a\\u0430\",\"cs\":\"Parkov\\u00e1n\\u00ed\",\"pt\":\"Estacionamento\"}'),(168,'{\"es\":\"Servicios\",\"en\":\"Services\",\"de\":\"Dienstleistungen\",\"fr\":\"Services\",\"it\":\"Altri servizi\",\"ru\":\"\\u0421\\u0435\\u0440\\u0432\\u0438\\u0441\\u044b\",\"cs\":\"Slu\\u017eby\",\"pt\":\"Servi\\u00e7os\"}'),(169,'{\"es\":\"General\",\"en\":\"General\",\"de\":\"Allgemein\",\"fr\":\"G\\u00e9n\\u00e9ral\",\"it\":\"Servizi generali\",\"ru\":\"\\u041e\\u0431\\u0449\\u0438\\u0435\",\"cs\":\"Obecn\\u00e9\",\"pt\":\"Geral\"}'),(170,'{\"es\":\"Idiomas que se hablan\",\"en\":\"Languages spoken\",\"de\":\"Gesprochene Sprachen\",\"fr\":\"Langues parl\\u00e9es\\u00a0\",\"it\":\"Lingue parlate\",\"ru\":\"\\u041f\\u0435\\u0440\\u0441\\u043e\\u043d\\u0430\\u043b \\u0433\\u043e\\u0432\\u043e\\u0440\\u0438\\u0442\",\"cs\":\"Person\\u00e1l hovo\\u0159\\u00ed t\\u011bmito jazyky:\",\"pt\":\"Idiomas falados\"}'),(179,'{\"es\":\"Exteriores\",\"en\":\"Outdoors\",\"de\":\"Au\\u00dfenbereich\",\"fr\":\"En ext\\u00e9rieur\",\"it\":\"Spazi all\'aperto\",\"ja\":\"\\u30a2\\u30a6\\u30c8\\u30c9\\u30a2\",\"pt\":\"\\u00c1rea externa\"}'),(180,'{\"es\":\"Actividades\",\"en\":\"Activities\",\"de\":\"Aktivit\\u00e4ten\",\"fr\":\"Activit\\u00e9s\",\"it\":\"Attivit\\u00e0\",\"ja\":\"\\u30a2\\u30af\\u30c6\\u30a3\\u30d3\\u30c6\\u30a3\",\"pt\":\"Atividades\"}'),(181,'{\"es\":\"Comida & bebida\",\"en\":\"Food & Drink\",\"de\":\"Speisen & Getr\\u00e4nke\",\"fr\":\"Restauration\",\"it\":\"Servizi di ristorazione\",\"ja\":\"\\u98f2\\u98df\\u65bd\\u8a2d\",\"pt\":\"Alimentos\\/bebidas\"}'),(182,'{\"es\":\"Internet\",\"en\":\"Internet\",\"de\":\"Internet\",\"fr\":\"Internet\",\"it\":\"Internet\",\"ja\":\"\\u30a4\\u30f3\\u30bf\\u30fc\\u30cd\\u30c3\\u30c8\",\"pt\":\"Internet\"}'),(183,'{\"es\":\"Aparcamiento\",\"en\":\"Parking\",\"de\":\"Parkpl\\u00e4tze\",\"fr\":\"Parking\",\"it\":\"Parcheggio\",\"ja\":\"\\u99d0\\u8eca\\u5834\",\"pt\":\"Estacionamento\"}'),(184,'{\"es\":\"Servicios\",\"en\":\"Services\",\"de\":\"Dienstleistungen\",\"fr\":\"Services\",\"it\":\"Altri servizi\",\"ja\":\"\\u30b5\\u30fc\\u30d3\\u30b9\",\"pt\":\"Servi\\u00e7os\"}'),(185,'{\"es\":\"General\",\"en\":\"General\",\"de\":\"Allgemein\",\"fr\":\"G\\u00e9n\\u00e9ral\",\"it\":\"Servizi generali\",\"ja\":\"\\u4e00\\u822c\",\"pt\":\"Geral\"}'),(186,'{\"es\":\"Exteriores\",\"en\":\"Outdoors\",\"de\":\"Au\\u00dfenbereich\",\"fr\":\"En ext\\u00e9rieur\",\"it\":\"Spazi all\'aperto\"}'),(187,'{\"es\":\"Actividades\",\"en\":\"Activities\",\"de\":\"Aktivit\\u00e4ten\",\"fr\":\"Activit\\u00e9s\",\"it\":\"Attivit\\u00e0\"}'),(188,'{\"es\":\"Comida & bebida\",\"en\":\"Food & Drink\",\"de\":\"Speisen & Getr\\u00e4nke\",\"fr\":\"Restauration\",\"it\":\"Servizi di ristorazione\"}'),(189,'{\"es\":\"Internet\",\"en\":\"Internet\",\"de\":\"Internet\",\"fr\":\"Internet\",\"it\":\"Internet\"}'),(190,'{\"es\":\"Aparcamiento\",\"en\":\"Parking\",\"de\":\"Parkpl\\u00e4tze\",\"fr\":\"Parking\",\"it\":\"Parcheggio\"}'),(191,'{\"es\":\"Servicios\",\"en\":\"Services\",\"de\":\"Dienstleistungen\",\"fr\":\"Services\",\"it\":\"Altri servizi\"}'),(192,'{\"es\":\"General\",\"en\":\"General\",\"de\":\"Allgemein\",\"fr\":\"G\\u00e9n\\u00e9ral\",\"it\":\"Servizi generali\"}'),(193,'{\"es\":\"Exteriores\",\"en\":\"Outdoors\",\"de\":\"Au\\u00dfenbereich\",\"fr\":\"En ext\\u00e9rieur\",\"it\":\"Spazi all\'aperto\",\"cs\":\"Exteri\\u00e9r\",\"pt\":\"Exterior\"}'),(194,'{\"es\":\"Actividades\",\"en\":\"Activities\",\"de\":\"Aktivit\\u00e4ten\",\"fr\":\"Activit\\u00e9s\",\"it\":\"Attivit\\u00e0\",\"cs\":\"Aktivity\",\"pt\":\"Actividades\"}'),(195,'{\"es\":\"Comida & bebida\",\"en\":\"Food & Drink\",\"de\":\"Speisen & Getr\\u00e4nke\",\"fr\":\"Restauration\",\"it\":\"Servizi di ristorazione\",\"cs\":\"J\\u00eddlo a pit\\u00ed\",\"pt\":\"Comida e Bebida\"}'),(196,'{\"es\":\"Internet\",\"en\":\"Internet\",\"de\":\"Internet\",\"fr\":\"Internet\",\"it\":\"Internet\",\"cs\":\"Internet\",\"pt\":\"Internet\"}'),(197,'{\"es\":\"Aparcamiento\",\"en\":\"Parking\",\"de\":\"Parkpl\\u00e4tze\",\"fr\":\"Parking\",\"it\":\"Parcheggio\",\"cs\":\"Parkov\\u00e1n\\u00ed\",\"pt\":\"Estacionamento\"}'),(198,'{\"es\":\"Servicios\",\"en\":\"Services\",\"de\":\"Dienstleistungen\",\"fr\":\"Services\",\"it\":\"Altri servizi\",\"cs\":\"Slu\\u017eby\",\"pt\":\"Servi\\u00e7os\"}'),(199,'{\"es\":\"General\",\"en\":\"General\",\"de\":\"Allgemein\",\"fr\":\"G\\u00e9n\\u00e9ral\",\"it\":\"Servizi generali\",\"cs\":\"Obecn\\u00e9\",\"pt\":\"Geral\"}'),(225,'{\"es\":\"Exteriores\",\"en\":\"Outdoors\",\"de\":\"Au\\u00dfenbereich\",\"fr\":\"En ext\\u00e9rieur\",\"it\":\"Spazi all\'aperto\",\"ru\":\"\\u041d\\u0430 \\u0441\\u0432\\u0435\\u0436\\u0435\\u043c \\u0432\\u043e\\u0437\\u0434\\u0443\\u0445\\u0435\",\"pt\":\"\\u00c1rea externa\",\"pt-br\":\"\\u00c1rea externa\"}'),(226,'{\"es\":\"Actividades\",\"en\":\"Activities\",\"de\":\"Aktivit\\u00e4ten\",\"fr\":\"Activit\\u00e9s\",\"it\":\"Attivit\\u00e0\",\"ru\":\"\\u0421\\u043f\\u043e\\u0440\\u0442 \\u0438 \\u041e\\u0442\\u0434\\u044b\\u0445\",\"pt\":\"Atividades\",\"pt-br\":\"Atividades\"}'),(227,'{\"es\":\"Comida & bebida\",\"en\":\"Food & Drink\",\"de\":\"Speisen & Getr\\u00e4nke\",\"fr\":\"Restauration\",\"it\":\"Servizi di ristorazione\",\"ru\":\"\\u041f\\u0438\\u0442\\u0430\\u043d\\u0438\\u0435 \\u0438 \\u043d\\u0430\\u043f\\u0438\\u0442\\u043a\\u0438\",\"pt\":\"Alimentos\\/bebidas\",\"pt-br\":\"Alimentos\\/bebidas\"}'),(228,'{\"es\":\"Internet\",\"en\":\"Internet\",\"de\":\"Internet\",\"fr\":\"Internet\",\"it\":\"Internet\",\"ru\":\"\\u0418\\u043d\\u0442\\u0435\\u0440\\u043d\\u0435\\u0442\",\"pt\":\"Internet\",\"pt-br\":\"Internet\"}'),(229,'{\"es\":\"Aparcamiento\",\"en\":\"Parking\",\"de\":\"Parkpl\\u00e4tze\",\"fr\":\"Parking\",\"it\":\"Parcheggio\",\"ru\":\"\\u041f\\u0430\\u0440\\u043a\\u043e\\u0432\\u043a\\u0430\",\"pt\":\"Estacionamento\",\"pt-br\":\"Estacionamento\"}'),(230,'{\"es\":\"Servicios\",\"en\":\"Services\",\"de\":\"Dienstleistungen\",\"fr\":\"Services\",\"it\":\"Altri servizi\",\"ru\":\"\\u0421\\u0435\\u0440\\u0432\\u0438\\u0441\\u044b\",\"pt\":\"Servi\\u00e7os\",\"pt-br\":\"Servi\\u00e7os\"}'),(231,'{\"es\":\"General\",\"en\":\"General\",\"de\":\"Allgemein\",\"fr\":\"G\\u00e9n\\u00e9ral\",\"it\":\"Servizi generali\",\"ru\":\"\\u041e\\u0431\\u0449\\u0438\\u0435\",\"pt\":\"Geral\",\"pt-br\":\"Geral\"}'),(232,'{\"es\":\"Idiomas que se hablan\",\"en\":\"Languages spoken\",\"de\":\"Gesprochene Sprachen\",\"fr\":\"Langues parl\\u00e9es\\u00a0\",\"it\":\"Lingue parlate\",\"ru\":\"\\u041f\\u0435\\u0440\\u0441\\u043e\\u043d\\u0430\\u043b \\u0433\\u043e\\u0432\\u043e\\u0440\\u0438\\u0442\",\"pt\":\"Idiomas falados\",\"pt-br\":\"Idiomas falados\"}'),(233,'{\"pt\":\"Internet\",\"pt-br\":\"Internet\"}'),(234,'{\"es\":\"Exteriores\",\"en\":\"Outdoors\",\"it\":\"Spazi all\'aperto\",\"pt\":\"\\u00c1rea externa\"}'),(235,'{\"es\":\"Actividades\",\"en\":\"Activities\",\"it\":\"Attivit\\u00e0\",\"pt\":\"Atividades\"}'),(236,'{\"es\":\"Comida & bebida\",\"en\":\"Food & Drink\",\"it\":\"Servizi di ristorazione\",\"pt\":\"Alimentos\\/bebidas\"}'),(237,'{\"es\":\"Internet\",\"en\":\"Internet\",\"it\":\"Internet\",\"pt\":\"Internet\"}'),(238,'{\"es\":\"Aparcamiento\",\"en\":\"Parking\",\"it\":\"Parcheggio\",\"pt\":\"Estacionamento\"}'),(239,'{\"es\":\"Servicios\",\"en\":\"Services\",\"it\":\"Altri servizi\",\"pt\":\"Servi\\u00e7os\"}'),(240,'{\"es\":\"General\",\"en\":\"General\",\"it\":\"Servizi generali\",\"pt\":\"Geral\"}'),(249,'{\"es\":\"Exteriores\",\"it\":\"Spazi all\'aperto\"}'),(250,'{\"es\":\"Actividades\",\"it\":\"Attivit\\u00e0\"}'),(251,'{\"es\":\"Comida & bebida\",\"it\":\"Servizi di ristorazione\"}'),(252,'{\"es\":\"Internet\",\"it\":\"Internet\"}'),(253,'{\"es\":\"Aparcamiento\",\"it\":\"Parcheggio\"}'),(254,'{\"es\":\"Servicios\",\"it\":\"Altri servizi\"}'),(255,'{\"es\":\"General\",\"it\":\"Servizi generali\"}'),(256,'{\"es\":\"Idiomas que se hablan\",\"it\":\"Lingue parlate\"}');
/*!40000 ALTER TABLE `servicio_categoria` ENABLE KEYS */;
UNLOCK TABLES;

--
-- Table structure for table `telefono`
--

DROP TABLE IF EXISTS `telefono`;
/*!40101 SET @saved_cs_client     = @@character_set_client */;
/*!40101 SET character_set_client = utf8 */;
CREATE TABLE `telefono` (
  `id` int(11) NOT NULL AUTO_INCREMENT,
  `numero` varchar(45) DEFAULT NULL,
  `telefono_tipo_id` int(11) NOT NULL,
  `empresa_id` int(11) NOT NULL,
  PRIMARY KEY (`id`),
  KEY `fk_telefono_telefono_tipo1_idx` (`telefono_tipo_id`),
  KEY `fk_telefono_empresa1_idx` (`empresa_id`),
  CONSTRAINT `fk_telefono_telefono_tipo1` FOREIGN KEY (`telefono_tipo_id`) REFERENCES `telefono_tipo` (`id`) ON DELETE NO ACTION ON UPDATE NO ACTION,
  CONSTRAINT `fk_telefono_empresa1` FOREIGN KEY (`empresa_id`) REFERENCES `empresa` (`id`) ON DELETE NO ACTION ON UPDATE NO ACTION
) ENGINE=InnoDB DEFAULT CHARSET=latin1;
/*!40101 SET character_set_client = @saved_cs_client */;

--
-- Dumping data for table `telefono`
--

LOCK TABLES `telefono` WRITE;
/*!40000 ALTER TABLE `telefono` DISABLE KEYS */;
/*!40000 ALTER TABLE `telefono` ENABLE KEYS */;
UNLOCK TABLES;

--
-- Table structure for table `telefono_tipo`
--

DROP TABLE IF EXISTS `telefono_tipo`;
/*!40101 SET @saved_cs_client     = @@character_set_client */;
/*!40101 SET character_set_client = utf8 */;
CREATE TABLE `telefono_tipo` (
  `id` int(11) NOT NULL AUTO_INCREMENT,
  `nombre` varchar(45) DEFAULT NULL,
  PRIMARY KEY (`id`)
) ENGINE=InnoDB DEFAULT CHARSET=latin1;
/*!40101 SET character_set_client = @saved_cs_client */;

--
-- Dumping data for table `telefono_tipo`
--

LOCK TABLES `telefono_tipo` WRITE;
/*!40000 ALTER TABLE `telefono_tipo` DISABLE KEYS */;
/*!40000 ALTER TABLE `telefono_tipo` ENABLE KEYS */;
UNLOCK TABLES;

--
-- Table structure for table `usuario`
--

DROP TABLE IF EXISTS `usuario`;
/*!40101 SET @saved_cs_client     = @@character_set_client */;
/*!40101 SET character_set_client = utf8 */;
CREATE TABLE `usuario` (
  `id` int(11) NOT NULL AUTO_INCREMENT,
  `nombre` varchar(100) DEFAULT NULL,
  `apellido` varchar(100) DEFAULT NULL,
  `email` varchar(150) DEFAULT NULL,
  `tiempo_creacion` timestamp NULL DEFAULT NULL,
  `ultima_modificacion` timestamp NULL DEFAULT NULL,
  `status` varchar(10) DEFAULT NULL,
  `direccion_id` int(11) DEFAULT NULL,
  `usuario_grupo_id` int(11) DEFAULT NULL,
  `telefono` varchar(45) DEFAULT NULL,
  `pais_id` int(11) DEFAULT NULL,
  `password` varchar(50) DEFAULT NULL,
  PRIMARY KEY (`id`),
  KEY `fk_usuario_direccion1_idx` (`direccion_id`),
  KEY `fk_usuario_usuario_grupo1_idx` (`usuario_grupo_id`),
  KEY `fk_usuario_pais1_idx` (`pais_id`),
  CONSTRAINT `fk_usuario_direccion1` FOREIGN KEY (`direccion_id`) REFERENCES `direccion` (`id`) ON DELETE NO ACTION ON UPDATE NO ACTION,
  CONSTRAINT `fk_usuario_pais1` FOREIGN KEY (`pais_id`) REFERENCES `pais` (`id`) ON DELETE NO ACTION ON UPDATE NO ACTION,
  CONSTRAINT `fk_usuario_usuario_grupo1` FOREIGN KEY (`usuario_grupo_id`) REFERENCES `usuario_grupo` (`id`) ON DELETE NO ACTION ON UPDATE NO ACTION
) ENGINE=InnoDB AUTO_INCREMENT=16 DEFAULT CHARSET=latin1;
/*!40101 SET character_set_client = @saved_cs_client */;

--
-- Dumping data for table `usuario`
--

LOCK TABLES `usuario` WRITE;
/*!40000 ALTER TABLE `usuario` DISABLE KEYS */;
INSERT INTO `usuario` VALUES (1,'Ruben','Velazquez','ruben.velazquez.calva@gmail.com','2013-11-26 23:00:00','0000-00-00 00:00:00','',NULL,NULL,'123123123',724,''),(2,'Matias','Barbarroja','matias.barbarroja@gmail.com','2013-11-30 23:00:00','0000-00-00 00:00:00','',NULL,NULL,'5345354323',724,''),(3,'Matias','barbarroja','matias.barbarroja@gmail.com','2013-12-01 23:00:00','0000-00-00 00:00:00','',NULL,NULL,'+34913991668',724,NULL),(4,'Matias','barbarroja','matias.barbarroja@gmail.com','2013-12-01 23:00:00','0000-00-00 00:00:00','',NULL,NULL,'+34913991668',724,NULL),(5,'Matias Barbarroja','Barbarroja','matias.barbarroja@gmail.com','2013-12-01 23:00:00','0000-00-00 00:00:00','',NULL,NULL,'6546456546546',724,NULL),(6,'Administrador',NULL,'admin@vikahotel.com',NULL,NULL,'activo',NULL,1,NULL,NULL,'admin'),(7,'Ruben','Velazquez','ruben.velazquez.calva@gmail.com','2013-12-01 23:00:00','0000-00-00 00:00:00','',NULL,NULL,'123123123123',724,''),(8,'Ruben','Velazquez','ruben.velazquez.calva@gmail.com','2013-12-05 23:00:00','0000-00-00 00:00:00','',NULL,NULL,'123123123123',724,''),(9,'Matias','Barbarroja','matias.barbarroja@gmail.com','2013-12-06 23:00:00','0000-00-00 00:00:00','',NULL,NULL,'630454550',724,''),(10,'Ruben','Velazquez','ruben.velazquez.calva@gmail.com','2013-12-07 23:00:00','0000-00-00 00:00:00','',NULL,NULL,'13123123',724,''),(11,'Ruben','Velazquez','ruben.velazquez.calva@gmail.com','2013-12-08 23:00:00','0000-00-00 00:00:00','',NULL,NULL,'1231231312',724,''),(12,'Ruben','Velazquez','ruben.velazquez.calva@gmail.com','2013-12-08 23:00:00','0000-00-00 00:00:00','',NULL,NULL,'1231231312',724,''),(13,'Matias','Barbarroja','matias.barbarroja@gmail.com','2013-12-08 23:00:00','0000-00-00 00:00:00','',NULL,NULL,'543532534534',724,''),(14,'Loly','Torres','direccion@villasalicia.com','2013-12-09 13:41:36','0000-00-00 00:00:00','activo',NULL,NULL,'',724,''),(15,'Miriam','Miranda','ruben.listico.ds@gmail.com','2013-12-08 23:00:00','0000-00-00 00:00:00','',NULL,NULL,'123123123',724,'');
/*!40000 ALTER TABLE `usuario` ENABLE KEYS */;
UNLOCK TABLES;

--
-- Table structure for table `usuario_empresa`
--

DROP TABLE IF EXISTS `usuario_empresa`;
/*!40101 SET @saved_cs_client     = @@character_set_client */;
/*!40101 SET character_set_client = utf8 */;
CREATE TABLE `usuario_empresa` (
  `id` int(11) NOT NULL AUTO_INCREMENT,
  `usuario_id` int(11) DEFAULT NULL,
  `empresa_id` int(11) DEFAULT NULL,
  PRIMARY KEY (`id`),
  KEY `fk_usuario_empresa1_idx` (`usuario_id`),
  KEY `fk_empresa_empresa1_idx` (`empresa_id`),
  CONSTRAINT `fk_usuario_empresa1` FOREIGN KEY (`usuario_id`) REFERENCES `usuario` (`id`) ON DELETE NO ACTION ON UPDATE NO ACTION,
  CONSTRAINT `fk_empresa_empresa1` FOREIGN KEY (`empresa_id`) REFERENCES `empresa` (`id`) ON DELETE NO ACTION ON UPDATE NO ACTION
) ENGINE=InnoDB DEFAULT CHARSET=latin1;
/*!40101 SET character_set_client = @saved_cs_client */;

--
-- Dumping data for table `usuario_empresa`
--

LOCK TABLES `usuario_empresa` WRITE;
/*!40000 ALTER TABLE `usuario_empresa` DISABLE KEYS */;
/*!40000 ALTER TABLE `usuario_empresa` ENABLE KEYS */;
UNLOCK TABLES;

--
-- Table structure for table `usuario_grupo`
--

DROP TABLE IF EXISTS `usuario_grupo`;
/*!40101 SET @saved_cs_client     = @@character_set_client */;
/*!40101 SET character_set_client = utf8 */;
CREATE TABLE `usuario_grupo` (
  `id` int(11) NOT NULL AUTO_INCREMENT,
  `nombre` varchar(45) DEFAULT NULL,
  PRIMARY KEY (`id`)
) ENGINE=InnoDB AUTO_INCREMENT=4 DEFAULT CHARSET=latin1;
/*!40101 SET character_set_client = @saved_cs_client */;

--
-- Dumping data for table `usuario_grupo`
--

LOCK TABLES `usuario_grupo` WRITE;
/*!40000 ALTER TABLE `usuario_grupo` DISABLE KEYS */;
INSERT INTO `usuario_grupo` VALUES (1,'Administrador'),(2,'Cliente'),(3,'Distribuidor');
/*!40000 ALTER TABLE `usuario_grupo` ENABLE KEYS */;
UNLOCK TABLES;

--
-- Table structure for table `usuario_permiso`
--

DROP TABLE IF EXISTS `usuario_permiso`;
/*!40101 SET @saved_cs_client     = @@character_set_client */;
/*!40101 SET character_set_client = utf8 */;
CREATE TABLE `usuario_permiso` (
  `id` int(11) NOT NULL AUTO_INCREMENT,
  `usuario_id` int(11) DEFAULT NULL,
  `permiso_id` int(11) DEFAULT NULL,
  PRIMARY KEY (`id`),
  KEY `fk_usuario_permiso1_idx` (`usuario_id`),
  KEY `fk_permiso_permiso1_idx` (`permiso_id`),
  CONSTRAINT `fk_usuario_permiso1` FOREIGN KEY (`usuario_id`) REFERENCES `usuario` (`id`) ON DELETE NO ACTION ON UPDATE NO ACTION,
  CONSTRAINT `fk_permiso_permiso1` FOREIGN KEY (`permiso_id`) REFERENCES `permiso` (`id`) ON DELETE NO ACTION ON UPDATE NO ACTION
) ENGINE=InnoDB DEFAULT CHARSET=latin1;
/*!40101 SET character_set_client = @saved_cs_client */;

--
-- Dumping data for table `usuario_permiso`
--

LOCK TABLES `usuario_permiso` WRITE;
/*!40000 ALTER TABLE `usuario_permiso` DISABLE KEYS */;
/*!40000 ALTER TABLE `usuario_permiso` ENABLE KEYS */;
UNLOCK TABLES;
/*!40103 SET TIME_ZONE=@OLD_TIME_ZONE */;

/*!40101 SET SQL_MODE=@OLD_SQL_MODE */;
/*!40014 SET FOREIGN_KEY_CHECKS=@OLD_FOREIGN_KEY_CHECKS */;
/*!40014 SET UNIQUE_CHECKS=@OLD_UNIQUE_CHECKS */;
/*!40101 SET CHARACTER_SET_CLIENT=@OLD_CHARACTER_SET_CLIENT */;
/*!40101 SET CHARACTER_SET_RESULTS=@OLD_CHARACTER_SET_RESULTS */;
/*!40101 SET COLLATION_CONNECTION=@OLD_COLLATION_CONNECTION */;
/*!40111 SET SQL_NOTES=@OLD_SQL_NOTES */;

-- Dump completed on 2013-12-12 17:42:08
