CREATE DATABASE  IF NOT EXISTS `hotel` /*!40100 DEFAULT CHARACTER SET latin1 */;
USE `hotel`;
-- MySQL dump 10.13  Distrib 5.6.13, for osx10.6 (i386)
--
-- Host: localhost    Database: hotel
-- ------------------------------------------------------
-- Server version	5.5.33-cll-lve

/*!40101 SET @OLD_CHARACTER_SET_CLIENT=@@CHARACTER_SET_CLIENT */;
/*!40101 SET @OLD_CHARACTER_SET_RESULTS=@@CHARACTER_SET_RESULTS */;
/*!40101 SET @OLD_COLLATION_CONNECTION=@@COLLATION_CONNECTION */;
/*!40101 SET NAMES utf8 */;
/*!40103 SET @OLD_TIME_ZONE=@@TIME_ZONE */;
/*!40103 SET TIME_ZONE='+00:00' */;
/*!40014 SET @OLD_UNIQUE_CHECKS=@@UNIQUE_CHECKS, UNIQUE_CHECKS=0 */;
/*!40014 SET @OLD_FOREIGN_KEY_CHECKS=@@FOREIGN_KEY_CHECKS, FOREIGN_KEY_CHECKS=0 */;
/*!40101 SET @OLD_SQL_MODE=@@SQL_MODE, SQL_MODE='NO_AUTO_VALUE_ON_ZERO' */;
/*!40111 SET @OLD_SQL_NOTES=@@SQL_NOTES, SQL_NOTES=0 */;

--
-- Table structure for table `apartamento`
--

DROP TABLE IF EXISTS `apartamento`;
/*!40101 SET @saved_cs_client     = @@character_set_client */;
/*!40101 SET character_set_client = utf8 */;
CREATE TABLE `apartamento` (
  `id` int(11) NOT NULL AUTO_INCREMENT,
  `nombre` varchar(200) DEFAULT NULL,
  `hotel_id` int(11) NOT NULL,
  `descripcion_corta` text,
  `descripcion_larga` text,
  `estado` varchar(45) DEFAULT NULL,
  `adultos` int(11) DEFAULT NULL,
  `superficie` double DEFAULT NULL,
  `ninios` int(11) DEFAULT NULL,
  `tiempo_creacion` timestamp NULL DEFAULT NULL,
  `ultima_modificacion` timestamp NULL DEFAULT NULL,
  PRIMARY KEY (`id`),
  KEY `fk_apartamentos_hotel_idx` (`hotel_id`),
  CONSTRAINT `fk_apartamentos_hotel` FOREIGN KEY (`hotel_id`) REFERENCES `hotel` (`id`) ON DELETE NO ACTION ON UPDATE NO ACTION
) ENGINE=InnoDB DEFAULT CHARSET=latin1;
/*!40101 SET character_set_client = @saved_cs_client */;

--
-- Dumping data for table `apartamento`
--

LOCK TABLES `apartamento` WRITE;
/*!40000 ALTER TABLE `apartamento` DISABLE KEYS */;
/*!40000 ALTER TABLE `apartamento` ENABLE KEYS */;
UNLOCK TABLES;

--
-- Table structure for table `apartamento_archivo`
--

DROP TABLE IF EXISTS `apartamento_archivo`;
/*!40101 SET @saved_cs_client     = @@character_set_client */;
/*!40101 SET character_set_client = utf8 */;
CREATE TABLE `apartamento_archivo` (
  `apartamento_id` int(11) NOT NULL,
  `archivo_id` int(11) NOT NULL,
  `id` int(11) NOT NULL AUTO_INCREMENT,
  `tipo` varchar(45) DEFAULT NULL,
  PRIMARY KEY (`id`),
  KEY `fk_apartamentos_has_archivos_archivos1_idx` (`archivo_id`),
  KEY `fk_apartamentos_has_archivos_apartamentos1_idx` (`apartamento_id`),
  CONSTRAINT `fk_apartamentos_has_archivos_apartamentos1` FOREIGN KEY (`apartamento_id`) REFERENCES `apartamento` (`id`) ON DELETE NO ACTION ON UPDATE NO ACTION,
  CONSTRAINT `fk_apartamentos_has_archivos_archivos1` FOREIGN KEY (`archivo_id`) REFERENCES `archivo` (`id`) ON DELETE NO ACTION ON UPDATE NO ACTION
) ENGINE=InnoDB DEFAULT CHARSET=latin1;
/*!40101 SET character_set_client = @saved_cs_client */;

--
-- Dumping data for table `apartamento_archivo`
--

LOCK TABLES `apartamento_archivo` WRITE;
/*!40000 ALTER TABLE `apartamento_archivo` DISABLE KEYS */;
/*!40000 ALTER TABLE `apartamento_archivo` ENABLE KEYS */;
UNLOCK TABLES;

--
-- Table structure for table `apartamento_condicion`
--

DROP TABLE IF EXISTS `apartamento_condicion`;
/*!40101 SET @saved_cs_client     = @@character_set_client */;
/*!40101 SET character_set_client = utf8 */;
CREATE TABLE `apartamento_condicion` (
  `apartamento_id` int(11) NOT NULL,
  `condicion_id` int(11) NOT NULL,
  `id` int(11) NOT NULL AUTO_INCREMENT,
  PRIMARY KEY (`id`),
  KEY `fk_apartamento_has_condicion_condicion1_idx` (`condicion_id`),
  KEY `fk_apartamento_has_condicion_apartamento1_idx` (`apartamento_id`),
  CONSTRAINT `fk_apartamento_has_condicion_apartamento1` FOREIGN KEY (`apartamento_id`) REFERENCES `apartamento` (`id`) ON DELETE NO ACTION ON UPDATE NO ACTION,
  CONSTRAINT `fk_apartamento_has_condicion_condicion1` FOREIGN KEY (`condicion_id`) REFERENCES `condicion` (`id`) ON DELETE NO ACTION ON UPDATE NO ACTION
) ENGINE=InnoDB DEFAULT CHARSET=latin1;
/*!40101 SET character_set_client = @saved_cs_client */;

--
-- Dumping data for table `apartamento_condicion`
--

LOCK TABLES `apartamento_condicion` WRITE;
/*!40000 ALTER TABLE `apartamento_condicion` DISABLE KEYS */;
/*!40000 ALTER TABLE `apartamento_condicion` ENABLE KEYS */;
UNLOCK TABLES;

--
-- Table structure for table `apartamento_servicio`
--

DROP TABLE IF EXISTS `apartamento_servicio`;
/*!40101 SET @saved_cs_client     = @@character_set_client */;
/*!40101 SET character_set_client = utf8 */;
CREATE TABLE `apartamento_servicio` (
  `apartamento_id` int(11) NOT NULL,
  `servicio_id` int(11) NOT NULL,
  `id` int(11) NOT NULL AUTO_INCREMENT,
  PRIMARY KEY (`id`),
  KEY `fk_apartamento_has_servicio_servicio1_idx` (`servicio_id`),
  KEY `fk_apartamento_has_servicio_apartamento1_idx` (`apartamento_id`),
  CONSTRAINT `fk_apartamento_has_servicio_apartamento1` FOREIGN KEY (`apartamento_id`) REFERENCES `apartamento` (`id`) ON DELETE NO ACTION ON UPDATE NO ACTION,
  CONSTRAINT `fk_apartamento_has_servicio_servicio1` FOREIGN KEY (`servicio_id`) REFERENCES `servicio` (`id`) ON DELETE NO ACTION ON UPDATE NO ACTION
) ENGINE=InnoDB DEFAULT CHARSET=latin1;
/*!40101 SET character_set_client = @saved_cs_client */;

--
-- Dumping data for table `apartamento_servicio`
--

LOCK TABLES `apartamento_servicio` WRITE;
/*!40000 ALTER TABLE `apartamento_servicio` DISABLE KEYS */;
/*!40000 ALTER TABLE `apartamento_servicio` ENABLE KEYS */;
UNLOCK TABLES;

--
-- Table structure for table `archivo`
--

DROP TABLE IF EXISTS `archivo`;
/*!40101 SET @saved_cs_client     = @@character_set_client */;
/*!40101 SET character_set_client = utf8 */;
CREATE TABLE `archivo` (
  `id` int(11) NOT NULL AUTO_INCREMENT,
  `nombre` varchar(150) DEFAULT NULL,
  `ruta` varchar(300) DEFAULT NULL,
  `tipo` varchar(15) DEFAULT NULL,
  `extension` varchar(4) DEFAULT NULL,
  PRIMARY KEY (`id`)
) ENGINE=InnoDB AUTO_INCREMENT=1486 DEFAULT CHARSET=latin1;
/*!40101 SET character_set_client = @saved_cs_client */;

--
-- Dumping data for table `archivo`
--

LOCK TABLES `archivo` WRITE;
/*!40000 ALTER TABLE `archivo` DISABLE KEYS */;
INSERT INTO `archivo` VALUES (1117,'','http://vikahotel.com/templates/images/apartamentos/3ad7fc91c35ef8afab8e88e709ccfaa1.jpg','imagen','jpg'),(1118,'','http://vikahotel.com/templates/images/apartamentos/e6992137484bbc5a8e3f7f7faef8ae03.jpg','imagen','jpg'),(1119,'','http://vikahotel.com/templates/images/apartamentos/7ad3b0bde001bc60e7d0af822293c65a.jpg','imagen','jpg'),(1120,'','http://vikahotel.com/templates/images/apartamentos/433a2cfdaab0fa2d685fc70ac7ee1233.jpg','imagen','jpg'),(1121,'','http://vikahotel.com/templates/images/apartamentos/13f44e6bca1b01dd260e28075e15cf80.jpg','imagen','jpg'),(1122,'','http://vikahotel.com/templates/images/apartamentos/16448eb8db8a38db3b1e9d66e28a531a.jpg','imagen','jpg'),(1123,'','http://vikahotel.com/templates/images/apartamentos/937569025a37ba049e05f0b778685857.jpg','imagen','jpg'),(1124,'','http://vikahotel.com/templates/images/apartamentos/25f9526c91fd2f661baf229f4b8e6ec9.jpg','imagen','jpg'),(1125,'','http://vikahotel.com/templates/images/apartamentos/8cce4f546017b50eb70d05be9d7d5f63.jpg','imagen','jpg'),(1126,'','http://vikahotel.com/templates/images/apartamentos/9bb7ba1853bb70e6b0784f1abfae76ce.jpg','imagen','jpg'),(1127,'','http://vikahotel.com/templates/images/apartamentos/795538f7ba8197b69291b09363706ba3.jpg','imagen','jpg'),(1128,'','http://vikahotel.com/templates/images/apartamentos/ccf7f9ea112b6677ce11176db97c50cb.jpg','imagen','jpg'),(1129,'','http://vikahotel.com/templates/images/apartamentos/12769adf9067b776f4645e690287a165.jpg','imagen','jpg'),(1130,'','http://vikahotel.com/templates/images/apartamentos/ab6af26d26251c416137acc9befaeed8.jpg','imagen','jpg'),(1131,'','http://vikahotel.com/templates/images/apartamentos/795dec16c278e84ca4d756faba6140ce.jpg','imagen','jpg'),(1132,'','http://vikahotel.com/templates/images/apartamentos/46e69acb68e3ec17697fbc28dac408e8.jpg','imagen','jpg'),(1133,'','http://vikahotel.com/templates/images/apartamentos/42129e03c37bfba5c4e68d4331777d9a.jpg','imagen','jpg'),(1134,'','http://vikahotel.com/templates/images/apartamentos/8c24825b5e61c67be6d26cb9fac59926.jpg','imagen','jpg'),(1135,'','http://vikahotel.com/templates/images/apartamentos/eca2e4739fafae8b0286475e2f9b9431.jpg','imagen','jpg'),(1136,'','http://vikahotel.com/templates/images/apartamentos/801dad527588212dd63d87d428c62634.jpg','imagen','jpg'),(1137,'','http://vikahotel.com/templates/images/apartamentos/71f945556ccb91ca3b38e2ab665fa122.jpg','imagen','jpg'),(1138,'','http://vikahotel.com/templates/images/apartamentos/f8e99781578abd4963f352d33581ce33.jpg','imagen','jpg'),(1139,'','http://vikahotel.com/templates/images/apartamentos/fd7b03edd6d65a5ae0e3909cbd9fd4ea.jpg','imagen','jpg'),(1140,'','http://vikahotel.com/templates/images/apartamentos/7962f199f1c1e883dc1739bbafe25839.jpg','imagen','jpg'),(1141,'','http://vikahotel.com/templates/images/apartamentos/a5207f9d4d2ca41f815ac98aadb76175.jpg','imagen','jpg'),(1142,'','http://vikahotel.com/templates/images/apartamentos/2df8da082d93df7bbad6dd6f956b9daa.jpg','imagen','jpg'),(1143,'','http://vikahotel.com/templates/images/apartamentos/50fe6b1303673fcc70da5e2986ff8916.jpg','imagen','jpg'),(1144,'','http://vikahotel.com/templates/images/apartamentos/47cf8159185f6eed85c5d96296272ad3.jpg','imagen','jpg'),(1145,'','http://vikahotel.com/templates/images/apartamentos/4487c3e5f87cdad5b86e6c7cb35f6ed1.jpg','imagen','jpg'),(1146,'','http://vikahotel.com/templates/images/apartamentos/f1b08b812bbdef4d77e3c751d05d998a.jpg','imagen','jpg'),(1147,'','http://vikahotel.com/templates/images/apartamentos/6f751c32e0064cf4eb3a20d5eafd5255.jpg','imagen','jpg'),(1148,'','http://vikahotel.com/templates/images/apartamentos/a5f4cc061c8e2723afa9022227f933d1.jpg','imagen','jpg'),(1149,'','http://vikahotel.com/templates/images/apartamentos/99cb38e782bc7ddaed6c417f0899b093.jpg','imagen','jpg'),(1150,'','http://vikahotel.com/templates/images/apartamentos/fd75ec20d6a6306bb48f2e703cd9f528.jpg','imagen','jpg'),(1151,'','http://vikahotel.com/templates/images/apartamentos/894f915994a935073fb18428462abfaa.jpg','imagen','jpg'),(1152,'','http://vikahotel.com/templates/images/apartamentos/0f0559d64b9a15cc7781896d7c403745.jpg','imagen','jpg'),(1153,'','http://vikahotel.com/templates/images/apartamentos/7e50796fd5617f23f4ef3b5beb6c0495.jpg','imagen','jpg'),(1154,'','http://vikahotel.com/templates/images/apartamentos/fb8cb479dd09bc6a5ec472e7b0cd4f0d.jpg','imagen','jpg'),(1155,'','http://vikahotel.com/templates/images/apartamentos/a8be73badad97603b143d2e7e75bd2ff.jpg','imagen','jpg'),(1156,'','http://vikahotel.com/templates/images/apartamentos/41b5a21e20d76525e423c7464cecf58c.jpg','imagen','jpg'),(1157,'','http://vikahotel.com/templates/images/apartamentos/679af9d7b30cc36f3df9dd21b03cbfe8.jpg','imagen','jpg'),(1158,'','http://vikahotel.com/templates/images/apartamentos/afbecec61554401b0aee7a68360d7356.jpg','imagen','jpg'),(1159,'','http://vikahotel.com/templates/images/apartamentos/28be147736f0f663f48a8dd1f3985c4d.jpg','imagen','jpg'),(1160,'','http://vikahotel.com/templates/images/apartamentos/9f89b098ae099fbd6e9733e162c92963.jpg','imagen','jpg'),(1161,'','http://vikahotel.com/templates/images/apartamentos/dfcadda30a08de9b2060945014ccad0a.jpg','imagen','jpg'),(1162,'','http://vikahotel.com/templates/images/apartamentos/d0d922ba6f97ae6a56d0386356158f2a.jpg','imagen','jpg'),(1163,'','http://vikahotel.com/templates/images/apartamentos/dfaaa7d7892619fc492b762d7d5d4dff.jpg','imagen','jpg'),(1164,'','http://vikahotel.com/templates/images/apartamentos/245c529f09320366197a71c6e529ebd8.jpg','imagen','jpg'),(1165,'','http://vikahotel.com/templates/images/apartamentos/f9b95c7235fbb55fabc8f389c993df2e.jpg','imagen','jpg'),(1166,'','http://vikahotel.com/templates/images/apartamentos/f86ed62c4e4bc41447bc5154771d6034.jpg','imagen','jpg'),(1167,'','http://vikahotel.com/templates/images/apartamentos/e4d11dd3bbb083ec6c0a6a6a83acbf9e.jpg','imagen','jpg'),(1168,'','http://vikahotel.com/templates/images/apartamentos/dbdb5b208335388e85c91fc96d9e9af3.jpg','imagen','jpg'),(1169,'','http://vikahotel.com/templates/images/apartamentos/d244bdf1368173d8fe97aae87b1ae2bb.jpg','imagen','jpg'),(1170,'','http://vikahotel.com/templates/images/apartamentos/730b3cafea0dfc35b54abcfa6db457d2.jpg','imagen','jpg'),(1171,'','http://vikahotel.com/templates/images/apartamentos/fa7f3866f76bc5abab83b23d307c3907.jpg','imagen','jpg'),(1172,'','http://vikahotel.com/templates/images/apartamentos/d29ff90bfeb1743d401b7ea1a69e1f7d.jpg','imagen','jpg'),(1173,'','http://vikahotel.com/templates/images/apartamentos/a22a72138736929bf90735e88d395f38.jpg','imagen','jpg'),(1174,'','http://vikahotel.com/templates/images/apartamentos/2e51df2127cc4994145dc650eb1635cd.jpg','imagen','jpg'),(1175,'','http://vikahotel.com/templates/images/apartamentos/fe25a6eee240afa42b8583315a5a7482.jpg','imagen','jpg'),(1177,'','http://vikahotel.com/templates/images/apartamentos/71fc7605cae87ad9adac806ea220f05d.jpg','imagen','jpg'),(1178,'','http://vikahotel.com/templates/images/apartamentos/d04b4b1ed5a705d7a0cdf448a5120822.jpg','imagen','jpg'),(1179,'','http://vikahotel.com/templates/images/apartamentos/29d0f47ec9b19b6773a5136c6eb8e8c8.jpg','imagen','jpg'),(1180,'','http://vikahotel.com/templates/images/apartamentos/711628230f1071ea227523383f4b0b1e.jpg','imagen','jpg'),(1182,'','http://vikahotel.com/templates/images/apartamentos/963b4661bcfa5b2ac0e5f94541338886.jpg','imagen','jpg'),(1183,'','http://vikahotel.com/templates/images/apartamentos/37e4a8718369c035f31a6fec76006d9a.jpg','imagen','jpg'),(1184,'','http://vikahotel.com/templates/images/apartamentos/b969c2bc98e81e73d9e58ca0edd96079.jpg','imagen','jpg'),(1185,'','http://vikahotel.com/templates/images/apartamentos/643c803f4a400b2c3aa012b805ce3dca.jpg','imagen','jpg'),(1186,'','http://vikahotel.com/templates/images/apartamentos/965eab0324ac0014b8658f1c6b20c34f.jpg','imagen','jpg'),(1187,'','http://vikahotel.com/templates/images/apartamentos/c3df1581fd9ef0d85201081ce9ea5b9f.jpg','imagen','jpg'),(1188,'','http://vikahotel.com/templates/images/apartamentos/8484771d108c0dcb5cfc245af2a084db.jpg','imagen','jpg'),(1189,'','http://vikahotel.com/templates/images/apartamentos/7af6a8d2b50524a7984fc4a3634cb4bf.jpg','imagen','jpg'),(1190,'','http://vikahotel.com/templates/images/apartamentos/efe70ed3db659c027e03771c79f7885b.jpg','imagen','jpg'),(1191,'','http://vikahotel.com/templates/images/apartamentos/9c35129129f93f508d8d7196ebe18934.jpg','imagen','jpg'),(1192,'','http://vikahotel.com/templates/images/apartamentos/9b4111c8e5ac348f62b835c4da0a9721.jpg','imagen','jpg'),(1193,'','http://vikahotel.com/templates/images/apartamentos/82fa8ef03f6493a50645d3486e6f7cbb.jpg','imagen','jpg'),(1239,'','http://vikahotel.com/templates/images/apartamentos/e76b2167ca85592bd88d0e851e13115a.jpg','imagen','jpg'),(1240,'','http://vikahotel.com/templates/images/apartamentos/829e5f14ea75d722643a90c373b3d442.jpg','imagen','jpg'),(1241,'','http://vikahotel.com/templates/images/apartamentos/2056f0c6fe77a0e87c43b68ed805786d.jpg','imagen','jpg'),(1242,'','http://vikahotel.com/templates/images/apartamentos/934c500d9d103dadeb111fee716d7569.jpg','imagen','jpg'),(1243,'','http://vikahotel.com/templates/images/apartamentos/c4ae5a22bfe345d617e04ae278e5d0bf.jpg','imagen','jpg'),(1244,'','http://vikahotel.com/templates/images/apartamentos/15dd8d0cea2ea04142667973daa1e8ce.jpg','imagen','jpg'),(1245,'','http://vikahotel.com/templates/images/apartamentos/f295fa7e158c546369af67ca48e923b1.jpg','imagen','jpg'),(1246,'','http://vikahotel.com/templates/images/apartamentos/828243e8e84fcc4e40a14463a3fd6d14.jpg','imagen','jpg'),(1247,'','http://vikahotel.com/templates/images/apartamentos/ea0d845bcac8c2b8c049d99430c323f5.jpg','imagen','jpg'),(1248,'','http://vikahotel.com/templates/images/apartamentos/ef0f2b6fd3e2265fb5826a665185d665.jpg','imagen','jpg'),(1249,'','http://vikahotel.com/templates/images/apartamentos/1157fb17727a8b380d413df2e049fabb.jpg','imagen','jpg'),(1250,'','http://vikahotel.com/templates/images/apartamentos/5f3549bc3aa6524426415769ca32f334.jpg','imagen','jpg'),(1251,'','http://vikahotel.com/templates/images/apartamentos/3568386ffe4cee9d1f9f2eef4b4d1dd2.jpg','imagen','jpg'),(1252,'','http://vikahotel.com/templates/images/apartamentos/51beecd4933eb3070cb93fb7aa4c819c.jpg','imagen','jpg'),(1253,'','http://vikahotel.com/templates/images/apartamentos/7cb306b9c16d20c2d61690fe79568e25.jpg','imagen','jpg'),(1254,'','http://vikahotel.com/templates/images/apartamentos/e9c45f6ae886625faf238be16701858d.jpg','imagen','jpg'),(1255,'','http://vikahotel.com/templates/images/apartamentos/b59102ba3880b17420c3f7a1eb2bde4e.jpg','imagen','jpg'),(1256,'','http://vikahotel.com/templates/images/apartamentos/fc8a25d97a49b86966fd2a322949f3d0.jpg','imagen','jpg'),(1257,'','http://vikahotel.com/templates/images/apartamentos/a74c3843133458014b897268f614df6d.jpg','imagen','jpg'),(1258,'','http://vikahotel.com/templates/images/apartamentos/9abaa69afbe70e9bcda880c9b766307b.jpg','imagen','jpg'),(1259,'','http://vikahotel.com/templates/images/apartamentos/a4d1faaab99b075557d4e2516427baf8.jpg','imagen','jpg'),(1260,'','http://vikahotel.com/templates/images/apartamentos/ff89573c6e2a8b82e2289402f9c3a151.jpg','imagen','jpg'),(1261,'','http://vikahotel.com/templates/images/apartamentos/ee68652d7b2463e6d514e5208d276f97.jpg','imagen','jpg'),(1262,'','http://vikahotel.com/templates/images/apartamentos/90856d0f50fdb83d0590f11d38475191.jpg','imagen','jpg'),(1263,'','http://vikahotel.com/templates/images/apartamentos/ad513d7b83ca7bb0ab8d773d946f0551.jpg','imagen','jpg'),(1264,'','http://vikahotel.com/templates/images/apartamentos/8b6a1be29fc06c85fa35b7fd602048fb.jpg','imagen','jpg'),(1265,'','http://vikahotel.com/templates/images/apartamentos/c71779b06cce13b82d59b409027bb8c6.jpg','imagen','jpg'),(1266,'','http://vikahotel.com/templates/images/apartamentos/74a62cb9bda4291e57d5b8b652d9de89.jpg','imagen','jpg'),(1267,'','http://vikahotel.com/templates/images/apartamentos/2e0973568c135be7f4c7fcd4221d4e6f.jpg','imagen','jpg'),(1268,'','http://vikahotel.com/templates/images/apartamentos/1f4ea1c2681721dfdf6cf5bff303ac27.jpg','imagen','jpg'),(1269,'','http://vikahotel.com/templates/images/apartamentos/e40a055b831042cb9f29158169cab10e.jpg','imagen','jpg'),(1270,'','http://vikahotel.com/templates/images/apartamentos/a5adbbd33029d4ed4784572deaee1420.jpg','imagen','jpg'),(1271,'','http://vikahotel.com/templates/images/apartamentos/cc147046d493a6a5e4215d31b1bb163d.jpg','imagen','jpg'),(1272,'','http://vikahotel.com/templates/images/apartamentos/72a56e71aa9cd49eb1d75224106ee59a.jpg','imagen','jpg'),(1273,'','http://vikahotel.com/templates/images/apartamentos/06d791458062e027cfc802da13c1c67b.jpg','imagen','jpg'),(1274,'','http://vikahotel.com/templates/images/apartamentos/c17c3f297a5d3158f03ae34243f809ae.jpg','imagen','jpg'),(1275,'','http://vikahotel.com/templates/images/apartamentos/993acb0eed0b45f7778cfa0c815b46f4.jpg','imagen','jpg'),(1276,'','http://vikahotel.com/templates/images/apartamentos/f835e9f00e93c197689013175762f53b.jpg','imagen','jpg'),(1277,'','http://vikahotel.com/templates/images/apartamentos/01d19b553a205637f20c2f6a52124fdf.jpg','imagen','jpg'),(1278,'','http://vikahotel.com/templates/images/apartamentos/dc5c7443549e7637983207be02e59fb9.jpg','imagen','jpg'),(1279,'','http://vikahotel.com/templates/images/apartamentos/3840aab520dad437947bec583867d1aa.jpg','imagen','jpg'),(1280,'','http://vikahotel.com/templates/images/apartamentos/2f7866b222ff83b60417c56e0f7c38f4.jpg','imagen','jpg'),(1281,'','http://vikahotel.com/templates/images/apartamentos/7f4d2b86ab66555beaebe2372a5aadcc.jpg','imagen','jpg'),(1282,'','http://vikahotel.com/templates/images/apartamentos/9e8da5cd63aae87eb0d372d168abdddb.jpg','imagen','jpg'),(1315,'','http://vikahotel.com/templates/images/apartamentos/c83638cabdc2dee13e94a0d1f4134bfa.jpg','imagen','jpg'),(1316,'','http://vikahotel.com/templates/images/apartamentos/04b2413d14b627edb6505b5ff6782ecf.jpg','imagen','jpg'),(1317,'','http://vikahotel.com/templates/images/apartamentos/bb1e75a5b825992816fb10db84fc8cc5.jpg','imagen','jpg'),(1318,'','http://vikahotel.com/templates/images/apartamentos/2d0b2a65f8eb5ef08835f2f7845a54dd.jpg','imagen','jpg'),(1319,'','http://vikahotel.com/templates/images/apartamentos/a2527381a934364c8f8ca9ca39e89c7e.jpg','imagen','jpg'),(1320,'','http://vikahotel.com/templates/images/apartamentos/e432d0ed51f13f4acd7378bfd1174682.jpg','imagen','jpg'),(1321,'','http://vikahotel.com/templates/images/apartamentos/a608b7cc42dd7e222f8a17472a9f6302.jpg','imagen','jpg'),(1322,'','http://vikahotel.com/templates/images/apartamentos/d51fff857e303aacc34869bc1aa7493e.jpg','imagen','jpg'),(1323,'','http://vikahotel.com/templates/images/apartamentos/4bb2b38f6dec8f35d38fc6887807e58d.jpg','imagen','jpg'),(1324,'','http://vikahotel.com/templates/images/apartamentos/09ec627254b5737c99461d2ef9e446f6.jpg','imagen','jpg'),(1325,'','http://vikahotel.com/templates/images/apartamentos/d4d25d84fc568d87b8faea23a3152860.jpg','imagen','jpg'),(1326,'','http://vikahotel.com/templates/images/apartamentos/482996cbc7b58ed3527cddb052f1c5e8.jpg','imagen','jpg'),(1327,'','http://vikahotel.com/templates/images/apartamentos/7ae2162cb9f6d82dc6432260f42c3dc0.jpg','imagen','jpg'),(1328,'','http://vikahotel.com/templates/images/apartamentos/a5592131c59cc3f234c2f814f9d79e09.jpg','imagen','jpg'),(1329,'','http://vikahotel.com/templates/images/apartamentos/e2790b6ab462c4524bbba89153a0b0a7.jpg','imagen','jpg'),(1330,'','http://vikahotel.com/templates/images/apartamentos/2b7d455cc650db872b87c006519f7f5f.jpg','imagen','jpg'),(1331,'','http://vikahotel.com/templates/images/apartamentos/37071278727e9959bcf123d6f503c671.jpg','imagen','jpg'),(1332,'','http://vikahotel.com/templates/images/apartamentos/860fd334d9efdbb0794345a2933582d8.jpg','imagen','jpg'),(1333,'','http://vikahotel.com/templates/images/apartamentos/86bf9828a287750c7f27d9468245debe.jpg','imagen','jpg'),(1334,'','http://vikahotel.com/templates/images/apartamentos/37f5628c0d3798a27f5ffa9773bb261b.jpg','imagen','jpg'),(1335,'','http://vikahotel.com/templates/images/apartamentos/2b849e97038049403a0144a03aeb2b1f.jpg','imagen','jpg'),(1336,'','http://vikahotel.com/templates/images/apartamentos/0a1cd9d4cbc7eac91f1c5cac646f2299.jpg','imagen','jpg'),(1337,'','http://vikahotel.com/templates/images/apartamentos/cb769b8041b25ccba7166fd7a6336be9.jpg','imagen','jpg'),(1338,'','http://vikahotel.com/templates/images/apartamentos/ebff1aa798f1f769e15a0051f4412597.jpg','imagen','jpg'),(1339,'','http://vikahotel.com/templates/images/apartamentos/a62914dc27769e02a314009dbccaa8d6.jpg','imagen','jpg'),(1340,'','http://vikahotel.com/templates/images/apartamentos/b421bdb456e5ba60db9aba7c13e2af16.jpg','imagen','jpg'),(1341,'','http://vikahotel.com/templates/images/apartamentos/07c94d9b66b2c13eba71208043240679.jpg','imagen','jpg'),(1342,'','http://vikahotel.com/templates/images/apartamentos/746a04e03a9df5aefb3addff248ca726.jpg','imagen','jpg'),(1343,'','http://vikahotel.com/templates/images/apartamentos/2184928a75b3384b510008f4eced80a7.jpg','imagen','jpg'),(1344,'','http://vikahotel.com/templates/images/apartamentos/9a6b8feaeb022b3b77f749546b06ed73.jpg','imagen','jpg'),(1345,'','http://vikahotel.com/templates/images/apartamentos/ac0e87ab9061630e71b300a0f48882d4.jpg','imagen','jpg'),(1346,'','http://vikahotel.com/templates/images/apartamentos/fbac68b856fc7ca48cd2915db64c3bfd.jpg','imagen','jpg'),(1347,'','http://vikahotel.com/templates/images/apartamentos/2f37c7acf3f6c043090dd40e034cd6e1.jpg','imagen','jpg'),(1348,'','http://vikahotel.com/templates/images/apartamentos/78662cd4f8abd191ff006b14ba06e9e5.jpg','imagen','jpg'),(1349,'','http://vikahotel.com/templates/images/apartamentos/fe5648a7d165c3808bb71087eae8dc95.jpg','imagen','jpg'),(1350,'','http://vikahotel.com/templates/images/apartamentos/effb28eb60d95f61fcd52c10c7f6da84.jpg','imagen','jpg'),(1351,'','http://vikahotel.com/templates/images/apartamentos/7a6702fa307ff2e87907b515feb0e7f5.jpg','imagen','jpg'),(1352,'','http://vikahotel.com/templates/images/apartamentos/d41e456ae553a40fc7d01810a183cc40.jpg','imagen','jpg'),(1353,'','http://vikahotel.com/templates/images/apartamentos/9aaa98dfe9aa7946be559a34dff9d599.jpg','imagen','jpg'),(1354,'','http://vikahotel.com/templates/images/apartamentos/d9245f9b175ff6042ff8fb2787447cfa.jpg','imagen','jpg'),(1355,'','http://vikahotel.com/templates/images/apartamentos/d76bf184c28e154c7a7a34982ed747ff.jpg','imagen','jpg'),(1356,'','http://vikahotel.com/templates/images/apartamentos/518de677e1273d3ec32dea30ead2ca18.jpg','imagen','jpg'),(1357,'','http://vikahotel.com/templates/images/apartamentos/0df754eea7e156710ea91d019f6aaa62.jpg','imagen','jpg'),(1358,'','http://vikahotel.com/templates/images/apartamentos/5b14e2fc73c9ce6f25d94a156eebf86e.jpg','imagen','jpg'),(1359,'','http://vikahotel.com/templates/images/apartamentos/32b0d7faf37126aa1bcceeb647bac63b.jpg','imagen','jpg'),(1360,'','http://vikahotel.com/templates/images/apartamentos/df7d2525111e83174cc993643b0360bf.jpg','imagen','jpg'),(1361,'','http://vikahotel.com/templates/images/apartamentos/cfc405120ebd9c99538e7c4ccbcc0679.jpg','imagen','jpg'),(1362,'','http://vikahotel.com/templates/images/apartamentos/cc224d1b47290b62266f92bc9f6d536f.jpg','imagen','jpg'),(1363,'','http://vikahotel.com/templates/images/apartamentos/9874c24bff64dca27584c2803a09f3d7.jpg','imagen','jpg'),(1364,'','http://vikahotel.com/templates/images/apartamentos/09c85cf6163549ead9e9155a13c0321d.jpg','imagen','jpg'),(1365,'','http://vikahotel.com/templates/images/apartamentos/da4826fc4b404a95c1337b2ba5d66777.jpg','imagen','jpg'),(1366,'','http://vikahotel.com/templates/images/apartamentos/799cdd793a496da0d2cb2610eacff0f9.jpg','imagen','jpg'),(1367,'','http://vikahotel.com/templates/images/apartamentos/4c1945cd10c318d85e77c677eb9277d3.jpg','imagen','jpg'),(1368,'','http://vikahotel.com/templates/images/apartamentos/bedd4c20c385b3500e7c5f2d963b9693.jpg','imagen','jpg'),(1369,'','http://vikahotel.com/templates/images/apartamentos/111960aa9857d735a57295c84596b1cc.jpg','imagen','jpg'),(1370,'','http://vikahotel.com/templates/images/apartamentos/f056bffa8dccf8a48043d6446cd73e56.jpg','imagen','jpg'),(1371,'','http://vikahotel.com/templates/images/apartamentos/0d2c2866a585ec5b57ecbc6754b1f001.jpg','imagen','jpg'),(1372,'','http://vikahotel.com/templates/images/apartamentos/2701f43c0bb95976fa82d3baa7676d61.jpg','imagen','jpg'),(1373,'','http://vikahotel.com/templates/images/apartamentos/db172d230b7826c314854ded47d4f2aa.jpg','imagen','jpg'),(1374,'','http://vikahotel.com/templates/images/apartamentos/1a9615b72c4e0da415c93ca939d0687a.jpg','imagen','jpg'),(1375,'','http://vikahotel.com/templates/images/apartamentos/639a091aba0c68fbdc637533779c4a51.jpg','imagen','jpg'),(1376,'','http://vikahotel.com/templates/images/apartamentos/81549dea3f4d3a69ec1e20e729d663f0.jpg','imagen','jpg'),(1377,'','http://vikahotel.com/templates/images/apartamentos/bd8aa8dc27b4dec697bce354505d4322.jpg','imagen','jpg'),(1378,'','http://vikahotel.com/templates/images/apartamentos/157356669f2aedc3b1ac575a48a08327.jpg','imagen','jpg'),(1379,'','http://vikahotel.com/templates/images/apartamentos/8d1d1fb952646c9f5a3954a644d0481a.jpg','imagen','jpg'),(1380,'','http://vikahotel.com/templates/images/apartamentos/d462b2b63d89e3aa6c79345eed42fa39.jpg','imagen','jpg'),(1381,'','http://vikahotel.com/templates/images/apartamentos/aa2c739bdab4ecca698c38e4286404c7.jpg','imagen','jpg'),(1382,'','http://vikahotel.com/templates/images/apartamentos/49a43dc24045be3f2b6ee387978c1561.jpg','imagen','jpg'),(1383,'','http://vikahotel.com/templates/images/apartamentos/b2429074e92176bb69f175c3efe397cc.jpg','imagen','jpg'),(1384,'','http://vikahotel.com/templates/images/apartamentos/20a4b9be0f401ad7737d30a98413501c.jpg','imagen','jpg'),(1385,'','http://vikahotel.com/templates/images/apartamentos/0fb6582f7623e972dff06a1159a04649.jpg','imagen','jpg'),(1386,'','http://vikahotel.com/templates/images/apartamentos/e1d2cd250879e1fe35cbc657d944a6ad.jpg','imagen','jpg'),(1387,'','http://vikahotel.com/templates/images/apartamentos/6a2b33c727a849fb6b6d6fca1fe6a559.jpg','imagen','jpg'),(1388,'','http://vikahotel.com/templates/images/apartamentos/68284b89236b41626ab71adc669ffcff.jpg','imagen','jpg'),(1389,'','http://vikahotel.com/templates/images/apartamentos/d2709e0eff6d88f7619f6878cf852704.jpg','imagen','jpg'),(1390,'','http://vikahotel.com/templates/images/apartamentos/e191b9e4f235972d5003a8a1a47b344e.jpg','imagen','jpg'),(1391,'','http://vikahotel.com/templates/images/apartamentos/ec121863e038d3196ffdeb76cfe95ed9.jpg','imagen','jpg'),(1392,'','http://vikahotel.com/templates/images/apartamentos/f221f8666ff9c1cc3b1b76108c27bfec.jpg','imagen','jpg'),(1393,'','http://vikahotel.com/templates/images/apartamentos/ddd1ad3e1a80dd8f620d7a4da068ada0.jpg','imagen','jpg'),(1394,'','http://vikahotel.com/templates/images/apartamentos/caf9d322e828e4b92351ab7d9c24c060.jpg','imagen','jpg'),(1395,'','http://vikahotel.com/templates/images/apartamentos/7f55d5d4c43610933bd53e7199010525.jpg','imagen','jpg'),(1396,'','http://vikahotel.com/templates/images/apartamentos/b3f5cdecff1d04f417829ee633fcd006.jpg','imagen','jpg'),(1397,'','http://vikahotel.com/templates/images/apartamentos/186e9709107c22fcf739c57be5a4d8ad.jpg','imagen','jpg'),(1398,'','http://vikahotel.com/templates/images/apartamentos/cf53ddc5676ba00c57314940774faf63.jpg','imagen','jpg'),(1399,'','http://vikahotel.com/templates/images/apartamentos/fe43f72ab5c2a0460b378ba39d742975.jpg','imagen','jpg'),(1400,'','http://vikahotel.com/templates/images/apartamentos/f038dff3141e2c1bc460b068e9ee24d9.jpg','imagen','jpg'),(1402,'','http://vikahotel.com/templates/images/apartamentos/f1214a96370448a12f1d3f6b00a8370d.jpg','imagen','jpg'),(1403,'','http://vikahotel.com/templates/images/apartamentos/3a6adde03c6eae2c7a073de4a11a38e8.jpg','imagen','jpg'),(1404,'','http://vikahotel.com/templates/images/apartamentos/564f98792c85bf862523764b357c83bf.jpg','imagen','jpg'),(1405,'','http://vikahotel.com/templates/images/apartamentos/f45d93c6bcf6d1601958c76149ef0e79.jpg','imagen','jpg'),(1406,'','http://vikahotel.com/templates/images/apartamentos/0fa792680aa021e5014488b931708ac9.jpg','imagen','jpg'),(1407,'','http://vikahotel.com/templates/images/apartamentos/36c952b1d70b726b9bafc22d24e3bebb.jpg','imagen','jpg'),(1408,'','http://vikahotel.com/templates/images/apartamentos/023666f0ed4fa0b8a28f7fd4da5acb1a.jpg','imagen','jpg'),(1409,'','http://vikahotel.com/templates/images/apartamentos/14d6d58f8828f685b282f085e6d2f10a.jpg','imagen','jpg'),(1410,'','http://vikahotel.com/templates/images/apartamentos/57d9e319e582f3a919c146d950ed2518.jpg','imagen','jpg'),(1411,'','http://vikahotel.com/templates/images/apartamentos/7a1f6a356b61d1007e4f60391afa1124.jpg','imagen','jpg'),(1412,'','http://vikahotel.com/templates/images/apartamentos/535e7c5a1a5d181f705f0b1290cec23f.jpg','imagen','jpg'),(1413,'','http://vikahotel.com/templates/images/apartamentos/c93f3cb2a4fb505b9e84465a2d30e628.jpg','imagen','jpg'),(1414,'','http://vikahotel.com/templates/images/apartamentos/884eaf57206a36e2642ae176bb7d25a7.jpg','imagen','jpg'),(1415,'','http://vikahotel.com/templates/images/apartamentos/3683e32b507beb94578e6bc54ee1ea5a.jpg','imagen','jpg'),(1416,'','http://vikahotel.com/templates/images/apartamentos/ee6c2215088bbe60adf1dcc0e26fc362.jpg','imagen','jpg'),(1417,'','http://vikahotel.com/templates/images/apartamentos/3eb7516a74489f1ec6c84196765b8bf6.jpg','imagen','jpg'),(1418,'','http://vikahotel.com/templates/images/apartamentos/a09e5bee3427a2d5c83805e574ff09ba.jpg','imagen','jpg'),(1419,'','http://vikahotel.com/templates/images/apartamentos/6e44a19e499ff245047758e3bc555162.jpg','imagen','jpg'),(1420,'','http://vikahotel.com/templates/images/apartamentos/920d0dccf39edd4b98c194f5958d28a6.jpg','imagen','jpg'),(1421,'','http://vikahotel.com/templates/images/apartamentos/4453ef7323701bfe6cfbcc9ec9f3b7b2.jpg','imagen','jpg'),(1422,'','http://vikahotel.com/templates/images/apartamentos/d688e626a7488928d5f55b9d923a0f9f.jpg','imagen','jpg'),(1423,'','http://vikahotel.com/templates/images/apartamentos/5988971a87497fb733255b94f324a348.jpg','imagen','jpg'),(1424,'','http://vikahotel.com/templates/images/apartamentos/4d34a2ff119d93047bc102e4f2ddbfe3.jpg','imagen','jpg'),(1425,'','http://vikahotel.com/templates/images/apartamentos/4b37679ffaa40a9d92c7dffd20ca84ce.jpg','imagen','jpg'),(1426,'','http://vikahotel.com/templates/images/apartamentos/2e351fadf06ae5244ad8de1e71b4647b.jpg','imagen','jpg'),(1427,'','http://vikahotel.com/templates/images/apartamentos/170460373249dd04d2df74c1966931d5.jpg','imagen','jpg'),(1428,'','http://vikahotel.com/templates/images/apartamentos/1c125433a991054a5a52dbc9afbdbc15.jpg','imagen','jpg'),(1429,'','http://vikahotel.com/templates/images/apartamentos/a8c719771969dce34e086d3b9382fe06.jpg','imagen','jpg'),(1430,'','http://vikahotel.com/templates/images/apartamentos/b3c7154dab18232ffce2c191d125a278.jpg','imagen','jpg'),(1431,'','http://vikahotel.com/templates/images/apartamentos/2318533f96a13b74675648c8b8808374.jpg','imagen','jpg'),(1432,'','http://vikahotel.com/templates/images/apartamentos/6f3a2d771bb83d10f346692e46f42a21.jpg','imagen','jpg'),(1433,'','http://vikahotel.com/templates/images/apartamentos/957cd726a0821a7595fd405eca8271f0.jpg','imagen','jpg'),(1434,'','http://vikahotel.com/templates/images/apartamentos/39f3d4e412f607a643d82dd5e61893dc.jpg','imagen','jpg'),(1435,'','http://vikahotel.com/templates/images/apartamentos/7f5ebec3443b7120db0ce30e829ffdd2.jpg','imagen','jpg'),(1436,'','http://vikahotel.com/templates/images/apartamentos/c865e6aba7d3da3c885d5b03f5f72de6.jpg','imagen','jpg'),(1437,'','http://vikahotel.com/templates/images/apartamentos/575b2a71cea8241790e91c2db2ec571f.jpg','imagen','jpg'),(1438,'','http://vikahotel.com/templates/images/apartamentos/7c44bd175c36e37c1049167a5d1515ec.jpg','imagen','jpg'),(1439,'','http://vikahotel.com/templates/images/apartamentos/1df7da5e34290af8cc415d5f8b2d7d9c.jpg','imagen','jpg'),(1440,'','http://vikahotel.com/templates/images/apartamentos/257bcdb2efed6a97ddd22b444736bbaa.jpg','imagen','jpg'),(1441,'','http://vikahotel.com/templates/images/apartamentos/99ffcd05be919b7265e2850cff765bbc.jpg','imagen','jpg'),(1442,'','http://vikahotel.com/templates/images/apartamentos/26a535d5340948382c7c823f3483438e.jpg','imagen','jpg'),(1443,'','http://vikahotel.com/templates/images/apartamentos/e79a0e78d884329ee09395bea2de9841.jpg','imagen','jpg'),(1444,'','http://vikahotel.com/templates/images/apartamentos/48748c06e8dcb03694ae3d1583c4a336.jpg','imagen','jpg'),(1445,'','http://vikahotel.com/templates/images/apartamentos/a41361acc61c7e64cce00ee1bb162284.jpg','imagen','jpg'),(1446,'','http://www.vikahotel.com/templates/images/apartamentos/98836c86908158635c7b931e502b910c.jpg','imagen','jpg'),(1447,'','http://www.vikahotel.com/templates/images/apartamentos/4d77e9b72b928a7c374b95e231e928d3.jpg','imagen','jpg'),(1448,'','http://www.vikahotel.com/templates/images/apartamentos/922dd670c22c7f12abc48561e9f8293d.jpg','imagen','jpg'),(1449,'','http://www.vikahotel.com/templates/images/apartamentos/a631213e80a90fe13eacd8cadee23a19.jpg','imagen','jpg'),(1450,'','http://www.vikahotel.com/templates/images/apartamentos/ff80f6ffacca2cc63c61941e29231d80.jpg','imagen','jpg'),(1451,'','http://www.vikahotel.com/templates/images/apartamentos/00ac22a964f0af189c1838eab06f187d.jpg','imagen','jpg'),(1452,'','http://www.vikahotel.com/templates/images/apartamentos/f5bf54bf963fc83a12bd2b0d2b418e5b.jpg','imagen','jpg'),(1453,'','http://www.vikahotel.com/templates/images/apartamentos/616cced502e76acc97c5428d80613507.jpg','imagen','jpg'),(1454,'','http://www.vikahotel.com/templates/images/apartamentos/938c4085e8d9b81220a6d9de11a3b736.jpg','imagen','jpg'),(1455,'','http://www.vikahotel.com/templates/images/apartamentos/4747b099e230ddd7d8bc96ae11656638.jpg','imagen','jpg'),(1456,'','http://www.vikahotel.com/templates/images/apartamentos/262a47322f821ba163a804a4a1911f92.jpg','imagen','jpg'),(1457,'','http://www.vikahotel.com/templates/images/apartamentos/a6f113df4c9fdbe2a4c4832c09cd1e6e.jpg','imagen','jpg'),(1458,'','http://www.vikahotel.com/templates/images/apartamentos/68837d5a5ef2d95c80a3234b8ad12859.jpg','imagen','jpg'),(1459,'','http://www.vikahotel.com/templates/images/apartamentos/6644cd70e1c2e68cfd8e310fcb196686.jpg','imagen','jpg'),(1460,'','http://www.vikahotel.com/templates/images/apartamentos/ae8c66f638870a1ef401b90939d1da3a.jpg','imagen','jpg'),(1461,'','http://www.vikahotel.com/templates/images/apartamentos/ca9d6db32d48931d7222c91ae652977e.jpg','imagen','jpg'),(1462,'','http://www.vikahotel.com/templates/images/apartamentos/5ea5871c97e7e7ccc058cc2758616d3b.jpg','imagen','jpg'),(1463,'','http://www.vikahotel.com/templates/images/apartamentos/8d0fded620d1610a8c4d1f34b9349da1.jpg','imagen','jpg'),(1464,'','http://www.vikahotel.com/templates/images/apartamentos/a7c46de6be6d2aa7c4dfe09dcdc5b78b.jpg','imagen','jpg'),(1465,'','http://www.vikahotel.com/templates/images/apartamentos/fbe2d0c065383bd38618c5d58dc9e345.jpg','imagen','jpg'),(1466,'','http://www.vikahotel.com/templates/images/apartamentos/6d273d5a925cb8e35bf76a593b243de7.jpg','imagen','jpg'),(1467,'','http://www.vikahotel.com/templates/images/apartamentos/33f5fbf028d36e86edbfd3b67f3c3523.jpg','imagen','jpg'),(1468,'','http://www.vikahotel.com/templates/images/apartamentos/ee7ed1f3d62ef4454863913fcb75d63f.jpg','imagen','jpg'),(1469,'','http://www.vikahotel.com/templates/images/apartamentos/cd476db93865d0f88a595baedbfda5d3.jpg','imagen','jpg'),(1470,'','http://www.vikahotel.com/templates/images/apartamentos/55892d3028b87be2f444dd8b80f07d46.jpg','imagen','jpg'),(1471,'','http://www.vikahotel.com/templates/images/apartamentos/14df1f2eac714f453438a1068f13364f.jpg','imagen','jpg'),(1472,'','http://www.vikahotel.com/templates/images/apartamentos/7a09eabd7150c569be9c273a3c6674c0.jpg','imagen','jpg'),(1473,'','http://www.vikahotel.com/templates/images/apartamentos/053a7b831eff0e0799cf206754f57a6e.jpg','imagen','jpg'),(1474,'','http://www.vikahotel.com/templates/images/apartamentos/fe3295a2479ed69e06b1f49c75e2c20e.jpg','imagen','jpg'),(1475,'','http://www.vikahotel.com/templates/images/apartamentos/e465d64cc98074bdd59462bad4bf5062.jpg','imagen','jpg'),(1476,'','http://www.vikahotel.com/templates/images/apartamentos/6dfef90be9c706c69aad7a1761dd4037.jpg','imagen','jpg'),(1477,'','http://www.vikahotel.com/templates/images/apartamentos/f40c62d5b91e6246e536245e3de241db.jpg','imagen','jpg'),(1478,'','http://www.vikahotel.com/templates/images/apartamentos/66910b776322f4a1b2372f823437e7bf.jpg','imagen','jpg'),(1479,'','http://www.vikahotel.com/templates/images/apartamentos/03e4672bc43cb653b7236951728cd736.jpg','imagen','jpg'),(1480,'','http://www.vikahotel.com/templates/images/apartamentos/ae4b008c998721365ad73e55b9dd4809.jpg','imagen','jpg'),(1481,'','http://www.vikahotel.com/templates/images/apartamentos/9b0794dbec2a8ce5d05c8c8834c46e89.jpg','imagen','jpg'),(1482,'','http://www.vikahotel.com/templates/images/apartamentos/a5c9f2ff16af6fdedd551623c739fac2.jpg','imagen','jpg'),(1483,'','http://www.vikahotel.com/templates/images/apartamentos/6c62f9dea0050b5420f607af30e99c12.jpg','imagen','jpg'),(1484,'','http://www.vikahotel.com/templates/images/apartamentos/db697ad8a8ab9b63a53d562476af88b6.jpg','imagen','jpg'),(1485,'937002a385657814c9e1b0ab0a405bee.png','http://www.vikahotel.com/templates/images/hotel/937002a385657814c9e1b0ab0a405bee.png','logo','.png');
/*!40000 ALTER TABLE `archivo` ENABLE KEYS */;
UNLOCK TABLES;

--
-- Table structure for table `blacklist`
--

DROP TABLE IF EXISTS `blacklist`;
/*!40101 SET @saved_cs_client     = @@character_set_client */;
/*!40101 SET character_set_client = utf8 */;
CREATE TABLE `blacklist` (
  `id` int(11) NOT NULL AUTO_INCREMENT,
  `palabra` text,
  PRIMARY KEY (`id`)
) ENGINE=InnoDB AUTO_INCREMENT=26 DEFAULT CHARSET=utf8;
/*!40101 SET character_set_client = @saved_cs_client */;

--
-- Dumping data for table `blacklist`
--

LOCK TABLES `blacklist` WRITE;
/*!40000 ALTER TABLE `blacklist` DISABLE KEYS */;
INSERT INTO `blacklist` VALUES (1,'Cancelación GRATUITA - PAGA DESPUÉS'),(4,'•'),(5,'FREE cancellation - PAY LATER'),(6,'KOSTENLOS stornieren - SPÄTER ZAHLEN'),(7,'Annulation GRATUITE - PAYEZ PLUS TARD'),(8,'Cancellazione GRATUITA - PAGA DOPO'),(9,'БЕСПЛАТНАЯ отмена - ПЛАТИТЕ ПОЗЖЕ'),(10,'Cancelamento GRATUITO - PAGUE DEPOIS'),(11,'Condiciones especiales - PAGA DESPUÉS'),(12,'Besondere Bestimmungen - SPÄTER ZAHLEN'),(13,'Conditions spéciales - PAYEZ PLUS TARD'),(14,'Condizioni Speciali - PAGA DOPO'),(15,'Специальные условия - ПЛАТИТЕ ПОЗЖЕ'),(16,'Condições especiais - PAGUE DEPOIS'),(17,'Condiciones especiales'),(18,'Special conditions'),(19,'besondere Bestimmungen'),(20,'Conditions spéciales'),(21,'Condizioni Speciali'),(22,'特殊条款'),(23,'Особые условия'),(24,'Condições especiais');
/*!40000 ALTER TABLE `blacklist` ENABLE KEYS */;
UNLOCK TABLES;

--
-- Table structure for table `condicion`
--

DROP TABLE IF EXISTS `condicion`;
/*!40101 SET @saved_cs_client     = @@character_set_client */;
/*!40101 SET character_set_client = utf8 */;
CREATE TABLE `condicion` (
  `id` int(11) NOT NULL AUTO_INCREMENT,
  `nombre` text,
  `descripcion` text,
  `condicion_categoria_id` int(11) DEFAULT NULL,
  PRIMARY KEY (`id`),
  KEY `fk_condicion_condicion_categoria1_idx` (`condicion_categoria_id`),
  CONSTRAINT `fk_condicion_condicion_categoria1` FOREIGN KEY (`condicion_categoria_id`) REFERENCES `condicion_categoria` (`id`) ON DELETE NO ACTION ON UPDATE NO ACTION
) ENGINE=InnoDB AUTO_INCREMENT=2 DEFAULT CHARSET=latin1;
/*!40101 SET character_set_client = @saved_cs_client */;

--
-- Dumping data for table `condicion`
--

LOCK TABLES `condicion` WRITE;
/*!40000 ALTER TABLE `condicion` DISABLE KEYS */;
INSERT INTO `condicion` VALUES (1,'{\"es\":\"Condiciones generales de compra\"}','{\"es\":\"Condiciones Generales DeTeatros.com\\n\\n1. Identificación de las Partes\\nLas presentes Condiciones Generales de Uso, son suscritas, de una parte, por Deteatros.com, que pone a disposición de los usuarios de Internet de forma gratuita la Página según las mismas, y de otra, por el Usuario, entendido como toda persona física o jurídica que acceda a la Página de forma libre, voluntaria y gratuita, haciendo o no uso de los servicios ofrecidos en la misma. El Usuario, por el mero hecho de visitar, navegar y usar la Página, se somete a las presentes Condiciones Generales de Uso sin perjuicio de que el registro gratuito en la misma implique el sometimiento a unas Condiciones de Contratación que habrán de ser aceptadas expresamente al proceder al registro.\\n\\n2. Gratuidad de la Página\\nLa Página es de acceso gratuito, al igual que la navegación por la misma. Deteatros.com, únicamente pone a disposición de los usuarios la Página de forma gratuita para la mera navegación por la misma. En caso de que los usuarios quieran reservar entradas a través de Deteatros.com, habrán de seguir los procedimientos adecuados para ello y aceptar expresamente las Condiciones de Contratación.Deteatros.com ofrece la posibilidad a cualquier usuario interesado en los espectáculos ofertados de realizar reservas online sin necesidad de estar registrado. Para ello, bastará con realizar los pasos necesarios y aceptar las correspondientes Condiciones de Contratación, a las que puedes acceder desde el correspondiente link en la Página o haciendo clic aquí.\\n\\n3. Obligaciones del usuario\\nComo Usuario, por la mera visita o navegación por la web, debes:\\n- Utilizar la Página y sus servicios y funcionalidades respetando la legislación aplicable (en especial las de propiedad intelectual e industrial y las leyes de protección de datos de carácter personal), así como la moral y buenas costumbres generalmente aceptadas, el orden público y las presentes Condiciones Generales de Uso.\\n- Utilizar la Página de una forma diligente, correcta y lícita.\\n- Si hacemos cambios en estas Condiciones Generales de Uso o en la Política de Privacidad, revísalos: pueden ser importantes.\\n- En su caso, revisa también las notificaciones que te enviemos, pueden contener información importante.\\nAsimismo, como usuario, te comprometes a respetar Deteatros.com y cumplir con las siguientes condiciones:\\n- No incumplir estas Condiciones Generales de Uso ni ninguna de sus condiciones ni de las obligaciones asumidas en ellas.\\n- No infringir ningún derecho o interés de Deteatros.com ni de terceros, tales como derechos de propiedad intelectual o industrial (patentes, marcas, secretos comerciales, derechos de copyright u otros derechos de nuestra propiedad).\\n- No utilizar la Página para recabar información y contenidos para prestar cualquier servicio que, a criterio de Deteatros.com, le correspondan o compitan con el mismo.\\n- No introducir por cualquier medio virus informáticos, gusanos, troyanos o cualquier otra clase de códigos maliciosos dirigidos a interrumpir, destruir o limitar la funcionalidad de Deteatros.com.\\n- No utilizar técnicas de ingeniería inversa y/o descompilar o descifrar o utilizar cualquier otro sistema para conocer el código fuente de la Página o de cualquier elemento sujeto a copyright o propiedad intelectual subyacente.\\n- No modificar la Página de ninguna forma o manera posible.\\n- No dañar, deshabilitar, sobrecargar o dificultar el servicio (o la red o las redes conectadas al servicio), o interferir en el uso y disfrute del servicio por parte de cualquier usuario.\\n- No realizar acciones o utilizar medios para simular la apariencia o función de Deteatros.com con cualquier finalidad\\n\\n4. Exclusión de responsabilidad\\nLa Página es puesta a disposición de los usuarios de Internet para su uso y disfrute y sus servicios y funcionalidades se muestran \\\"tal cual\\\" y \\\"según disponibilidad\\\" en cada momento. Deteatros.com no ofrece garantías en relación con los servicios que ofrece, en especial sobre aquellos que sean gratuitos para el usuario. No seremos en ningún caso responsables de cómo uses la Página, tampoco si incumples cualquier obligación o compromiso de estas Condiciones Generales de Uso. En especial, Deteatros.com no será en ningún caso responsable:\\na) de los contenidos de otras páginas web enlazadas a este sitio. Los riesgos derivados de la consulta de tales páginas corresponden exclusivamente al Comprador que deberá regirse por los términos y condiciones de utilización de las mismas. La Página cuenta o puede contar con enlaces o links a sitios web de terceros. No somos responsables en ningún caso de los contenidos y de cualquier acción que pueda derivar de que accedas a enlaces externos de otras páginas. Deteatros.com no revisa ni aprueba ningún tipo de función, contenido, publicidad, o cualquier otro contenido incluido en los sitios de terceros. \\nb) de los daños que pudieran derivarse por el uso de páginas de terceros ajenos a Deteatros.com. Deteatros.com, por lo que éste no puede garantizar que en los mismos no existan amenazas informáticas, malware o virus o alberguen contenido ilícito u otros enlaces que, a su vez, lleven a sitios con alguna o varias de las mencionadas características. En este caso, Deteatros.com declina toda responsabilidad sobre los contenidos y servicios de los terceros así como de cualquier daño derivado sobre el acceso a los mismos.\\nc) del lucrocesante o daño emergente por cualquier cuestión relacionada con la Página.\\nDeteatros.com ofrece a los usuarios de Internet la posibilidad de valorar las obras y publicar comentarios sobre las mismas con la finalidad de compartir opiniones personales. En este sentido es de destacar: \\na) que Deteatros.com, conforme al artículo 16 de la Ley 34/2004, de 11 de julio, de servicios de la sociedad de la información y del comercio electrónico, se configura a los efectos de prestar este servicio como un prestador de sevicios de alojamiento o almacenamiento de datos. \\nb) que no se hace responsable de la ilegalidad, especialmente la infracción de leyes en materia de propiedad intelectual e industrial, de los contenidos publicados por sus usuarios ni de las opiniones vertidas en ellos.\\nc) que en ningún caso los comentarios representan la opinión de Deteatros.com, de sus socios o de sus empleados.\\nd) Sistema de denuncia: si crees que algún comentario no es conforme con la Ley, vulnera tus derechos o, de alguna forma, te perjudica, por favor comunícanoslo a: info@deteatros.com.\\n\\n5. Propiedad intelectual e industrial\\nLos derechos de propiedad intelectual del contenido de las páginas web, su diseño gráfico y códigos son de Deteatros.com en exclusiva o cuenta con los derechos o autorizaciones para su publicación y, por tanto, queda prohibida su reproducción, distribución, comunicación pública, transformación o cualquier otra actividad que se pueda realizar con los contenidos de sus páginas web ni aún citando las fuentes, salvo consentimiento por escrito de Deteatros.com o del titular en exclusiva del derecho.\\nTodos los nombres comerciales, marcas o signos distintos de cualquier clase contenidos en las páginas web son propiedad de sus dueños o sus titulares legítimos y están protegidos por ley.\\n\\n\\n6. Indemnización\\nCualquier incumplimiento de estas Condiciones Generales de Uso por parte del usuario, podría suponer para nosotros daños y perjuicios. De tal forma, si por incumplimientos del usuario sufriéramos daños, perjuicios o cualquier tipo de pérdidas y/o costes (como pueden ser los honorarios de abogados y procuradores), aquél estará obligado a resarcirnos. \\nAsimismo, si por los incumplimientos del usuario se generaran cualquier tipo de reclamaciones o procedimientos contra nosotros, el usuario dejará indemne a Deteatros.com, pudiendo reclamarle cualquier gasto, coste, daño o perjuicio derivado de sus acciones.\\n\\n\\n7. Salvaguarda e interpretación de las Condiciones\\nLas presentes Condiciones Generales de Uso y todas sus Condiciones Particulares de Registro constituyen un acuerdo único entre tú, como usuario, y nosotros como titulares de Deteatros.com.\\nSi cualquier disposición de las Condiciones fuera considerada ilegal, inválida o no ejecutable según la disposición de la Autoridad competente, la misma será modificada de modo que se pueda interpretar como ejecutable y efectiva del modo más próximo posible a la intención original de la disposición.\\nLa no exigencia del cumplimiento estricto de alguno de los términos de estas Condiciones, no supone ni puede interpretarse como una renuncia por nuestra parte a exigir su cumplimiento en sus estrictos términos en el futuro.\\nLa declaración de nulidad de alguna o algunas de las cláusulas establecidas en las presentes Condiciones Generales de Uso por la Autoridad competente no perjudicará la validez de las restantes.\\n\\n\\n8. Modificación\\nDeteatros.com se reserva el derecho de modificar, eliminar o alterar en cualquier momento la Página los contenidos de la misma, sean propios o de terceros.\\n\\n9. Legislación y fuero\\nLas relaciones entre Deteatros.com con los Usuarios de sus servicios telemáticos, presentes en la web, se encuentran sometidas a la legislación española. Las partes, con renuncia expresa a cualquier fuero que pudiera corresponderles, se someten a la jurisdicción de los Juzgados y Tribunales de Madrid.\\n\\n\\n\\nCondiciones generales de compra\\n\\nEn cumplimiento de la Ley 34/2002 de Servicios de la Sociedad de la Información y del Comercio Electrónico (LSSICE), te informamos que www.laescaleradejacob.es es un dominio de Internet registrado por LA ESCALERA DE JACOB LAVAPIES S.L., con C.I.F B86749298 (en adelante La Escalera de Jacob) e inscrita en el Reg. Mercantil Madrid, T. 31157, F. 39, Inscripción 1, con Hoja M-560722. \\nCondiciones generales de contratación entre www.laescaleradejacob.es y el usuario:\\n\\n1. El usuario declara que es mayor de edad (mayor de 18 años) y dispone de capacidad legal necesaria para contratar los servicios ofertados por los proveedores en la web de La Escalera de Jacob, de acuerdo con las condiciones más abajo desglosadas, las cuales declara comprender y aceptar.\\nEn el caso de contratación por menores de edad, se requiere la autorización de los padres o tutores para poder disfrutar del servicio contratado. La Escalera de Jacob no se responsabiliza de la veracidad y exactitud de los datos rellenados por el usuario y por tanto no puede constatar la edad de los mismos.\\nEl usuario se compromete a utilizar los servicios y contenidos en nuestro sitio web de conformidad con la Ley y los términos y condiciones generales y particulares de los servicios que ofrece La Escalera de Jacob en cada momento, debiendo abstenerse de emplearlos para:\\n\\n(a)\\tIntroducir en la red programas de datos susceptibles de provocar daños en los sistemas informáticos de La Escalera de Jacob, sus proveedores o terceros usuarios de la red interna o de este sitio web.\\n\\n(b) Difundir contenidos de carácter racista, xenófobo, pornográfico, de apología del terrorismo y/o que atenten contra los derechos humanos.\\n\\n(c) Realizar actividades ilícitas, contrarias a la buena fe, a las costumbres, a la moral o al orden público.\\n\\n(d) Realizar actividades que constituyan una infracción de la regulación sobre propiedad intelectual e industrial o cualquier otra norma del ordenamiento jurídico aplicable.\\n\\n(e) Reproducir, duplicar, vender o explotar para fines comerciales cualquier contenido del sitio web.\\n\\n2. El usuario es el responsable de facilitar sus datos correctamente en los procesos de contratación establecidos en la página web de La Escalera de Jacob.\\n\\n4. La Escalera de Jacob es titular de la base de datos generada con los datos de carácter personal suministrados por los usuarios en el proceso de compra o reserva de productos a través de nuestra página web. La Escalera de Jacob se compromete al cumplimiento de su obligación de secreto de los datos de carácter personal y de su deber de tratarlos con confidencialidad, y a tal fin La Escalera de Jacob adoptará las medidas necesarias para evitar su alteración, pérdida, tratamiento o acceso no autorizado, habida cuenta en todo momento del estado de la tecnología con arreglo a lo previsto en la legislación vigente en España en materia de protección de datos de carácter personal.\\nEl usuario acepta que los datos personales facilitados en el proceso de compra o reserva de nuestros productos sean incorporados a un fichero automatizado, cuya titularidad corresponde a La Escalera de Jacob, con la finalidad de prestar adecuadamente el servicio solicitado, dar cumplimiento a los requisitos de facturación, contabilidad y auditoría de la compañía, realizar análisis estadísticos, verificar tarjetas de crédito y otras tarjetas de pago, así como realizar comunicaciones comerciales por correo electrónico sobre otros productos que se comercializan a través de la página web de La Escalera de Jacob y que La Escalera de Jacob considere que podrían ser del interés del usuario, por ser similares a los contratados. En caso de que el usuario no desee recibir comunicaciones comerciales por medios electrónicos puede dirigirse en cualquier momento a La Escalera de Jacob enviando un correo electrónico a la siguiente dirección info@laescaleradejacob.es. \\nIgualmente, para la necesaria prestación del servicio contratado, el usuario acepta que La Escalera de Jacob comunique sus datos de carácter personal al proveedor de los servicios que el usuario reserva (www.deteatros.com). Asimismo, en los casos en que no sea usted quien se deba beneficiar de la reserva efectuada, usted se compromete de forma expresa a obtener el consentimiento de aquellas terceras personas que deban beneficiarse de la misma, antes de comunicar sus datos a La Escalera de Jacob.\\nEl usuario responderá, en cualquier caso, de la veracidad de los datos facilitados y se responsabilizará de comunicar a La Escalera de Jacob cualquier modificación en los mismos, reservándose La Escalera de Jacob el derecho a excluir de los servicios registrados a todo usuario que haya facilitado datos falsos, sin perjuicio de las demás acciones que procedan en Derecho.\\n\\n5. Todos los contenidos, marcas, logos, dibujos etc. que figuran en la web de La Escalera de Jacob, se hallan protegidos por los derechos de propiedad intelectual e industrial que son expresamente reservados por La Escalera de Jacob, en su caso, por las personas o empresas que figuran como autores o titulares de los derechos. La violación de los anteriores derechos será perseguida de conformidad con la legislación vigente.\\nPor lo tanto, queda prohibida la reproducción, explotación, alteración, distribución o comunicación pública por cualquier título o medio de la totalidad de los contenidos de la página web de La Escalera de Jacob para usos diferentes de la legítima información o contratación por los usuarios de los servicios ofertados. En todo caso será necesario el consentimiento previo por escrito de La Escalera de Jacob.\\n\\n6. Los links o enlaces con otras páginas web que aparezcan en las páginas de La Escalera de Jacob se ofrecen a efectos meramente informativos al usuario, por lo que La Escalera de Jacob no se responsabiliza sobre los productos, servicios o contenidos que se oferten o suministren en las páginas de destino ubicados en otro dominio.\\n\\n7. Cookies: La Escalera de Jacob recogemos mediante el uso de cookies y utilizamos información de los usuarios para analizar su conducta al navegar en nuestra página web y de esta manera proporcionar nuestros servicios de manera más eficiente e introducir mejoras.\\nUna cookie es un pequeño archivo de datos que es transferido al disco duro de su ordenador. La Escalera de Jacob utiliza la tecnología de cookies para recopilar datos adicionales sobre el uso del sitio web. La navegación por la página web de La Escalera de Jacob implica consentir la instalación de las mismas (excepto en la medida en que el usuario haya modificado la configuración del navegador para rechazar cookies).\\nEnlaces: Con el fin de proveer una publicidad más adecuada a nuestros usuarios y mejorar nuestras ofertas, La Escalera de Jacob puede conservar información sobre cómo interactúas con enlaces que aparecen en nuestra página web o en nuestras notificaciones, redirigiendo clics o por otros medios.\\nCesión de información: Contratamos a proveedores de servicios para llevar a cabo la prestación de los servicios que ofrecemos en nuestra página web. Podemos compartir sus datos personales con dichos proveedores de servicios con arreglo a obligaciones de confidencialidad compatibles con esta Política de Protección de Datos, y a condición de que los terceros utilicen sus datos personales únicamente por nuestra cuenta y conforme a nuestras instrucciones.\\n\\n8. Si cualquier cláusula incluida en estas condiciones generales fuese declarada, total o parcialmente, nula o ineficaz, tal nulidad o ineficacia afectará tan sólo a dicha disposición o a la parte de la misma que resulte nula o ineficaz, subsistiendo las condiciones generales en todo lo demás, teniéndose tal disposición, o la parte de la misma que resultase afectada, por no puesta.\\n\\n9. El usuario acepta que la legislación aplicable al funcionamiento de este servicio es la española. Serán competentes para conocer de las divergencias que se deriven de la interpretación o aplicación de este clausulado los Jueces y Tribunales del domicilio del consumidor.\\nLos contenidos, productos y servicios incluidos en el sitio web son conformes a la legislación española, y no están concebidos ni dirigidos a aquellas personas que residan en jurisdicciones donde sus contenidos no se encuentren debidamente autorizados. Corresponde pues, a los usuarios de fuera de España el verificar la posibilidad de importar o utilizar los productos que nos soliciten.\\n\\n11. Los precios finales indicados en pantalla incluyen el I.V.A. y cualquier otro impuesto que fuera de aplicación al tipo vigente en el momento de la contratación.\\n\\n12. La Escalera de Jacob se reserva el derecho a revisar y modificar las presentes condiciones en cualquier momento. El usuario estará sujeto a las políticas y condiciones vigentes en el momento en que use la presente página web o efectúe cada pedido, salvo que por ley o decisión de organismos gubernamentales debamos hacer cambios con carácter retroactivo en dichas políticas o condiciones.\\n\\n13. Para cualquier sugerencia, consulta, queja o reclamación el usuario debe dirigirse a la dirección que consta en el encabezamiento.\\n\\n\\n\\n\\n\\nCondiciones para pedidos de pago en taquilla\\n\\nEn caso de recoger las entradas en la taquilla, es obligatorio traer el e-mail de confirmación de reserva para que se pueda comprobar su validez. En caso de que no sea posible imprimirlo, se deberá presentar en taquilla el DNI de la persona a cuyo nombre está hecha la reserva para poder validarla.\\nSi la persona que recoge las entradas no eres tú mismo, la persona que acuda finalmente al evento solamente deberá entregar el e-mail de confirmación de reserva en la taquilla del teatro.\\nEl usuario tiene la obligación de presentarse en la taquilla del local donde se vaya a realizar el evento dentro del horario especificado en la ficha de la reserva y en la confirmación del pedido, que es como mínimo 30 minutos antes del comienzo del espectáculo. En caso de no cumplir con este plazo, el local correspondiente no tendrá la obligación de guardar la reserva efectuada.\\nLa Escalera de Jacob no es responsable de las causas de fuerza mayor por las que un espectáculo pueda ser cancelado. Siempre que sea posible, La Escalera de Jacob avisará al cliente con suficiente antelación y dentro del horario de atención al público (de lunes a viernes de 9-18h) de cualquier cancelación o cambio de cualquier tipo (fecha, hora, lugar, etc.).\\nEl usuario, al realizar una reserva, se compromete a acudir al espectáculo solicitado. En el caso de que no pueda asistir al espectáculo, el usuario tendrá la obligación de cancelar su reserva. Para ello La Escalera de Jacob pone a su disposición esa funcionalidad en el mail de confirmación de reserva.\\nLa Escalera de Jacob informa a los usuarios de que en caso de que un usuario utilice incorrectamente el sistema de reservas, no recogiendo en taquilla las entradas reservadas, La Escalera de Jacob podrá restringir el uso de sus servicios pidiendo al usuario que introduzca los datos de su tarjeta de crédito. En caso de que aun así la reserva no fuera recogida y pagada en taquilla, La Escalera de Jacob procedería al cargo total de la reserva en la tarjeta de crédito.\\nLa Escalera de Jacob no se hace responsable de que el cliente no reciba el email de confirmación de pedido por no haber puesto la dirección de correo electrónico correctamente.\"}',NULL);
/*!40000 ALTER TABLE `condicion` ENABLE KEYS */;
UNLOCK TABLES;

--
-- Table structure for table `condicion_categoria`
--

DROP TABLE IF EXISTS `condicion_categoria`;
/*!40101 SET @saved_cs_client     = @@character_set_client */;
/*!40101 SET character_set_client = utf8 */;
CREATE TABLE `condicion_categoria` (
  `id` int(11) NOT NULL AUTO_INCREMENT,
  `nombre` text,
  PRIMARY KEY (`id`)
) ENGINE=InnoDB DEFAULT CHARSET=latin1;
/*!40101 SET character_set_client = @saved_cs_client */;

--
-- Dumping data for table `condicion_categoria`
--

LOCK TABLES `condicion_categoria` WRITE;
/*!40000 ALTER TABLE `condicion_categoria` DISABLE KEYS */;
/*!40000 ALTER TABLE `condicion_categoria` ENABLE KEYS */;
UNLOCK TABLES;

--
-- Table structure for table `configuracion`
--

DROP TABLE IF EXISTS `configuracion`;
/*!40101 SET @saved_cs_client     = @@character_set_client */;
/*!40101 SET character_set_client = utf8 */;
CREATE TABLE `configuracion` (
  `id` int(11) NOT NULL AUTO_INCREMENT,
  `descuento_booking` double DEFAULT NULL,
  `tipo_descuento_booking` varchar(50) DEFAULT NULL,
  `comparacion_booking` tinyint(1) DEFAULT NULL,
  `sincronizacion_vika` tinyint(1) DEFAULT NULL,
  `cupon_promocional` tinyint(1) DEFAULT NULL,
  `atencion_personalizada` tinyint(1) DEFAULT NULL,
  `pago_flexible` tinyint(1) DEFAULT NULL,
  `vika_email` varchar(200) DEFAULT NULL,
  `vika_password` varchar(200) DEFAULT NULL,
  `vika_canal` int(11) DEFAULT NULL,
  `vika_empresa` int(11) DEFAULT NULL,
  PRIMARY KEY (`id`)
) ENGINE=InnoDB AUTO_INCREMENT=4 DEFAULT CHARSET=latin1;
/*!40101 SET character_set_client = @saved_cs_client */;

--
-- Dumping data for table `configuracion`
--

LOCK TABLES `configuracion` WRITE;
/*!40000 ALTER TABLE `configuracion` DISABLE KEYS */;
INSERT INTO `configuracion` VALUES (1,2,'€',1,1,1,1,1,'admin@vikahotel.com','admin',3,9),(2,0,'',0,1,0,0,0,'admin@vikahotel.com','admin',3,9),(3,0,'',0,0,0,0,0,'','',NULL,NULL);
/*!40000 ALTER TABLE `configuracion` ENABLE KEYS */;
UNLOCK TABLES;

--
-- Table structure for table `direccion`
--

DROP TABLE IF EXISTS `direccion`;
/*!40101 SET @saved_cs_client     = @@character_set_client */;
/*!40101 SET character_set_client = utf8 */;
CREATE TABLE `direccion` (
  `id` int(11) NOT NULL AUTO_INCREMENT,
  `descripcion` text,
  `lat` double DEFAULT NULL,
  `lon` double DEFAULT NULL,
  `calle` varchar(100) DEFAULT NULL,
  `codigo_postal` varchar(6) DEFAULT NULL,
  PRIMARY KEY (`id`)
) ENGINE=InnoDB AUTO_INCREMENT=27 DEFAULT CHARSET=latin1;
/*!40101 SET character_set_client = @saved_cs_client */;

--
-- Dumping data for table `direccion`
--

LOCK TABLES `direccion` WRITE;
/*!40000 ALTER TABLE `direccion` DISABLE KEYS */;
INSERT INTO `direccion` VALUES (1,'Calle Fuerteventura, 1, Antigua, España',28.416427599999995,-14.011860292590313,'','35660'),(3,'Oficina de Correos, 35660 Corralejo (fuerteventura), Las Palmas, España',28.72962911348372,-13.867921829223633,'',''),(4,'Plaza E Anex Calet Fust Oest, 35610 Antigua, Las Palmas, España',28.395713623663525,-13.868493139743805,'',''),(5,'Urbanización Corralejo Pl U, 35660 Corralejo, Las Palmas, España',28.7262327371749,-13.85949432849884,'',''),(9,'Calle Tarabilla, 35660 La Oliva, Las Palmas, España',28.707894162515924,-13.876161575317383,'',''),(17,'Avenida Octavio Augusto, 25, 11130 Chiclana de la Frontera, Cádiz, España',36.35366364985244,-6.169048547744751,'',''),(18,'Milán, Italia',45.46738045268554,9.181022835937483,'',''),(19,'Via Tommaso Grossi, 2, 20121 Milán, Italia',45.4656296756414,9.188886992633343,'',''),(21,'Calle el Pulpo, 2, 35660 Corralejo, Las Palmas, España',28.743124149775173,-13.864885568618774,'',''),(22,'Calle las Dunas, 2, 35660 Corralejo, Las Palmas, España',28.72967732994297,-13.85889619588852,'',''),(23,'Calle la Atalaya, 3, 35508 Teguise, Las Palmas, España',29.01103964221965,-13.48883181810379,'',''),(24,'Calle la Atalaya, 22, 35508 Teguise, Las Palmas, España',29.0084538181757,-13.486211606884808,'','');
/*!40000 ALTER TABLE `direccion` ENABLE KEYS */;
UNLOCK TABLES;

--
-- Table structure for table `empresa`
--

DROP TABLE IF EXISTS `empresa`;
/*!40101 SET @saved_cs_client     = @@character_set_client */;
/*!40101 SET character_set_client = utf8 */;
CREATE TABLE `empresa` (
  `id` int(11) NOT NULL AUTO_INCREMENT,
  `nombre_comercial` varchar(200) DEFAULT NULL,
  `nombre_fiscal` varchar(200) DEFAULT NULL,
  `numero_fiscal` varchar(50) DEFAULT NULL,
  `telefono_reservas` text,
  `email_reservas` text,
  `direccion_id` int(11) NOT NULL,
  `contacto_nombre` varchar(200) DEFAULT NULL,
  `contacto_apellidos` varchar(200) DEFAULT NULL,
  `contacto_email` varchar(200) DEFAULT NULL,
  `destino_turistico` text,
  PRIMARY KEY (`id`),
  KEY `fk_empresa_direccion1_idx` (`direccion_id`),
  CONSTRAINT `fk_empresa_direccion1` FOREIGN KEY (`direccion_id`) REFERENCES `direccion` (`id`) ON DELETE NO ACTION ON UPDATE NO ACTION
) ENGINE=InnoDB AUTO_INCREMENT=6 DEFAULT CHARSET=latin1;
/*!40101 SET character_set_client = @saved_cs_client */;

--
-- Dumping data for table `empresa`
--

LOCK TABLES `empresa` WRITE;
/*!40000 ALTER TABLE `empresa` DISABLE KEYS */;
INSERT INTO `empresa` VALUES (1,'Vika Hotel','Booking DeTeatros S.L.','B76153725','(0034) 928 34 52 89','matias.barbarroja@gmail.com',1,'Loly','Torres','matias.barbarroja@gmail.com','Fuerteventura, La Oliva, Corralejo'),(2,'Claudio Booking','Claudio Booking Milano S.A.','73567657654745','+35 958 458 741','claudio.delia@teatrotickets.it',18,'Claudio ','D´Lia','claudio.delia@teatrotickets.it','Milano'),(3,'Hotel Beatriz Costa & Spa**** ','Hotel Beatriz Costa & Spa**** ','B67776654','0034 928 59 08 28','matias.barbarroja@gmail.com',24,'Hotel Beatriz Costa & Spa**** ','NA','matias.barbarroja@gmail.com','Lanzarote');
/*!40000 ALTER TABLE `empresa` ENABLE KEYS */;
UNLOCK TABLES;

--
-- Table structure for table `hotel`
--

DROP TABLE IF EXISTS `hotel`;
/*!40101 SET @saved_cs_client     = @@character_set_client */;
/*!40101 SET character_set_client = utf8 */;
CREATE TABLE `hotel` (
  `id` int(11) NOT NULL AUTO_INCREMENT,
  `nombre` text,
  `descripcion_corta` text,
  `descripcion_larga` text CHARACTER SET utf8 COLLATE utf8_unicode_ci,
  `visitas` int(11) DEFAULT NULL,
  `estado` varchar(45) DEFAULT NULL,
  `capacidad` int(11) DEFAULT NULL,
  `tiempo_creacion` timestamp NULL DEFAULT NULL,
  `ultima_modificacion` timestamp NULL DEFAULT NULL,
  `url` text,
  `calidad` double DEFAULT NULL,
  `empresa_id` int(11) DEFAULT NULL,
  `configuracion_id` int(11) DEFAULT NULL,
  `trip_advisor` text,
  `background_color` varchar(50) DEFAULT NULL,
  `estancia_minima` int(11) DEFAULT NULL,
  `venta_anticipada` int(11) DEFAULT NULL,
  `logo_id` int(11) DEFAULT NULL,
  PRIMARY KEY (`id`),
  KEY `fk_hotel_empresa1_idx` (`empresa_id`),
  KEY `fk_hotel_configuracion1` (`configuracion_id`),
  KEY `fk_hotel_logo1` (`logo_id`),
  CONSTRAINT `fk_hotel_configuracion1` FOREIGN KEY (`configuracion_id`) REFERENCES `configuracion` (`id`) ON DELETE NO ACTION ON UPDATE NO ACTION,
  CONSTRAINT `fk_hotel_empresa1` FOREIGN KEY (`empresa_id`) REFERENCES `empresa` (`id`) ON DELETE NO ACTION ON UPDATE NO ACTION,
  CONSTRAINT `fk_hotel_logo1` FOREIGN KEY (`logo_id`) REFERENCES `archivo` (`id`) ON DELETE NO ACTION ON UPDATE NO ACTION
) ENGINE=InnoDB AUTO_INCREMENT=15 DEFAULT CHARSET=latin1;
/*!40101 SET character_set_client = @saved_cs_client */;

--
-- Dumping data for table `hotel`
--

LOCK TABLES `hotel` WRITE;
/*!40000 ALTER TABLE `hotel` DISABLE KEYS */;
INSERT INTO `hotel` VALUES (3,'{\"es\":\"Oasis Duna\",\"en\":\"Oasis Duna\",\"de\":\"Oasis Duna\",\"fr\":\"Oasis Duna\",\"it\":\"Oasis Duna\",\"ru\":\"Oasis Duna\",\"pt\":\"Oasis Duna\"}','{\"es\":\"\",\"ru\":\"\",\"ja\":\"\",\"pt\":\"\",\"fr\":\"\",\"en\":\"\"}','{\"es\":\"<p>El Oasis Duna est&aacute; situado en Fuerteventura, a 100 metros del puerto de Corralejo, y ofrece un amplio sol&aacute;rium y una piscina al aire libre (climatizada en invierno), as&iacute; como apartamentos con balc&oacute;n privado.</p>\\n\\n<p>Los apartamentos del Oasis Duna son amplios y disponen de un sal&oacute;n con TV de pago y una zona de cocina bien equipada, con fogones, microondas y hervidor de agua. Tambi&eacute;n hay conexi&oacute;n Wi-Fi disponible por un suplemento.</p>\\n\\n<p>Los apartamentos del Oasis Duna est&aacute;n rodeados de jardines tropicales y cuentan con pistas de tenis, un gimnasio, una pista de baloncesto y un parque infantil.</p>\\n\\n<p>Adem&aacute;s, el Oasis Duna alberga un restaurante buf&eacute;, una pizzer&iacute;a a la carta, un bar junto a la piscina y un pub, el Boulevard, que ofrece un programa de animaci&oacute;n por las noches.</p>\\n\\n<p>El complejo Oasis Duna se encuentra a solo 200 metros del parque acu&aacute;tico de Corralejo, a 900 metros de la playa y a 5 minutos a pie del puerto, desde donde zarpan barcos con destino a la cercana isla de Lobos con frecuencia. Adem&aacute;s, hay aparcamiento gratuito.</p>\\n\",\"en\":\"<p>Set 100 metres from Fuerteventura’s Corralejo Harbour, Oasis Duna has a large sun terrace and an outdoor swimming pool, heated in winter. It offers apartments with private balconies.</p>\\n<p>Each spacious Oasis Duna apartment features a lounge with pay TV and a well-equipped kitchen area, including a hob, microwave and kettle. Wi-Fi is available for an extra cost.</p>\\n<p>Surrounded by tropical gardens, the Oasis Duna Apartments have tennis courts, a gym and basketball court. There is also a children\'s play area.</p>\\n<p>Guests at the Oasis Duna can enjoy meals in the buffet restaurant, à la carte pizzeria or poolside bar. The Boulevard pub offers an evening entertainment programme.</p>\\n<p>The Oasis Duna complex is only 200 metres from Corralejo Water Park and 900 metres from Corralejo Beach. Boats to nearby Lobos Island leave regularly from the harbour, just a 5-minute walk away. The complex offers free on-site parking.</p>\",\"de\":\"<p>Das Oasis Duna ist nur 100 m vom Hafen von Corralejo auf Fuerteventura entfernt und bietet Ihnen eine große Sonnenterrasse und einen Außenpool, der im Winter beheizt wird. Die Apartments besitzen einen eigenen Balkon.</p>\\n<p>Jedes der geräumigen Apartments im Oasis Duna verfügt über einen Wohnbereich mit Pay-TV und einen gut ausgestatteten Küchenbereich mit einem Kochfeld, einer Mikrowelle und einem Wasserkocher. Das WLAN nutzen Sie gegen einen Aufpreis.</p>\\n<p>Die Oasis Duna Apartments sind von tropischen Gärten umgeben und bieten Tennisplätze, einen Fitnessraum sowie einen Basketballplatz. Auch ein Kinderspielbereich steht zu Ihrer Verfügung.</p>\\n<p>Als Gast im Oasis Duna können Sie Ihre Mahlzeiten im Buffetrestaurant, in der À-la-carte-Pizzeria oder an der Poolbar genießen. Der Pub Boulevard bietet abends ein Unterhaltungsprogramm.</p>\\n<p>Vom Komplex Oasis Duna aus gelangen Sie schon nach 200 m zum Wasserpark Corralejo und nach 900 m an den Strand von Corralejo. Boote zur nahe gelegenen Insel Lobos mit regelmäßigen Fahrzeiten legen vom Hafen ab, der nur 5 Gehminuten entfernt ist. Der Komplex bietet kostenfreies Parken an der Unterkunft.</p>\",\"fr\":\"<p>Situé à Fuerteventura, à 100 mètres du port de Corralejo, l\'établissement Oasis Duna est doté d\'une piscine extérieure chauffée en hiver et d\'une grande terrasse bien exposée. Il abrite des appartements avec un balcon privé.</p>\\n<p>Tous les appartements spacieux comprennent un salon pourvu d\'une télévision avec chaînes à la carte, ainsi qu\'un coin cuisine bien équipé pourvu d\'une plaque de cuisson, d\'un four micro-ondes et d\'une bouilloire. Une connexion Wi-Fi est disponible moyennant de frais supplémentaires.</p>\\n<p>Entouré de jardins tropicaux, l\'Oasis Duna possède des courts de tennis, une salle de sport, un terrain de basket-ball ainsi qu\'une aire de jeux pour enfants.</p>\\n<p>Lors de votre séjour, vous pourrez prendre vos repas au restaurant buffet, à la pizzeria à la carte ou au bar de la piscine. Le pub Boulevard propose quant à lui un programme d\'animations en soirée.</p>\\n<p>Le complexe Oasis Duna se trouve à seulement 200 mètres du parc aquatique de Corralejo et à 900 mètres de sa plage. Des bateaux à destination de l\'île de Lobos, située à proximité, partent régulièrement du port qui est accessible en seulement 5 minutes à pied. En outre, le parking sur place est gratuit.</p>\",\"it\":\"<p>A 100 metri dal Porto di Corralejo, a Fuerteventura, l\'Oasis Dunas vanta un\'ampia terrazza solarium, una piscina all\'aperto riscaldata in inverno e appartamenti con balcone privato.</p>\\n<p>Gli spaziosi alloggi dell\'Oasis Duna presentano un salotto con pay TV e una zona cucina ben accessoriata, completa di piano cottura, forno a microonde e bollitore. La connessione Wi-Fi è disponibile a pagamento.</p>\\n<p>Circondato da giardini tropicali, l\'Oasis Duna Apartments offre inoltre campi da tennis, una palestra, una campo da basket e un\'area giochi per bambini.</p>\\n<p>All\'Oasis Duna potrete gustare i vostri pasti nel ristorante a buffet, nella pizzeria alla carta o nel bar a bordo piscina. Il pub Boulevard propone poi un programma di intrattenimento serale.</p>\\n<p>Il complesso Oasis Duna dista soli 200 metri dal Parco Acquatico di Corralejo, 900 metri dalla spiaggia cittadina e appena 5 minuti a piedi dal porto, da dove partono regolarmente barche dirette alla vicina Isola di Lobos. La proprietà include anche un parcheggio in loco gratuito.</p>\",\"ru\":\"<p>Комплекс апартаментов Oasis Duna расположен в 100 метрах от гавани Корралехо на острове Фуэртевентура. К вашим услугам просторная солнечная терраса и открытый бассейн, который подогревается в зимнее время. Гостям предлагаются апартаменты с собственным балконом.</p>\\n<p>Во всех просторных апартаментах комплекса Oasis Duna есть гостиная с платным телевидением и хорошо оборудованная кухонная зона с плитой, микроволновой печью и чайником. Wi-Fi предоставляется за дополнительную плату.</p>\\n<p>В комплексе апартаментов Oasis Duna, окруженном тропическими садами, в вашем распоряжении теннисные корты, тренажерный зал и баскетбольная площадка. Для детей обустроена игровая зона.</p>\\n<p>Гости комплекса Oasis Duna могут посетить ресторан, работающий по системе шведский стол, пиццерию с обслуживанием по меню и бар у бассейна. В баре Boulevard проводится вечерняя развлекательная программа.</p>\\n<p>Комплекс Oasis Duna находится всего в 200 метрах от аквапарка и в 900 метрах от пляжа Корралехо. До гавани, откуда регулярно отправляется водный транспорт на остров Лобос, можно дойти за 5 минут. Гостям предлагается бесплатная парковка на территории комплекса.</p>\",\"pt\":\"<p>O Oasis Duna está situado a 100 metros do Porto de Correlejo, em Fuerteventura, e disponibiliza um amplo terraço para banhos de sol e uma piscina exterior aquecida no Inverno. Oferece apartamentos com varandas privadas.</p>\\n<p>Cada espaçoso apartamento do Oasis Duna inclui um salão com pay-TV e uma área de cozinha bem equipada com uma placa de fogão, micro-ondas e chaleira. O acesso Wi-Fi está disponível por um custo adicional.</p>\\n<p>Rodeado por jardins tropicais, o Oasis Duna Apartments tem campos de ténis, um ginásio e campo de basquetebol. Também existe uma área de brincar para crianças.</p>\\n<p>Os hóspedes do Oasis Duna podem desfrutar de refeições no restaurante de estilo buffet, na pizzaria à carta ou no bar de apoio à piscina. O Pub Boulevard dispõe de um programa de entretenimento nocturno.</p>\\n<p>O Complexo Oasis Dunas fica apenas a 200 metros do Parque Aquático de Correlejo e a 900 metros da Praia de Corralejo. Barcos com ligação para a Ilha de Lobos, nas proximidades, partem regularmente do porto que localiza-se apenas a 5 minutos a pé. O complexo fornece estacionamento gratuito no local.</p>\"}',0,'activo',NULL,'2013-11-27 07:58:29','0000-00-00 00:00:00','http://www.booking.com/hotel/es/oasis-duna-corralejo-fuerteventura.es.html',3,1,1,'<div id=\"TA_selfserveprop906\" class=\"TA_selfserveprop\">\r\n<ul id=\"TFEoy8Z3HzQS\" class=\"TA_links mgewsNjZeGY\">\r\n<li id=\"XiaiGPaJ600\" class=\"yOtebqGKAl\">888 opiniones sobre <a target=\"_blank\" href=\"http://www.tripadvisor.es/Hotel_Review-g580322-d287970-Reviews-Oasis_Duna_Hotel-Corralejo_La_Oliva_Fuerteventura_Canary_Islands.html\">Oasis Duna Hotel</a> en Corralejo</li>\r\n</ul>\r\n</div>\r\n<script src=\"http://www.jscache.com/wejs?wtype=selfserveprop&uniq=906&locationId=287970&lang=es&rating=true&nreviews=5&writereviewlink=true&popIdx=true&iswide=false&border=false\"></script>','49828c',1,1,NULL),(4,'{\"es\":\"Villas Alicia\",\"en\":\"Villas Alicia\",\"de\":\"Villas Alicia\",\"fr\":\"Villas Alicia\",\"it\":\"Villas Alicia\",\"ru\":\"Villas Alicia\",\"pt\":\"Villas Alicia\"}','{\"es\":\"\",\"ru\":\"\"}','{\"es\":\"<p>El establecimiento Villas Alicia est&aacute; situado en Caletas de Fuste, cerca del campo de golf de Fuerteventura. Ofrece villas modernas y elegantes equipadas con una piscina y un jard&iacute;n privados, conexi&oacute;n Wi-Fi gratuita y una TV de pantalla plana.</p>\\n\\n<p>Las luminosas villas del Villas Alicia cuentan con un dormitorio con una cama doble y un dormitorio con 2 camas individuales con vistas al jard&iacute;n. Disponen adem&aacute;s de una amplia sala de estar y comedor con un reproductor de DVD y un sof&aacute; grande.</p>\\n\\n<p>La cocina cuenta con fogones, microondas, cafetera, lavavajillas y lavadora. El jard&iacute;n privado incluye un sol&aacute;rium con una barbacoa y una piscina y ofrece vistas al oc&eacute;ano Atl&aacute;ntico.</p>\\n\\n<p>Este moderno complejo de villas est&aacute; a solo 600 metros de la playa y a 8 km del aeropuerto de Fuerteventura. En Caleta de Fuste hay varios cines y un casino.</p>\\n\",\"en\":\"<p>Villas Alicia is located in Caletas de Fuste, next to Fuerteventura Golf Course. It offers stylish, modern villas with a private pool and garden, free Wi-Fi and a flat-screen TV.</p>\\n<p>The bright villas at Villas Alicia have a double bedroom and a twin bedroom, both with garden views. There is a spacious lounge-diner with a DVD player and a large sofa.</p>\\n<p>The kitchen includes a hob, microwave and coffee maker, as well as a washing machine and dishwasher. The private garden has a sun terrace with a barbecue pool and views of the Atlantic Ocean.</p>\\n<p>This modern villa complex is just 600 metres from the beach, and there are various cinemas and a casino in Caleta de Fuste. Fuerteventura Airport is 8 km away.</p>\",\"de\":\"<p>Die Villas Alicia erwarten Sie in Caletas de Fuste, direkt neben dem Golfplatz Fuerteventura. Freuen Sie sich auf stilvolle, moderne Villen mit einem eigenen Pool und Garten, kostenfreiem WLAN und einem Flachbild-TV.</p>\\n<p>Die hellen Villen der Villas Alicia bieten ein Schlafzimmer mit 1 Doppelbett und ein Schlafzimmer mit 2 Einzelbetten, beide mit Gartenblick. Zur Ausstattung gehören auch ein geräumiger Wohn- und Essbereich mit einem DVD-Player und einem großen Sofa.</p>\\n<p>Die Küche ist mit einem Kochfeld, einer Mikrowelle und einer Kaffeemaschine ausgestattet. Eine Waschmaschine und eine Spülmaschine sind ebenfalls vorhanden. Der eigene Garten besticht durch eine Sonnenterrasse mit einem Pool und einem Grill sowie Blick auf den Atlantischen Ozean.</p>\\n<p>Dieser moderne Villen-Komplex liegt nur 600 m vom Strand entfernt. Der Ort Caleta de Fuste lockt mit verschiedenen Kinos und einem Casino. Vom Flughafen Fuerteventura trennen Sie 8 km.</p>\",\"fr\":\"<p>L\'établissement Villas Alicia se situe à Caleta de Fuste, à proximité du parcours de golf de Fuerteventura. Il propose des villas modernes et élégantes avec piscine privée et jardin, une connexion Wi-Fi gratuite et une télévision à écran plat.</p>\\n<p>Les villas lumineuses sont dotées d\'une chambre double et d\'une chambre lits jumeaux, toutes deux avec vue sur le jardin. Elles comprennent également un grand salon/salle à manger avec un lecteur DVD et un grand canapé.</p>\\n<p>La cuisine est équipée de plaques de cuisson, d\'un four micro-ondes, d\'une cafetière, d\'un lave-linge et d\'un lave-vaisselle. Le jardin privé est agrémenté d\'une terrasse bien exposée avec barbecue et offre une vue sur l\'océan Atlantique.</p>\\n<p>Ce complexe moderne se trouve à 600 mètres de la plage. Vous trouverez plusieurs cinémas et un casino à Caleta de Fuste. L\'aéroport de Fuerteventura est situé à 8 km de l\'établissement.</p>\",\"it\":\"<p>Il complesso Villas Alicia vi attende a Caletas de Fuste, nei pressi del campo da golf di Fuerteventura, e vanta ville moderne ed eleganti con piscina e giardino privati, connessione internet Wi-Fi gratuita e TV a schermo piatto.</p>\\n<p>Gli alloggi del Villas Alicia presentano una camera matrimoniale e una camera doppia con letti singoli, entrambe con vista sul giardino. Dispongono inoltre di una spaziosa area soggiorno-pranzo con lettore DVD e ampio divano.</p>\\n<p>La cucina include un piano cottura, un forno a microonde, una macchina del caffè, una lavastoviglie e una lavatrice. Il giardino terrazzato privato è completo di piscina, attrezzature per il barbecue e vista sull\'Oceano Atlantico.</p>\\n<p>Questo moderno complesso di ville sorge nei pressi dei vari cinema e casinò di Caleta de Fuste, a soli 600 metri dalla costa e a 8 km dall\'Aeroporto di Fuerteventura.</p>\",\"ru\":\"<p>Виллы Alicia находятся в городе Калета-де-Фусте, рядом с полем для гольфа Fuerteventura. Гостям предлагаются стильные и современные виллы с собственным бассейном, садом, телевизором с плоским экраном и бесплатным Wi-Fi.</p>\\n<p>Яркие виллы Alicia располагают спальней с 1 двуспальной кроватью и спальней с 2 отдельными кроватями. Из окон обеих спален открывается вид на сад. Помимо этого, имеется просторная гостиная с обеденной зоной, DVD-плеером и большим диваном.</p>\\n<p>Кухня оснащена электроплитой, микроволновой печью, кофеваркой, а также стиральной и посудомоечной машинами. Собственный сад располагает солнечной террасой с барбекю и бассейном, откуда открывается вид на Атлантический океан.</p>\\n<p>Этот современный комплекс вилл находится всего в 600 метрах от пляжа. Помимо этого, в Калета-де-Фусте гости могут посетить различные кинотеатры и казино. Расстояние до аэропорта Фуэртевентура составляет 8 км.</p>\",\"pt\":\"<p>Villas Alicia is located in Caletas de Fuste, next to Fuerteventura Golf Course. It offers stylish, modern villas with a private pool and garden, free Wi-Fi and a flat-screen TV.</p>\\n<p>The bright villas at Villas Alicia have a double bedroom and a twin bedroom, both with garden views. There is a spacious lounge-diner with a DVD player and a large sofa.</p>\\n<p>The kitchen includes a hob, microwave and coffee maker, as well as a washing machine and dishwasher. The private garden has a sun terrace with a barbecue pool and views of the Atlantic Ocean.</p>\\n<p>This modern villa complex is just 600 metres from the beach, and there are various cinemas and a casino in Caleta de Fuste. Fuerteventura Airport is 8 km away.</p>\"}',0,'activo',NULL,'2013-11-27 15:33:41','0000-00-00 00:00:00','http://www.booking.com/hotel/es/villas-alicia.es.html',0,1,1,'','c9aa9e',3,2,NULL),(5,'{\"es\":\"Hotel Arena\",\"en\":\"Hotel Arena\",\"de\":\"Hotel Arena\",\"fr\":\"Hotel Arena\",\"it\":\"Hotel Arena\",\"ru\":\"Hotel Arena\",\"cs\":\"Hotel Arena\",\"pt\":\"Hotel Arena\"}','{\"es\":\"\"}','{\"es\":\"<p>Situado en el coraz&oacute;n de Corralejo, al norte de Fuenteventura, el Hotel Arena dispone de sauna, centro de fitness y una amplia piscina perfecta para relajarse bajo el sol.</p>\\n\\n<p>Disfrute de un relajante descanso en este pintoresco hotel, cuyas habitaciones disponen de aire acondicionado completo, y tienen un balc&oacute;n donde podr&aacute; disfrutar del sol.</p>\\n\\n<p>Disfrute de un paseo de unos 500 metros hasta las preciosas playas de esta isla tropical. El Hotel Arena goza de una excelente ubicaci&oacute;n para visitar los caf&eacute;s, bares y restaurantes.</p>\\n\\n<p>Tambi&eacute;n podr&aacute; saborear una sangr&iacute;a en su hamaca, alrededor de la preciosa piscina del hotel. Tambi&eacute;n hay una piscina m&aacute;s peque&ntilde;a, para ni&ntilde;os.</p>\\n\\n<p>Saboree la deliciosa comida en el restaurante del hotel. El Arena tambi&eacute;n ofrece servicios convenientes como cambio de divisas y alquiler de coches.</p>\\n\\n<p>Podr&aacute; utilizar el mostrador tur&iacute;stico y la recepci&oacute;n las 24 horas, para planear sus excursiones alrededor de la isla.</p>\\n\",\"en\":\"<p>Set in the heart of Corralejo, in northern Fuenteventura, the hotel Arena has a sauna, fitness center and large outdoor swimming pool – perfect for a relaxing vacation in the sun.</p>\\n<p>Have a relaxing break at this quaint hotel, whose rooms are fully air-conditioned and have a balcony where you can enjoy the sun.</p>\\n<p>Take the 550 yard walk down to this tropical island’s beautiful beaches. The hotel Arena is well-placed to make the most of the resort’s cafes, bars and restaurants.</p>\\n<p>You can also enjoy sipping sangria on a lounge chair around the hotel’s lovely swimming pool. There is also a smaller pool for kids.</p>\\n<p>Savor great food at the hotel’s restaurant. The Arena also offers convenient services such as on-site currency exchange and car rental.</p>\\n<p>You can use the tour desk and 24-hour reception to plan day trips around the island.</p>\",\"de\":\"<p>Das Hotel Arena liegt im Herzen von Corralejo in Fuenteventuras Norden und erwartet Sie mit einer Sauna, einem Fitnesscenter sowie einem großen Außenpool - perfekt für ein erholsames Sonnenbad.</p>\\n<p>Genießen Sie einen erholsamen Aufenthalt in diesem hübschen Hotel, dessen klimatisierte Zimmer einen Balkon besitzen, von dem aus Sie die Sonne genießen können.</p>\\n<p>Schlendern Sie die 500 Meter hinunter zu den traumhaften Stränden dieser tropischen Insel. Das Hotel Arena befindet sich in ausgezeichneter Lage unweit vieler Cafés, Bars und Restaurants des Resorts.</p>\\n<p>Gönnen Sie sich doch einen Sangria auf einer der Sonnenliegen rund um den schönen Pool des Hotels. Es gibt auch einen kleineren Pool für Kinder.</p>\\n<p>Das hoteleigene Restaurant verwöhnt Sie mit kulinarischen Köstlichkeiten. Das Arena bietet auch praktische Dienste wie Geldwechsel im Hotel sowie eine Autovermietung.</p>\\n<p>Bei der Planung von Tagesausflügen rund um die Insel sind Ihnen der Tourenschalter und die 24-Stunden-Rezeption gerne behilflich.</p>\",\"fr\":\"<p>Situé au cœur de Corralejo, au nord de Fuenteventura, l\'hôtel Arena dispose d\'un sauna, d\'un centre de remise en forme et d\'une grande piscine extérieure, l\'endroit idéal pour se détendre au soleil.</p>\\n<p>Relaxez-vous dans cet hôtel pittoresque, dont les chambres sont entièrement climatisées et disposent d\'un balcon où vous pouvez profiter du soleil.</p>\\n<p>Vous pourrez faire à pied les 500 mètres de sentier qui descend vers les belles plages de cette île tropicale. L\'hôtel Arena bénéficie d\'un bon emplacement pour profiter au maximum des cafés, des bars et des restaurants de la station.</p>\\n<p>Vous pouvez également siroter une sangria sur une chaise longue près de la belle piscine de l\'hôtel. Une petite piscine pour les enfants est également disponible.</p>\\n<p>Savourez de bons plats au restaurant de l\'hôtel. L\'Arena propose également des services pratiques comme un service de change et de location de voiture sur place.</p>\\n<p>Vous pouvez utiliser le bureau d\'excursion et la réception ouverte 24h/24 pour planifier vos excursions dans l\'île.</p>\",\"it\":\"<p>Situato nel cuore di Corralejo, nella zona settentrionale di Fuenteventura, l\'Hotel Arena vanta una sauna, un centro fitness e un\'ampia piscina all\'aperto, ideale per crogiolarsi al sole.</p>\\n<p>Questa struttura pittoresca dispone di camere interamente climatizzate e provviste di balcone soleggiato.</p>\\n<p>L\'Hotel Arena dista soli 500 metri dalle splendide spiagge di questa isola tropicale. Gode inoltre di una posizione perfetta per raggiungere le caffetterie, i bar e i ristoranti di Corralejo.</p>\\n<p>Non vi è niente di meglio che sorseggiare una rinfrescante sangria sui lettini che attorniano la piscina dell\'albergo. Vi è anche una piscina più piccola per i bambini.</p>\\n<p>Il ristorante dell\'albergo propone una cucina eccellente. L\'Arena presenta utili servizi quali il cambio valuta e l\'autonoleggio.</p>\\n<p>A vostra disposizione anche un banco escursioni e una reception aperta 24 ore su 24, dove è possibile organizzare gite giornaliere sull\'isola.</p>\",\"ru\":\"<p>Расположенный в сердце Корралехо, в северной части Фуэртевентуры отель Arena имеет сауну, фитнес-центр и большой открытый бассейн, являясь идеальной базой для беззаботного отдыха на солнце.</p>\\n<p>Вас ждет расслабленный отдых в этом причудливом отеле. Номера оборудованы кондиционерами и балконами, где можно насладиться солнцем.</p>\\n<p>Пройдите 500 метров до красивых пляжей этого тропического острова. Отель Arena находится вблизи множества кафе, баров и ресторанов курорта.</p>\\n<p>Вы можете также отдохнуть, потягивая сангрию на шезлонге у прекрасного бассейна отеля. Есть небольшой бассейн для малышей.</p>\\n<p>Насладитесь вкусной едой в ресторане отеля. Отель Arena также предлагает удобные услуги, такие как обмен валюты, аренду автомобиля.</p>\\n<p>Вы можете воспользоваться экскурсионным бюро и запланировать однодневные экскурсии по острову на круглосуточной стойке регистрации.</p>\",\"cs\":\"<p>Hotel Arena se nachází v srdci letoviska Corajelo, na severu oblasti Fuenteventura. K dispozici je tu sauna, fitness centrum a velký venkovní bazén, jako stvořený pro relaxaci a opalování.</p>\\n<p>Čeká tu na vás odpočinková dovolená v klimatizovaných pokojích s balkonem, kde se také můžete opalovat.</p>\\n<p>Po půlkilometrové procházce vás uvítají překrásné pláže tohoto tropického ostrova. Hotel Arena je výhodně položen, v blízkosti mnoha kaváren a restaurací.</p>\\n<p>U hotelového bazénu si na lehátku vychutnejte sklenku sangrie. Je tu také menší bazén pro děti.</p>\\n<p>V restauraci hotelu Arena si pochutnáte na výborném jídle. Využít můžete služeb směnárny nebo půjčovny aut.</p>\\n<p>Turistické informace a recepce otevřená 24 hodin denně jsou také k dispozici a pomohou vám tu naplánovat výlety po celém ostrově.</p>\",\"pt\":\"<p>O Hotel Arena está situado no centro de Corralejo, no norte de Fuenteventura, dispõe de sauna, centro de fitness e piscina exterior, sendo perfeito para uma pausa relaxante ao sol.</p>\\n<p>Faça uma pausa relaxante neste acolhedor hotel, cujos quartos estão equipados com ar condicionado e uma varanda onde pode desfrutar do sol.</p>\\n<p>Faça um passeio a pé de 500 metros até às belas praias desta ilha tropical. O Hotel Arena está bem posicionado para tirar o máximo proveito dos cafés, bares e restaurantes desta estância.</p>\\n<p>Também poderá saborear uma sangria enquanto relaxa numa espreguiçadeira junto da encantadora piscina do hotel. Existe também uma pequena piscina para crianças.</p>\\n<p>Saboreie excelente culinária no restaurante do hotel. O Arena também conta com convenientes serviços, como câmbio e aluguer de automóveis.</p>\\n<p>Poderá fazer uso do balcão de turismo e da recepção 24 horas para organizar passeios diários pela ilha.</p>\"}',0,'activo',NULL,'2013-11-27 21:55:00','0000-00-00 00:00:00','http://www.booking.com/hotel/es/arena-corralejo.es.html',4,1,1,'<div id=\"TA_selfserveprop482\" class=\"TA_selfserveprop\">\r\n<ul id=\"UNGaybVM6hx\" class=\"TA_links oa68qJfsA1Ct\">\r\n<li id=\"5cGyB6MNRf1M\" class=\"1ydUE2sCi18\">800 reviews of <a target=\"_blank\" href=\"http://www.tripadvisor.co.uk/Hotel_Review-g580322-d249517-Reviews-Hotel_Arena-Corralejo_La_Oliva_Fuerteventura_Canary_Islands.html\">Hotel Arena</a> in Corralejo</li>\r\n</ul>\r\n</div>\r\n<script src=\"http://www.jscache.com/wejs?wtype=selfserveprop&uniq=482&locationId=249517&lang=en_UK&rating=true&nreviews=5&writereviewlink=true&popIdx=true&iswide=false&border=false\"></script>','45adad',1,1,NULL),(6,'{\"es\":\"Mirador de Lobos\",\"en\":\"Mirador de Lobos\",\"de\":\"Mirador de Lobos\",\"fr\":\"Mirador de Lobos\",\"pt\":\"Mirador de Lobos\"}','{\"es\":\"\"}','{\"es\":\"<p>El complejo Mirador de Lobos se encuentra justo a las afueras de Corralejo, a 10 minutos en coche de la costa. Ofrece villas de lujo con terraza amueblada y una piscina privada al aire libre.</p>\\n\\n<p>Las villas cuentan con aparcamiento gratuito y, por un suplemento, conexi&oacute;n Wi-Fi. Tambi&eacute;n tienen 1 dormitorio con 1 cama doble, caja fuerte, armario empotrado y ba&ntilde;o privado, as&iacute; como 2 dormitorios con 2 camas individuales en cada uno. Adem&aacute;s, hay un 2&ordm; ba&ntilde;o con ducha.</p>\\n\\n<p>Estas villas tambi&eacute;n incluyen una terraza con zona de barbacoa y una sala de estar con sof&aacute;, TV de pantalla plana v&iacute;a sat&eacute;lite y reproductor de DVD. La cocina est&aacute; bien equipada con nevera, microondas, cafetera, lavavajillas y lavadora.</p>\\n\\n<p>La recepci&oacute;n se encuentra en el club de golf, que tambi&eacute;n alberga un bar. Este complejo est&aacute; a pocos pasos de algunas tiendas y restaurantes, as&iacute; como a 10 minutos en coche de la playa de Corralejo.</p>\\n\",\"en\":\"<p>Mirador de Lobos offers luxury villas, each with a private outdoor pool and furnished terrace. This complex is set just outside Corralejo, 10 minutes\' drive from the coast.</p>\\n<p>Villas feature free on-site parking and Wi-Fi is available for an extra charge. Each has 3 bedrooms. One has a double bed, safe, built-in wardrobe and en suite bathroom. The others have 2 single beds in each. There is a second bathroom with a shower.</p>\\n<p>All villas have a living room with a sofa, flat-screen satellite TV and DVD player. The well-equipped kitchen comes with a fridge, microwave and coffee maker, as well as a dishwasher and washing machine. There are barbecue facilities on the terrace.</p>\\n<p>Reception is in the golf club, where there is also a snack bar. There are shops and restaurants within a short walk and Corralejo Beach is a 10-minute drive away.</p>\",\"de\":\"<p>Das Mirador de Lobos bietet luxuriöse Villen mit einem eigenen Außenpool und einer möblierten Terrasse. Dieser Komplex befindet sich etwas außerhalb von Corralejo, nur 10 Autominuten von der Küste entfernt.</p>\\n<p>An den Villen sind kostenfreie Parkplätze verfügbar. WLAN nutzen Sie gegen einen Aufpreis. Jede Villa verfügt über 3 Schlafzimmer. Eines der Zimmer bietet ein Doppelbett, einen Safe, einen Einbauschrank und ein eigenes Bad. Die anderen Zimmer sind jeweils mit 2 Einzelbetten ausgestattet. Für weiteren Komfort sorgt ein zweites Badezimmer mit einer Dusche.</p>\\n<p>Alle Villen verfügen über ein Wohnzimmer mit einem Sofa, einem Flachbild-Sat-TV und einem DVD-Player. Die gut ausgestattete Küche ist mit einem Kühlschrank, einer Mikrowelle und Kaffeemaschine sowie einer Spülmaschine und einer Waschmaschine ausgestattet. Es gibt einen Grillplatz auf der Terrasse.</p>\\n<p>Die Rezeption befindet sich im Golfclub, wo es auch eine Snackbar gibt. Geschäfte und Restaurants erreichen Sie schon nach einem kurzen Spaziergang. Zum Strand Corralejo fahren Sie 10 Minuten mit dem Auto.</p>\",\"fr\":\"<p>Le Mirador de Lobos propose des villas luxueuses dotées d\'une piscine extérieure privée et d\'une terrasse meublée. Ce complexe se trouve aux portes de Corralejo, à 10 minutes de route de la côte.</p>\\n<p>Les villas disposent d\'un parking gratuit sur place et d\'une connexion Wi-Fi payante. Chacune d\'entre elles comprend 3 chambres. L\'une d\'entre elles est pourvue d\'un lit double, d\'un coffre-fort, d\'une armoire intégrée et d\'une salle de bains privative. Les autres chambres possèdent deux lits simples. Une seconde salle de bains avec une douche est mise à votre disposition.</p>\\n<p>Les hébergements comprennent un salon muni d\'un canapé, d\'une télévision par satellite à écran plat et d\'un lecteur DVD. Les cuisines bien équipées possèdent un réfrigérateur, un four micro-ondes, une cafetière, un lave-vaisselle et un lave-linge. Vous trouverez un barbecue sur la terrasse.</p>\\n<p>La réception se trouve dans le club de golf, qui abrite également un snack-bar. Vous rejoindrez les boutiques et les restaurants en quelques minutes de marche et la plage de Corralejo est accessible en 10 minutes en voiture.</p>\",\"pt\":\"<p>O Mirador de Lobos dispõe de luxuosas villas, cada uma com uma piscina exterior privada e um terraço mobilado. Este complexo está situado mesmo à saída de Corralejo, a 10 minutos de carro da costa.</p>\\n<p>As villas providenciam estacionamento gratuito no local e o acesso Wi-Fi está disponível por um custo adicional. Cada villa possui 3 quartos, um deles com cama de casal, cofre, roupeiro embutido e uma casa de banho privativa. Os outras quartos têm 2 camas individuais cada um. Existe ainda uma 2ª casa de banho com um chuveiro.</p>\\n<p>Todas as villas disponibilizam uma sala de estar com um sofá, uma televisão de ecrã plano por satélite e um leitor de DVD. A cozinha bem equipada inclui um frigorífico, um micro-ondas, comodidades para preparar café, uma máquina de lavar louça e uma máquina de lavar roupa. Também existem comodidades para churrascos no terraço.</p>\\n<p>A recepção está situada no clube de golfe, onde também há um snack-bar. Os hóspedes podem encontrar lojas e restaurantes a uma curta caminhada, enquanto a Praia de Corralejo fica a 10 minutos de carro.</p>\"}',NULL,'activo',NULL,'2013-12-03 14:50:02','0000-00-00 00:00:00','http://www.booking.com/hotel/es/mirador-de-lobos-golf.es.html',4,1,2,'','c27ec2',1,1,NULL),(8,'{\"es\":\"Sensimar Playa La Barrosa\",\"en\":\"Sensimar Playa La Barrosa\",\"de\":\"Sensimar Playa La Barrosa\",\"fr\":\"Sensimar Playa La Barrosa\",\"it\":\"Sensimar Playa La Barrosa\",\"pt\":\"Sensimar Playa La Barrosa\"}','{\"es\":\"\"}','{\"es\":\"<p>El Sensimar Playa La Barrosa est&aacute; situado en la playa de La Barrosa, en Novo Sancti Petri, y ofrece un alojamiento moderno solo para adultos. El establecimiento dispone de piscinas cubiertas y al aire libre (en temporada), un gimnasio y un restaurante.</p>\\n\\n<p>Las amplias habitaciones del Sesimar Playa La Barrosa cuentan con aire acondicionado, balc&oacute;n, TV v&iacute;a sat&eacute;lite, minibar y ba&ntilde;o privado.</p>\\n\\n<p>El establecimiento Barrosa sirve un desayuno buf&eacute; variado, adem&aacute;s de almuerzos y cenas. El restaurante Las Marismas, situado en la terraza de la piscina, ofrece platos t&iacute;picos a la carta para el almuerzo y la cena. Adem&aacute;s, el hotel organiza un programa de animaci&oacute;n nocturno.</p>\\n\\n<p>El establecimiento Playa La Barrosa alberga una sauna y pistas de tenis. Tambi&eacute;n se ofrece un servicio de masajes por un suplemento. El hotel se encuentra rodeado de jardines y est&aacute; situado junto al club de golf de Novo Sancti Petri.</p>\\n\\n<p>Adem&aacute;s, el establecimiento La Barrosa se encuentra a 10 minutos a pie del centro de Novo Sancti Petri, a 10 km de Chiclana de la Frontera y a 40 minutos en coche de C&aacute;diz.</p>\\n\",\"en\":\"<p>Offering modern adults-only accommodation, Sensimar Playa La Barrosa is on La Barrosa Beach in Novo Sancti Petri. It features seasonal indoor and outdoor swimming pools, a gym and a restaurant.</p>\\n<p>Each spacious, air-conditioned room at Sesimar Playa La Barrosa features a balcony. There is a satellite TV, a minibar and a private bathroom.</p>\\n<p>The Barrosa offers a varied buffet breakfast, lunch and dinner. À la carte dishes featuring traditional cuisine are available for lunch and dinner in the Las Marismas Restaurant, set on the pool terrace. The hotel also offers an evening entertainment programme.</p>\\n<p>Playa La Barrosa features a sauna and tennis courts, and there is a massages service for an extra cost. Surrounded by gardens, it is set next to Novo Sancti Petri Golf Club.</p>\\n<p>The hotel is a 10-minute walk from the centre of Novo Sancti Petri, while Chiclana de la Frontera is 10 km away. Cádiz is a 40-minute drive from La Barrosa.</p>\",\"de\":\"<p>Das Sensimar Playa La Barrosa begrüßt Sie in Novo Sancti Petri am Strand La Barrosa mit erwachsenen Gästen vorbehaltenen Unterkünften. Freuen Sie sich hier auf saisonale Innen- und Außenpools, einen Fitnessraum und ein Restaurant.</p>\\n<p>Die geräumigen, klimatisierten Zimmer im Sesimar Playa La Barrosa erwarten Sie alle mit einem Balkon. Zu einem angenehmen Aufenthalt tragen Sat-TV und eine Minibar sowie ein eigenes Bad bei.</p>\\n<p>Morgens steht im Barrosa ein abwechslungsreiches Frühstücksbuffet für Sie bereit. Auch zum Mittag- und Abendessen können Sie sich an Buffets bedienen. Alternativ genießen Sie im Restaurant Las Marismas auf der Poolterrasse traditionelle À-la-carte-Gerichte zum Mittag- und Abendessen. Begeistern wird Sie das Unterhaltungsprogramm am Abend.</p>\\n<p>Entspannen Sie sich in der Sauna des Playa La Barrosa oder gönnen Sie sich eine Massage gegen Aufpreis. Spielen Sie auch eine Partie auf einem der Tennisplätze. Erholsame Momente versprechen die Gärten rund um die Unterkunft. Sie wohnen hier neben dem Club de Golf Novo Sancti Petri.</p>\\n<p>Erkunden Sie auch das nur 10 Gehminuten entfernte Zentrum von Novo Sancti Petri. Chiclana de la Frontera befindet sich 10 km entfernt. Cádiz erreichen Sie vom La Barrosa aus nach einer 40-minütigen Autofahrt.</p>\",\"fr\":\"<p>Installé au bord de la plage de la Barrosa, dans le village côtier de Novo Sancti Petri, le Sensimar Playa La Barrosa vous propose un hébergement moderne réservé aux adultes. Le complexe comprend des piscines intérieure et extérieure ouvertes en saison, une salle de sport ainsi qu\'un restaurant.</p>\\n<p>Toutes les chambres sont spacieuses, climatisées et dotées d\'un balcon. Elles disposent également d\'une télévision par satellite, d\'un minibar et d\'une salle de bains privative.</p>\\n<p>Vous pourrez profiter d\'un petit-déjeuner buffet varié au restaurant Barrosa, qui sert également le déjeuner et le dîner. Situé sur la terrasse au bord de la piscine, le restaurant Las Marismas propose des plats traditionnels à la carte pour le déjeuner et le dîner. L\'hôtel assure également un programme d\'animations en soirée.</p>\\n<p>Le Sensimar Playa La Barrosa abrite un sauna, des courts de tennis et des massages sont disponibles moyennant des frais supplémentaires. Entouré de jardins, l\'hôtel se trouve à côté du parcours de golf de Novo Sancti Petri.</p>\\n<p>Vous rejoindrez le centre de Novo Sancti Petri en 10 minutes de marche, tandis que Chiclana de la Frontera se situe à 10 km de l\'hôtel. La ville de Cadix est accessible en 40 minutes en voiture.</p>\",\"it\":\"<p>Il Sensimar Playa La Barrosa offre moderne sistemazioni riservate agli adulti a Novo Sancti Petri, sulla spiaggia di La Barrosa. Qui vi attendono piscine stagionali al coperto e all\'aperto, una palestra e un ristorante.</p>\\n<p>Le camere del Sesimar Playa La Barrosa, tutte spaziose, sono dotate di aria condizionata, balcone, TV satellitare, minibar e bagno privato.</p>\\n<p>Il Barrosa propone la variegata colazione, il pranzo e la cena a buffet. A pranzo e a cena potrete inoltre gustare ricette tradizionali à la carte presso il ristorante Marismas, sulla terrazza a bordo piscina. Siete invitati a partecipare anche al programma di intrattenimento serale.</p>\\n<p>Il Playa La Barrosa fornisce massaggi a pagamento, una sauna e i campi da tennis. Immersa in un giardino, la struttura è posizionata accanto al Golf Club Novo Sancti Petri.</p>\\n<p>L\'hotel La Barrosa dista 10 minuti a piedi dal centro di Novo Sancti Petri, 10 km da Chiclana de la Frontera e 40 minuti d\'auto da Cadice.</p>\",\"pt\":\"<p>O Sensimar Playa La Barrosa oferece acomodações modernas apenas para adultos e fica localizado na Praia La Barrosa, em Novo Sancti Petri. A propriedade oferece piscina sazonal coberta e ao ar livre, academia e restaurante.</p>\\n<p>Cada quarto espaçoso do Sensimar Playa La Barrosa dispõe de ar-condicionado e de varanda. Há uma TV via satélite, frigobar e banheiro privativo.</p>\\n<p>O Barrosa oferece buffet de café-da-manhã variado, almoço e jantar. Os pratos à la carte de culinária tradicional estão disponíveis para o almoço e jantar no Restaurante Las Marismas, situado no terraço da piscina. O hotel também oferece programa de lazer à noite.</p>\\n<p>O Playa La Barrosa dispõe de sauna e de quadras de tênis, bem como o serviço de massagem está disponível por um custo extra. A propriedade é rodeada por jardins e fica situada próxima ao Clube de Golfe Novo Sancti Petri.</p>\\n<p>O hotel fica a 10 minutos de caminhada do centro de Novo Sancti Petri, enquanto Chiclana de la Frontera fica a 10 km de distância. Já Cádiz fica a 40 minutos de carro do La Barrosa.</p>\"}',NULL,'activo',NULL,'2013-12-05 18:16:39','0000-00-00 00:00:00','http://www.booking.com/hotel/es/hipotels-playa-la-barrosa.es.html',4,1,1,'<div id=\"TA_selfserveprop881\" class=\"TA_selfserveprop\">\r\n<ul id=\"BCQj3n6paq\" class=\"TA_links tKMPhD\">\r\n<li id=\"rGo37zqXCFe\" class=\"yUMm71\">62 opiniones sobre <a target=\"_blank\" href=\"http://www.tripadvisor.es/Hotel_Review-g187433-d504718-Reviews-Sensimar_Playa_la_Barrosa-Chiclana_de_la_Frontera_Costa_de_la_Luz_Andalucia.html\">Sensimar Playa la Barrosa</a> en Chiclana de la Frontera</li>\r\n</ul>\r\n</div>\r\n<script src=\"http://www.jscache.com/wejs?wtype=selfserveprop&uniq=881&locationId=504718&lang=es&rating=true&nreviews=5&writereviewlink=true&popIdx=true&iswide=false&border=false\"></script>','5688a3',1,1,NULL),(9,'{\"es\":\"Park Hyatt Milano\",\"en\":\"Park Hyatt Milano\",\"it\":\"Park Hyatt Milano\"}','{\"es\":\"\"}','{\"es\":\"<p>El Park Hyatt Milano est&aacute; en la entrada de la Galleria Vittorio Emanuele, en el centro del distrito de la moda, a 200 metros de la catedral y el teatro La Scala. Las habitaciones, amplias y lujosas, ofrecen conexi&oacute;n Wi-Fi gratuita. El spa y el gimnasio abren las 24 horas.</p>\\n\\n<p>Las habitaciones del Park Hyatt presentan una decoraci&oacute;n elegante y tienen amplios ba&ntilde;os de m&aacute;rmol. Algunas disponen de terraza privada con vistas panor&aacute;micas a la ciudad.</p>\\n\\n<p>El hotel cuenta con 2 restaurantes, La Cupola Lounge y el VUN, galardonado con una estrella Michelin. En el bar, de ambiente elegante, se elaboran c&oacute;cteles.</p>\\n\\n<p>En 2012 el establecimiento recibi&oacute; el premio internacional al mejor servicio otorgado por la revista Travel + Leisure.</p>\\n\",\"en\":\"<p>Facing the entrance of the Galleria Vittorio Emanuele, Park Hyatt Milano is in the heart of the fashion district, 650 ft from the cathedral and La Scala Theatre. The spacious, luxurious rooms include free Wi-Fi. The spa and gym are available 24 hours a day.</p>\\n<p>Rooms at the Park Hyatt feature elegant décor and large marble bathrooms. Some rooms are complete with a private terrace with views of the city\'s skyline.</p>\\n<p>The hotel has 2 restaurants, the Michelin-starred VUN and La Cupola Lounge. The bar serves fine cocktails in elegant surroundings.</p>\\n<p>The property received the 2012 World\'s Best Service Award by Travel + Leisure.</p>\",\"it\":\"<p>Situato di fronte all\'ingresso della Galleria Vittorio Emanuele II, nel cuore del quadrilatero della moda e a 200 metri dal Duomo e dal Teatro alla Scala, il Park Hyatt Milano offre un centro benessere e una palestra, operativi 24 ore su 24, e spaziose camere di lusso, dotate della connessione Wi-Fi gratuita.</p>\\n<p>Le sistemazioni del Park Hyatt vantano tutte arredi eleganti e un grande bagno in marmo, mentre alcune dispongono di terrazza privata con viste sullo skyline della città.</p>\\n<p>L\'hotel ospita 2 ristoranti, il VUN con stella Michelin e il La Cupola Lounge, e un bar, dove potrete sorseggiare ottimi cocktail in un ambiente raffinato.</p>\\n<p>La struttura ha ricevuto il premio per il Miglior Servizio al Mondo del 2012 dalla rivista Travel + Leisure.</p>\"}',NULL,'activo',NULL,'2013-12-06 10:40:35','0000-00-00 00:00:00','http://www.booking.com/hotel/it/park-hyatt-milano.es.html',5,2,1,'<div id=\"TA_selfserveprop212\" class=\"TA_selfserveprop\">\r\n<ul id=\"MQ4R50Dk21g\" class=\"TA_links WSjYSx\">\r\n<li id=\"Z8VINePZcPb\" class=\"Jy4b6i\">142 opiniones sobre <a target=\"_blank\" href=\"http://www.tripadvisor.es/Restaurant_Review-g187849-d2361569-Reviews-VUN_al_Park_Hyatt_Milano-Milan_Lombardy.html\">VUN al Park Hyatt Milano</a> en Milán</li>\r\n</ul>\r\n</div>\r\n<script src=\"http://www.jscache.com/wejs?wtype=selfserveprop&uniq=212&locationId=2361569&lang=es&rating=true&nreviews=5&writereviewlink=true&popIdx=true&iswide=false&border=false\"></script>\r\n','c4c4b2',1,1,NULL),(12,'{\"es\":\"Apartamentos Dunas Club\",\"en\":\"Apartamentos Dunas Club\",\"de\":\"Apartamentos Dunas Club\",\"fr\":\"Apartamentos Dunas Club\",\"it\":\"Apartamentos Dunas Club\",\"pt\":\"Apartamentos Dunas Club\"}','{\"es\":\"\"}','{\"es\":\"<p>Este establecimiento, situado frente al mar, junto a la playa de Corralejo, en Fuerteventura, ofrece apartamentos con un balc&oacute;n amueblado y vistas a la isla de Lobos. Los Apartamentos Dunas Club tambi&eacute;n albergan una piscina al aire libre.</p>\\n\\n<p>El Dunas presenta una decoraci&oacute;n sencilla y luminosa en todas sus instalaciones. Los apartamentos disponen de TV v&iacute;a sat&eacute;lite, una zona de estar amplia y una zona de cocina bien equipada.</p>\\n\\n<p>El restaurante del hotel ofrece servicio de desayuno y platos a la carta de cocina canaria e internacional. Adem&aacute;s, podr&aacute; elegir entre el r&eacute;gimen de alojamiento y desayuno, de media pensi&oacute;n o de pensi&oacute;n completa. Tambi&eacute;n hay conexi&oacute;n Wi-Fi gratuita en el restaurante.</p>\\n\\n<p>El Dunas Club est&aacute; situado a 3 minutos a pie del centro de Corralejo y a 100 metros del puerto deportivo de la localidad, donde tienen parada los ferris con destino a Lanzarote. El parque nacional de las Dunas de Corralejo se encuentra a unos 5 km.</p>\\n\",\"en\":\"<p>These seafront apartments are next to Fuerteventura’s Corralejo Beach, with views of Lobos Island. Apartamentos Dunas Club feature an outdoor swimming pool and apartments with furnished balconies.</p>\\n<p>The Dunas features simple, bright décor. Its apartments have spacious sitting areas with satellite TV, and well-equipped kitchenettes.</p>\\n<p>Breakfast is served in the hotel restaurant, where Canarian and international cuisine are served. Guests can enjoy menu dining in breakfast-only, half board and full board meal plans. Free Wi-Fi is available in the restaurant.</p>\\n<p>The Dunas Club is a 3 minute walk from the center of Corralejo and 100 yards from the resort’s marina, where ferries leave for Lanzarote. Dunas de Corralejo Nature Reserve and its sand dunes are approximately 3 miles away.</p>\",\"de\":\"<p>Diese am Meer gelegenen Apartments begrüßen Sie in der Nähe des Strands von Corralejo auf Fuerteventura mit Aussicht auf die Insel Lobos. In den Apartamentos Dunas Club erwarten Sie ein Außenpool und Apartments mit möbliertem Balkon.</p>\\n<p>Das Dunas bietet durchweg schlichtes und helles Dekor. Die Apartments verfügen über einen geräumigen Sitzbereich mit Sat-TV und eine gut ausgestattete Küchenzeile.</p>\\n<p>Morgens erhalten Sie Ihr Frühstück im Restaurant des Hotels, in dem kanarische und internationale Küche serviert werden. Sie können à la carte speisen, unabhängig davon, ob Sie Frühstück, Halbpension oder Vollpension gebucht haben. Im Restaurant steht Ihnen kostenfreies WLAN zur Verfügung.</p>\\n<p>Der Dunas Club liegt einen 3-minütigen Spaziergang vom Zentrum Corralejos sowie 100 Meter vom Jachthafen des Ferienortes entfernt, an dem die Schiffe nach Lanzarote ablegen. Das Naturschutzgebiet Dunas de Corralejo und die Sanddünen erreichen Sie nach etwa 5 km.</p>\",\"fr\":\"<p>Offrant une vue sur l\'île de Lobos, ces appartements en bord de mer se trouvent à proximité de la plage de Corralejo sur l\'île de Fuerteventura. L\'établissement Apartamentos Dunas Club propose une piscine extérieure et des hébergements avec balcons meublés</p>\\n<p>La décoration du Dunas est sobre et lumineuse. Ses appartement comprennent un grand coin salon doté de la télévision par satellite ainsi qu\'une kitchenette bien équipée.</p>\\n<p>Le petit-déjeuner est servi dans le restaurant de l\'hôtel, où vous pourrez également déguster une cuisine internationale ou des spécialités typiques des îles Canaries. Vous aurez le choix entre les formules avec petit-déjeuner seul, en demi-pension ou en pension complète. Vous pourrez en outre profiter de la sélection de plats à la carte. Une connexion Wi-Fi est disponible gratuitement dans le restaurant.</p>\\n<p>Le Dunas Club est situé à 3 minutes de marche du centre de Corralejo et à 100 mètres du port de plaisance, d\'où partent les ferries à destination de Lanzarote. La réserve naturelle des Dunas de Corralejo et ses dunes de sable se trouvent à environ 5 km.</p>\",\"it\":\"<p>Ubicato di fronte al mare, vicino alla spiaggia di Corralejo a Fuerteventura, con vista sull\'Isola di Lobos, l\'Apartamentos Dunas Club vanta appartamenti con balconi arredati e una piscina all\'aperto.</p>\\n<p>Il Dunas, arredato in modo semplice e vivace, propone alloggi provvisti di una spaziosa area salotto con TV satellitare e di un angolo cottura ben attrezzato.</p>\\n<p>Il ristorante dell\'hotel, coperto dalla connessione Wi-Fi gratuita, offre trattamenti di sola colazione, di mezza pensione e di pensione completa, con un menù alla carta di cucina delle Canarie e internazionale.</p>\\n<p>Il Dunas Club dista 3 minuti a piedi dal centro di Corralejo, 100 metri dal porto turistico della località, da dove partono i traghetti per Lanzarote, e 5 km dalla Riserva Naturale Dunas de Corralejo, con le sue dune di sabbia.</p>\",\"pt\":\"<p>Estes apartamentos à beira-mar ficam próximos à Praia Corralejo, em Fuerteventura, e têm vista para a Ilha dos Lobos. O Apartamentos Dunas Club oferece uma piscina ao ar livre e acomodações com varanda mobiliada.</p>\\n<p>O Dunas apresenta uma decoração simples em cores claras, e dispõe de apartamentos com uma área de estar espaçosa, TV via satélite e uma cozinha compacta bem-equipada.</p>\\n<p>Você pode saborear o café-da-manhã no restaurante do hotel, que serve pratos internacionais e especialidades das Canárias. Refeições à la carte são servidas para os regimes com café-da-manhã incluído, meia-pensão e pensão completa. O Wi-Fi está disponível gratuitamente no restaurante.</p>\\n<p>O Dunas Club fica a 3 minutos a pé do centro de Corralejo e a 100 m da marina do resort, de onde partem as balsas para Lanzarote. Aproveite para conhecer as dunas da Reserva Natural Dunas de Corralejo, situada a 5 km da propriedade.</p>\"}',NULL,'activo',NULL,'2013-12-08 19:26:43','0000-00-00 00:00:00','http://www.booking.com/hotel/es/apartamentos-dunas-club.es.html',3,1,1,'<div id=\"TA_selfserveprop276\" class=\"TA_selfserveprop\">\r\n<ul id=\"7MbRX5\" class=\"TA_links HUZfLPkBI22n\">\r\n<li id=\"0GlSgfdwLqhI\" class=\"ar5lqYTSPD4B\">461 opiniones sobre <a target=\"_blank\" href=\"http://www.tripadvisor.es/Hotel_Review-g580322-d288580-Reviews-Apartamentos_Dunas_Club-Corralejo_La_Oliva_Fuerteventura_Canary_Islands.html\">Apartamentos Dunas Club</a> en Corralejo</li>\r\n</ul>\r\n</div>\r\n<script src=\"http://www.jscache.com/wejs?wtype=selfserveprop&uniq=276&locationId=288580&lang=es&rating=true&nreviews=5&writereviewlink=true&popIdx=true&iswide=false&border=false\"></script>','6b6b6b',1,1,1485),(13,'{\"es\":\"Suite Hotel Atlantis Fuerteventura Resort\",\"en\":\"Suite Hotel Atlantis Fuerteventura Resort\",\"de\":\"Suite Hotel Atlantis Fuerteventura Resort\",\"fr\":\"Suite Hotel Atlantis Fuerteventura Resort\",\"it\":\"Suite Hotel Atlantis Fuerteventura Resort\",\"pt\":\"Suite Hotel Atlantis Fuerteventura Resort\"}','{\"es\":\"\"}','{\"es\":\"<p>Este complejo de estilo todo incluido est&aacute; situado a 100 metros de la playa de Corralejo, en la costa norte de Fuerteventura. Ofrece 7 piscinas, spa, gimnasio y suites amplias con balc&oacute;n privado.</p>\\n\\n<p>Las habitaciones del Suite Hotel Atlantis Fuerteventura Resort disponen de aire acondicionado, suelo de baldosa, muebles elegantes, TV v&iacute;a sat&eacute;lite y ba&ntilde;o privado con secador de pelo.</p>\\n\\n<p>El Suite Hotel Atlantis Fuerteventura Resort alberga 3 restaurantes, que incluyen opciones de estilo buf&eacute; y a la carta. Tambi&eacute;n cuenta con 4 bares, como un bar c&oacute;cteles y un bar junto a la piscina.</p>\\n\\n<p>El Atlantis Fuerteventura tiene un anfiteatro donde se ofrecen clases de gimnasia, un club de playa exclusivo y un supermercado. El aeropuerto de Fuerteventura se encuentra a unos 40 minutos en coche del complejo.</p>\\n\",\"en\":\"<p>This all-inclusive resort is 325 ft from the Corralejo Beach, on Fuerteventura’s north coast. It features 7 swimming pools, a spa, fitness center and large suites with private balconies.</p>\\n<p>The air-conditioned rooms at Suite Hotel Atlantis Fuerteventura Resort feature tile floors and smart furniture. They come equipped with satellite TV and the private bathrooms have a hairdryer.</p>\\n<p>The Suite Hotel Atlantis Fuerteventura Resort has 3 restaurants, including buffet and menu options. There are also 4 bars, such as a cocktail bar and a poolside snack bar.</p>\\n<p>The Atlantis Fuerteventura’s recreational facilities include an amphitheater where various fitness classes take place. There is also an exclusive beach club and a grocery store on site. Fuerteventura Airport is around a 40-minute drive from the hotel.</p>\",\"de\":\"<p>Dieses All-inclusive-Resort begrüßt Sie an der Nordküste Fuerteventuras, nur 100 m vom Strand Corralejo entfernt. Freuen Sie sich auf 7 Pools, einen Wellnessbereich, ein Fitnesscenter und große Suiten mit eigenem Balkon.</p>\\n<p>Die klimatisierten Zimmer des Suite Hotel Atlantis Fuerteventura Resort sind mit Fliesenböden und eleganten Möbeln ausgestattet. Die Zimmer bieten Sat-TV und ein eigenes Bad mit einem Haartrockner.</p>\\n<p>Im Suite Hotel Atlantis Fuerteventura Resort erwarten Sie 3 Restaurants, in denen Sie sich am Buffet bedienen oder à la carte speisen können. Darüber hinaus laden 4 Bars, darunter eine Cocktailbar und eine Poolbar zum Verweilen ein.</p>\\n<p>Zu den Freizeiteinrichtungen des Atlantis Fuerteventura gehört ein Amphitheater, in dem verschiedene Fitnesskurse stattfinden. Ein exklusiver Strandclub und ein Supermarkt auf dem Gelände tragen ebenfalls zu einem angenehmen Aufenthalt bei. Den Flughafen Fuerteventura erreichen Sie vom Hotel nach einer 40-minütigen Fahrt.</p>\",\"fr\":\"<p>Le complexe tout compris Suite Hotel Atlantis Fuerteventura Resort est implanté à 100 mètres de la plage de Corralejo, sur la côte nord de Fuerteventura. Il abrite 7 piscines, un spa, un centre de remise en forme et de grandes suites bénéficiant d\'un balcon privé.</p>\\n<p>Les chambres climatisées de l\'établissement présentent du carrelage et un mobilier élégant. Elles sont équipées d\'une télévision par satellite. Les salles de bains privatives comportent un sèche-cheveux.</p>\\n<p>Le Suite Hotel Atlantis Fuerteventura Resort dispose de 3 restaurants proposant des plats à la carte et un buffet. Il possède également 4 bars, dont un bar à cocktails et un snack-bar aménagé près de la piscine.</p>\\n<p>Les installations de loisirs de l\'Atlantis Fuerteventura incluent un amphithéâtre où divers cours de remise en forme sont dispensés. Vous trouverez également un club de plage exclusif et un supermarché sur place. L\'aéroport de Fuerteventura est à environ 40 minutes en voiture de l\'hôtel.</p>\",\"it\":\"<p>Situato sulla costa settentrionale di Fuerteventura, a 100 metri dalla spiaggia di Corralejo, questo resort all inclusive vanta 7 piscine, un centro benessere, un centro fitness e ampie suite con balcone privato.</p>\\n<p>Caratterizzate da pavimenti piastrellati e da arredi eleganti, le sistemazioni del Suite Hotel Atlantis Fuerteventura Resort dispongono di aria condizionata, TV satellitare e bagno privato con asciugacapelli.</p>\\n<p>Il Suite Hotel Atlantis Fuerteventura Resort ospita 3 ristoranti, con opzioni a buffet e alla carta, e 4 bar, tra cui un cocktail bar e uno snack bar a bordo piscina.</p>\\n<p>Tra le strutture ricreative dell\'Atlantis Fuerteventura figura un anfiteatro dove si tengono diverse lezioni di fitness. Provvista di un esclusivo stabilimento balneare e di un supermercato, la struttura sorge a circa 40 minuti d\'auto dall\'Aeroporto di Fuerteventura.</p>\",\"pt\":\"<p>Este resort com regime tudo incluso está localizado a 100 m da Praia de Correlejo, na costa norte de Fuerteventura. A propriedade oferece 7 piscinas, spa, academia e suítes grandes com varandas privativas.</p>\\n<p>As acomodações do Suite Hotel Atlantis Fuerteventura Resort são climatizadas e dispõem de piso frio, móveis elegantes e TV via satélite. Os banheiros privativos incluem secador de cabelo.</p>\\n<p>O Suite Hotel Atlantis Fuerteventura Resort conta com 3 restaurantes, que incluem opções de buffet e à la carte. Também possui 4 bares, como um bar de coquetéis e uma lanchonete à beira da piscina.</p>\\n<p>A propriedade tem ainda um anfiteatro, onde você pode desfrutar de várias aulas de ginástica, bem como um clube de praia exclusivo e um supermercado no local. O Aeroporto de Fuerteventura fica a 40 minutos de carro do hotel.</p>\"}',NULL,'activo',NULL,'2013-12-08 19:37:44','0000-00-00 00:00:00','http://www.booking.com/hotel/es/suite-atlantis-fuerteventura-resort.es.html',4,1,1,'<div id=\"TA_selfserveprop928\" class=\"TA_selfserveprop\">\r\n<ul id=\"krNoVpH\" class=\"TA_links c4hQPH0\">\r\n<li id=\"whc1rRLieQG\" class=\"s43i8HM5\">2063 opiniones sobre <a target=\"_blank\" href=\"http://www.tripadvisor.es/Hotel_Review-g580322-d573425-Reviews-Suite_Hotel_Atlantis_Fuerteventura_Resort-Corralejo_La_Oliva_Fuerteventura_Canary_Islan.html\">Suite Hotel Atlantis Fuerteventura Resort</a> en Corralejo</li>\r\n</ul>\r\n</div>\r\n<script src=\"http://www.jscache.com/wejs?wtype=selfserveprop&uniq=928&locationId=573425&lang=es&rating=true&nreviews=5&writereviewlink=true&popIdx=true&iswide=false&border=false\"></script>','79748a',1,1,NULL),(14,'{\"es\":\"Beatriz Costa & Spa\",\"en\":\"Beatriz Costa & Spa\",\"de\":\"Beatriz Costa & Spa\",\"fr\":\"Beatriz Costa & Spa\",\"it\":\"Beatriz Costa & Spa\",\"pt\":\"Beatriz Costa & Spa\"}','{\"es\":\"\"}','{\"es\":\"<p>El Beatriz Costa &amp; Spa se encuentra en una zona tranquila de Costa Teguise, cerca de espectaculares jardines, cascadas y lagos que recorren todo el interior la regi&oacute;n.</p>\\n\\n<p>El complejo cuenta con un centro de talasoterapia y un centro deportivo en el que podr&aacute; practicar tenis y minigolf. Uno de los principales atractivos de este establecimiento son los 2.000 m&sup2; de piscinas de agua salada situadas en medio de este jard&iacute;n tropical. Una de las piscinas est&aacute; climatizada y otra es para ni&ntilde;os.</p>\\n\\n<p>El hotel alberga 3 restaurantes de tipo buf&eacute;, entre ellos un restaurante oriental. Tambi&eacute;n hay cocina a la vista.</p>\\n\\n<p>Se proporciona servicio de traslado gratuito a la playa de Las Cucharas y al centro de Costa Teguise. Semanalmente, se organiza un servicio gratuito de traslado a Arrecife.</p>\\n\",\"en\":\"<p>Beatriz Costa & Spa is in a tranquil area of the Costa Teguise and features nearby spectacular gardens, waterfalls and lakes within the region.</p>\\n<p>The complex features facilities to help you both be active and relax, including a Talasoterapia center and a sports center for the practice of tennis and mini-golf. One of the main attractions in this establishment are the 21,528 ft² of salt water swimming pools in the middle of the tropical grounds. One pool is heated and there is another for children.</p>\\n<p>The hotel has 3 restaurants, including an Oriental restaurant, all serving buffet meals. Show cooking is also available.</p>\\n<p>There is a free daily shuttle service to Las Cucharas Beach and the center of Costa Teguise. There is also a free weekly shuttle service to Arrecife.</p>\",\"de\":\"<p>Das Beatriz Costa & Spa liegt in einer ruhigen Gegend an der Costa Teguise. Ganz in der Nähe befinden sich spektakuläre Gärten, Wasserfälle und Seen, die den Charakter der Region widerspiegeln.</p>\\n<p>Der Komplex verfügt über Einrichtungen wie ein Thalassotherapiezentrum und ein Sportzentrum, in dem Sie Tennis und Minigolf spielen können. Die wichtigsten Attraktionen dieser Anlage sind die 2000 m² großen Salzwasserpools in der Mitte des tropischen Gartens. Ein Pool ist beheizt und ein weiterer für Kinder.</p>\\n<p>Das Hotel verfügt über 3 Restaurants die Ihnen Buffets servieren, darunter ein orientalisches Restaurant. Show-Küche wird ebenfalls angeboten.</p>\\n<p>Täglich verkehrt ein kostenfreier Shuttleservice zum Strand Las Cucharas und ins Zentrum von Costa Teguise. Zudem fährt jede Woche ein kostenloser Shuttleservice nach Arrecife.</p>\",\"fr\":\"<p>Situé dans un quartier paisible de Costa Teguise, le Beatriz Costa & Spa se trouve à proximité de jardins spectaculaires, de cascades et de lacs qui font la renommée de cette région.</p>\\n<p>Le complexe est doté d\'installations permettant à la fois de vous dépenser et de vous détendre, telles qu\'un centre de thalassothérapie et un centre sportif pour pratiquer le tennis et le minigolf. Au cœur du jardin tropical de l\'établissement se trouvent 2 000 m² de piscines d\'eau salée. L\'une des piscines est chauffée, tandis qu\'une autre est réservée aux enfants.</p>\\n<p>L\'hôtel abrite 3 restaurants, dont un restaurant oriental, qui proposent tous des repas sous forme de buffets. Il possède également une cuisine ouverte.</p>\\n<p>Un service de navette à destination de la plage de Las Cucharas et du centre de Costa Teguise est disponible gratuitement tous les jours. Un service de navette gratuit pour Arrecife est également assuré une fois par semaine.</p>\",\"it\":\"<p>Ubicato in una zona tranquilla di Costa Teguise, il Beatriz Costa & Spa sorge nei pressi degli spettacolari parchi, cascate e laghi che rendono l\'entroterra della regione davvero unico.</p>\\n<p>Il complesso offre servizi pensati sia per gli ospiti che intendono mantenersi in forma che per coloro che desiderano rilassarsi, tra cui un centro di talassoterapia e un impianto sportivo con campi da tennis e minigolf. Tra le principali attrazioni della struttura spiccano le piscine di acqua salata di 2000 m², situate nel cuore di un giardino tropicale. Una delle piscine è riscaldata e l\'altra è riservata ai bambini.</p>\\n<p>Il Beatriz Costa & Spa ospita 3 ristoranti a buffet, compreso uno di cucina orientale. Imperdibili gli spettacoli di show cooking.</p>\\n<p>A vostra disposizione gratuita la navetta giornaliera per la spiaggia Las Cucharas e per il centro di Costa Teguise e il servizio di trasferimento settimanale per Arrecife.</p>\",\"pt\":\"<p>O Beatriz Costa & Spa está situado em uma área tranquila de Costa Teguise e possui fantásticos jardins próximos, cachoeiras e lagos que adornam o interior da região.</p>\\n<p>O complexo dispõe de instalações voltadas para ajudá-lo tanto a ser ativo quanto a relaxar, incluindo um centro de Talasoterapia e um centro de esportes para a prática de tênis e mini-golfe. Uma das principais atrações deste estabelecimento são os 2000 m² de piscinas salgadas, situado no meio deste jardim. Há uma piscina aquecida e outra para crianças.</p>\\n<p>O hotel tem três restaurantes, um deles de comida oriental, e todos eles com refeições em estilo buffet. Além disso, cozinha ao vivo também está disponível.</p>\\n<p>Você pode contar com um serviço diário de translado para a praia Las Cucharas e para o centro de Costa Teguise. Há também um serviço de translado gratuito semanal para Arrecife.</p>\"}',NULL,'activo',NULL,'2013-12-08 21:23:32','0000-00-00 00:00:00','http://www.booking.com/hotel/es/beatriz-costa-spa.es.html',4,3,3,'<div id=\"TA_selfserveprop364\" class=\"TA_selfserveprop\">\r\n<ul id=\"d7KOYDr8\" class=\"TA_links HSAQjWqa4\">\r\n<li id=\"yKSqI5\" class=\"G0IHnS\">1003 opiniones sobre <a target=\"_blank\" href=\"http://www.tripadvisor.es/Hotel_Review-g659633-d291300-Reviews-Hotel_Beatriz_Costa_Spa-Costa_Teguise_Lanzarote_Canary_Islands.html\">Hotel Beatriz Costa & Spa</a> en Costa Teguise</li>\r\n</ul>\r\n</div>\r\n<script src=\"http://www.jscache.com/wejs?wtype=selfserveprop&uniq=364&locationId=291300&lang=es&rating=true&nreviews=5&writereviewlink=true&popIdx=true&iswide=false&border=false\"></script>','c2c2c2',3,3,NULL);
/*!40000 ALTER TABLE `hotel` ENABLE KEYS */;
UNLOCK TABLES;

--
-- Table structure for table `hotel_archivo`
--

DROP TABLE IF EXISTS `hotel_archivo`;
/*!40101 SET @saved_cs_client     = @@character_set_client */;
/*!40101 SET character_set_client = utf8 */;
CREATE TABLE `hotel_archivo` (
  `hotel_id` int(11) NOT NULL,
  `archivo_id` int(11) NOT NULL,
  `id` int(11) NOT NULL AUTO_INCREMENT,
  `tipo` varchar(45) DEFAULT NULL,
  PRIMARY KEY (`id`),
  KEY `fk_hotel_has_archivos_archivos1_idx` (`archivo_id`),
  KEY `fk_hotel_has_archivos_hotel1_idx` (`hotel_id`),
  CONSTRAINT `fk_hotel_has_archivos_hotel1` FOREIGN KEY (`hotel_id`) REFERENCES `hotel` (`id`) ON DELETE NO ACTION ON UPDATE NO ACTION,
  CONSTRAINT `fk_hotel_has_archivos_archivos1` FOREIGN KEY (`archivo_id`) REFERENCES `archivo` (`id`) ON DELETE NO ACTION ON UPDATE NO ACTION
) ENGINE=InnoDB AUTO_INCREMENT=1461 DEFAULT CHARSET=latin1;
/*!40101 SET character_set_client = @saved_cs_client */;

--
-- Dumping data for table `hotel_archivo`
--

LOCK TABLES `hotel_archivo` WRITE;
/*!40000 ALTER TABLE `hotel_archivo` DISABLE KEYS */;
INSERT INTO `hotel_archivo` VALUES (12,1117,1093,''),(12,1118,1094,''),(12,1119,1095,''),(12,1120,1096,''),(12,1121,1097,''),(12,1122,1098,''),(12,1123,1099,''),(12,1124,1100,''),(12,1125,1101,''),(12,1126,1102,''),(12,1127,1103,''),(12,1128,1104,''),(12,1129,1105,''),(12,1130,1106,''),(12,1131,1107,''),(12,1132,1108,''),(12,1133,1109,''),(12,1134,1110,''),(12,1135,1111,''),(12,1136,1112,''),(12,1137,1113,''),(12,1138,1114,''),(12,1139,1115,''),(12,1140,1116,''),(12,1141,1117,''),(12,1142,1118,''),(12,1143,1119,''),(12,1144,1120,''),(12,1145,1121,''),(12,1146,1122,''),(12,1147,1123,''),(12,1148,1124,''),(12,1149,1125,''),(12,1150,1126,''),(13,1151,1127,''),(13,1152,1128,''),(13,1153,1129,''),(13,1154,1130,''),(13,1155,1131,''),(13,1156,1132,''),(13,1157,1133,''),(13,1158,1134,''),(13,1159,1135,''),(13,1160,1136,''),(13,1161,1137,''),(13,1162,1138,''),(13,1163,1139,''),(13,1164,1140,''),(13,1165,1141,''),(13,1166,1142,''),(13,1167,1143,''),(13,1168,1144,''),(13,1169,1145,''),(13,1170,1146,''),(13,1171,1147,''),(13,1172,1148,''),(13,1173,1149,''),(13,1174,1150,''),(13,1175,1151,''),(13,1177,1153,''),(13,1178,1154,''),(13,1179,1155,''),(13,1180,1156,''),(13,1182,1158,''),(13,1183,1159,''),(13,1184,1160,''),(13,1185,1161,''),(13,1186,1162,''),(13,1187,1163,''),(13,1188,1164,''),(13,1189,1165,''),(13,1190,1166,''),(13,1191,1167,''),(13,1192,1168,''),(13,1193,1169,''),(3,1239,1215,''),(3,1240,1216,''),(3,1241,1217,''),(3,1242,1218,''),(3,1243,1219,''),(3,1244,1220,''),(3,1245,1221,''),(3,1246,1222,''),(3,1247,1223,''),(3,1248,1224,''),(3,1249,1225,''),(3,1250,1226,''),(3,1251,1227,''),(3,1252,1228,''),(3,1253,1229,''),(3,1254,1230,''),(3,1255,1231,''),(3,1256,1232,''),(3,1257,1233,''),(3,1258,1234,''),(3,1259,1235,''),(3,1260,1236,''),(3,1261,1237,''),(3,1262,1238,''),(4,1263,1239,''),(4,1264,1240,''),(4,1265,1241,''),(4,1266,1242,''),(4,1267,1243,''),(4,1268,1244,''),(4,1269,1245,''),(4,1270,1246,''),(4,1271,1247,''),(4,1272,1248,''),(4,1273,1249,''),(4,1274,1250,''),(4,1275,1251,''),(4,1276,1252,''),(4,1277,1253,''),(4,1278,1254,''),(4,1279,1255,''),(4,1280,1256,''),(4,1281,1257,''),(4,1282,1258,''),(6,1315,1291,''),(6,1316,1292,''),(6,1317,1293,''),(6,1318,1294,''),(6,1319,1295,''),(6,1320,1296,''),(6,1321,1297,''),(6,1322,1298,''),(6,1323,1299,''),(6,1324,1300,''),(6,1325,1301,''),(6,1326,1302,''),(6,1327,1303,''),(6,1328,1304,''),(6,1329,1305,''),(6,1330,1306,''),(6,1331,1307,''),(6,1332,1308,''),(6,1333,1309,''),(6,1334,1310,''),(6,1335,1311,''),(6,1336,1312,''),(6,1337,1313,''),(6,1338,1314,''),(6,1339,1315,''),(6,1340,1316,''),(6,1341,1317,''),(6,1342,1318,''),(6,1343,1319,''),(6,1344,1320,''),(6,1345,1321,''),(6,1346,1322,''),(8,1347,1323,''),(8,1348,1324,''),(8,1349,1325,''),(8,1350,1326,''),(8,1351,1327,''),(8,1352,1328,''),(8,1353,1329,''),(8,1354,1330,''),(8,1355,1331,''),(8,1356,1332,''),(8,1357,1333,''),(8,1358,1334,''),(8,1359,1335,''),(8,1360,1336,''),(8,1361,1337,''),(8,1362,1338,''),(8,1363,1339,''),(8,1364,1340,''),(8,1365,1341,''),(8,1366,1342,''),(8,1367,1343,''),(9,1368,1344,''),(9,1369,1345,''),(9,1370,1346,''),(9,1371,1347,''),(9,1372,1348,''),(9,1373,1349,''),(9,1374,1350,''),(9,1375,1351,''),(9,1376,1352,''),(9,1377,1353,''),(9,1378,1354,''),(9,1379,1355,''),(9,1380,1356,''),(9,1381,1357,''),(9,1382,1358,''),(9,1383,1359,''),(9,1384,1360,''),(9,1385,1361,''),(9,1386,1362,''),(9,1387,1363,''),(9,1388,1364,''),(9,1389,1365,''),(9,1390,1366,''),(9,1391,1367,''),(9,1392,1368,''),(9,1393,1369,''),(9,1394,1370,''),(9,1395,1371,''),(9,1396,1372,''),(9,1397,1373,''),(9,1398,1374,''),(9,1399,1375,''),(9,1400,1376,''),(5,1402,1378,''),(5,1403,1379,''),(5,1404,1380,''),(5,1405,1381,''),(5,1406,1382,''),(5,1407,1383,''),(5,1408,1384,''),(5,1409,1385,''),(5,1410,1386,''),(5,1411,1387,''),(5,1412,1388,''),(5,1413,1389,''),(5,1414,1390,''),(5,1415,1391,''),(5,1416,1392,''),(5,1417,1393,''),(5,1418,1394,''),(5,1419,1395,''),(5,1420,1396,''),(5,1421,1397,''),(5,1422,1398,''),(5,1423,1399,''),(5,1424,1400,''),(5,1425,1401,''),(5,1426,1402,''),(5,1427,1403,''),(5,1428,1404,''),(5,1429,1405,''),(5,1430,1406,''),(5,1431,1407,''),(5,1432,1408,''),(5,1433,1409,''),(5,1434,1410,''),(5,1435,1411,''),(5,1436,1412,''),(5,1437,1413,''),(5,1438,1414,''),(5,1439,1415,''),(5,1440,1416,''),(5,1441,1417,''),(5,1442,1418,''),(5,1443,1419,''),(5,1444,1420,''),(5,1445,1421,''),(14,1446,1422,''),(14,1447,1423,''),(14,1448,1424,''),(14,1449,1425,''),(14,1450,1426,''),(14,1451,1427,''),(14,1452,1428,''),(14,1453,1429,''),(14,1454,1430,''),(14,1455,1431,''),(14,1456,1432,''),(14,1457,1433,''),(14,1458,1434,''),(14,1459,1435,''),(14,1460,1436,''),(14,1461,1437,''),(14,1462,1438,''),(14,1463,1439,''),(14,1464,1440,''),(14,1465,1441,''),(14,1466,1442,''),(14,1467,1443,''),(14,1468,1444,''),(14,1469,1445,''),(14,1470,1446,''),(14,1471,1447,''),(14,1472,1448,''),(14,1473,1449,''),(14,1474,1450,''),(14,1475,1451,''),(14,1476,1452,''),(14,1477,1453,''),(14,1478,1454,''),(14,1479,1455,''),(14,1480,1456,''),(14,1481,1457,''),(14,1482,1458,''),(14,1483,1459,''),(14,1484,1460,'');
/*!40000 ALTER TABLE `hotel_archivo` ENABLE KEYS */;
UNLOCK TABLES;

--
-- Table structure for table `hotel_condicion`
--

DROP TABLE IF EXISTS `hotel_condicion`;
/*!40101 SET @saved_cs_client     = @@character_set_client */;
/*!40101 SET character_set_client = utf8 */;
CREATE TABLE `hotel_condicion` (
  `hotel_id` int(11) NOT NULL,
  `condicion_id` int(11) NOT NULL,
  `id` int(11) NOT NULL AUTO_INCREMENT,
  PRIMARY KEY (`id`),
  KEY `fk_hotel_has_condicion_condicion1_idx` (`condicion_id`),
  KEY `fk_hotel_has_condicion_hotel1_idx` (`hotel_id`),
  CONSTRAINT `fk_hotel_has_condicion_hotel1` FOREIGN KEY (`hotel_id`) REFERENCES `hotel` (`id`) ON DELETE NO ACTION ON UPDATE NO ACTION,
  CONSTRAINT `fk_hotel_has_condicion_condicion1` FOREIGN KEY (`condicion_id`) REFERENCES `condicion` (`id`) ON DELETE NO ACTION ON UPDATE NO ACTION
) ENGINE=InnoDB AUTO_INCREMENT=38 DEFAULT CHARSET=latin1;
/*!40101 SET character_set_client = @saved_cs_client */;

--
-- Dumping data for table `hotel_condicion`
--

LOCK TABLES `hotel_condicion` WRITE;
/*!40000 ALTER TABLE `hotel_condicion` DISABLE KEYS */;
INSERT INTO `hotel_condicion` VALUES (6,1,13),(9,1,18),(12,1,20),(13,1,22),(4,1,23),(5,1,24),(3,1,27),(14,1,37);
/*!40000 ALTER TABLE `hotel_condicion` ENABLE KEYS */;
UNLOCK TABLES;

--
-- Table structure for table `hotel_direccion`
--

DROP TABLE IF EXISTS `hotel_direccion`;
/*!40101 SET @saved_cs_client     = @@character_set_client */;
/*!40101 SET character_set_client = utf8 */;
CREATE TABLE `hotel_direccion` (
  `hotel_id` int(11) NOT NULL,
  `direccion_id` int(11) NOT NULL,
  `id` int(11) NOT NULL AUTO_INCREMENT,
  PRIMARY KEY (`id`),
  KEY `fk_hotel_has_direccion_direccion1_idx` (`direccion_id`),
  KEY `fk_hotel_has_direccion_hotel1_idx` (`hotel_id`),
  CONSTRAINT `fk_hotel_has_direccion_hotel1` FOREIGN KEY (`hotel_id`) REFERENCES `hotel` (`id`) ON DELETE NO ACTION ON UPDATE NO ACTION,
  CONSTRAINT `fk_hotel_has_direccion_direccion1` FOREIGN KEY (`direccion_id`) REFERENCES `direccion` (`id`) ON DELETE NO ACTION ON UPDATE NO ACTION
) ENGINE=InnoDB AUTO_INCREMENT=12 DEFAULT CHARSET=latin1;
/*!40101 SET character_set_client = @saved_cs_client */;

--
-- Dumping data for table `hotel_direccion`
--

LOCK TABLES `hotel_direccion` WRITE;
/*!40000 ALTER TABLE `hotel_direccion` DISABLE KEYS */;
INSERT INTO `hotel_direccion` VALUES (3,3,2),(4,4,3),(5,5,4),(6,9,5),(8,17,6),(9,19,7),(12,21,9),(13,22,10),(14,23,11);
/*!40000 ALTER TABLE `hotel_direccion` ENABLE KEYS */;
UNLOCK TABLES;

--
-- Table structure for table `hotel_dominios`
--

DROP TABLE IF EXISTS `hotel_dominios`;
/*!40101 SET @saved_cs_client     = @@character_set_client */;
/*!40101 SET character_set_client = utf8 */;
CREATE TABLE `hotel_dominios` (
  `id` int(11) NOT NULL AUTO_INCREMENT,
  `hotel_id` int(11) DEFAULT NULL,
  `dominio` varchar(250) DEFAULT NULL,
  PRIMARY KEY (`id`),
  KEY `fk_dominio_hotel1_idx` (`hotel_id`),
  CONSTRAINT `fk_dominio_hotel1` FOREIGN KEY (`hotel_id`) REFERENCES `hotel` (`id`) ON DELETE NO ACTION ON UPDATE NO ACTION
) ENGINE=InnoDB AUTO_INCREMENT=36 DEFAULT CHARSET=utf8;
/*!40101 SET character_set_client = @saved_cs_client */;

--
-- Dumping data for table `hotel_dominios`
--

LOCK TABLES `hotel_dominios` WRITE;
/*!40000 ALTER TABLE `hotel_dominios` DISABLE KEYS */;
INSERT INTO `hotel_dominios` VALUES (3,6,'www.miradordelobos.com'),(7,9,'www.dominio.com'),(9,12,'www.hoteldunasclub.com'),(10,13,'www.atlantisfuerteventurarisort.com'),(11,4,'www.villasalicia.com'),(12,5,'www.hotelarenacorralejo.com'),(15,3,'www.hoteloasisduna.com'),(16,3,'hoteloasisduna.com'),(34,14,'hotelbeatrizcostaspa.com'),(35,14,'www.hotelbeatrizcostaspa.com');
/*!40000 ALTER TABLE `hotel_dominios` ENABLE KEYS */;
UNLOCK TABLES;

--
-- Table structure for table `hotel_fechas`
--

DROP TABLE IF EXISTS `hotel_fechas`;
/*!40101 SET @saved_cs_client     = @@character_set_client */;
/*!40101 SET character_set_client = utf8 */;
CREATE TABLE `hotel_fechas` (
  `id` int(11) NOT NULL AUTO_INCREMENT,
  `hotel_id` int(11) DEFAULT NULL,
  `fecha` timestamp NULL DEFAULT NULL,
  PRIMARY KEY (`id`)
) ENGINE=InnoDB AUTO_INCREMENT=140 DEFAULT CHARSET=utf8;
/*!40101 SET character_set_client = @saved_cs_client */;

--
-- Dumping data for table `hotel_fechas`
--

LOCK TABLES `hotel_fechas` WRITE;
/*!40000 ALTER TABLE `hotel_fechas` DISABLE KEYS */;
INSERT INTO `hotel_fechas` VALUES (63,3,'2013-12-24 23:00:00'),(64,3,'2013-12-23 23:00:00'),(115,14,'2013-12-09 23:00:00'),(116,14,'2013-12-10 23:00:00'),(117,14,'2013-12-11 23:00:00'),(118,14,'2013-12-12 23:00:00'),(119,14,'2013-12-13 23:00:00'),(120,14,'2013-12-14 23:00:00'),(121,14,'2013-12-15 23:00:00'),(122,14,'2013-12-16 23:00:00'),(123,14,'2013-12-17 23:00:00'),(124,14,'2013-12-18 23:00:00'),(125,14,'2013-12-19 23:00:00'),(126,14,'2013-12-20 23:00:00'),(127,14,'2013-12-27 23:00:00'),(128,14,'2013-12-26 23:00:00'),(129,14,'2014-01-02 23:00:00'),(130,14,'2014-01-01 23:00:00'),(131,14,'2013-12-25 23:00:00'),(132,14,'2013-12-31 23:00:00'),(133,14,'2013-12-24 23:00:00'),(134,14,'2013-12-30 23:00:00'),(135,14,'2013-12-23 23:00:00'),(136,14,'2013-12-22 23:00:00'),(137,14,'2013-12-29 23:00:00'),(138,14,'2013-12-28 23:00:00'),(139,14,'2013-12-21 23:00:00');
/*!40000 ALTER TABLE `hotel_fechas` ENABLE KEYS */;
UNLOCK TABLES;

--
-- Table structure for table `hotel_idioma`
--

DROP TABLE IF EXISTS `hotel_idioma`;
/*!40101 SET @saved_cs_client     = @@character_set_client */;
/*!40101 SET character_set_client = utf8 */;
CREATE TABLE `hotel_idioma` (
  `id` int(11) NOT NULL AUTO_INCREMENT,
  `hotel_id` int(11) NOT NULL,
  `idioma_id` int(11) NOT NULL,
  PRIMARY KEY (`id`),
  KEY `fk_hoteli_hotel_idx` (`hotel_id`),
  KEY `fk_hoteli_idioma1_idx` (`idioma_id`),
  CONSTRAINT `fk_hoteli_hotel1` FOREIGN KEY (`hotel_id`) REFERENCES `hotel` (`id`) ON DELETE NO ACTION ON UPDATE NO ACTION,
  CONSTRAINT `fk_hoteli_idioma1` FOREIGN KEY (`idioma_id`) REFERENCES `idioma` (`id`) ON DELETE NO ACTION ON UPDATE NO ACTION
) ENGINE=InnoDB AUTO_INCREMENT=1106 DEFAULT CHARSET=latin1;
/*!40101 SET character_set_client = @saved_cs_client */;

--
-- Dumping data for table `hotel_idioma`
--

LOCK TABLES `hotel_idioma` WRITE;
/*!40000 ALTER TABLE `hotel_idioma` DISABLE KEYS */;
INSERT INTO `hotel_idioma` VALUES (920,6,1),(921,6,2),(922,6,3),(923,6,4),(924,6,10),(953,8,1),(954,8,2),(955,8,3),(956,8,4),(957,8,5),(958,8,10),(968,9,1),(969,9,2),(970,9,5),(978,12,1),(979,12,2),(980,12,3),(981,12,4),(982,12,5),(983,12,10),(990,13,1),(991,13,2),(992,13,3),(993,13,4),(994,13,5),(995,13,10),(996,4,1),(997,4,2),(998,4,3),(999,4,4),(1000,4,5),(1001,4,7),(1002,4,10),(1011,5,1),(1012,5,2),(1013,5,3),(1014,5,4),(1015,5,5),(1016,5,7),(1017,5,8),(1018,5,10),(1033,3,1),(1034,3,2),(1035,3,3),(1036,3,4),(1037,3,5),(1038,3,7),(1039,3,10),(1100,14,1),(1101,14,2),(1102,14,3),(1103,14,4),(1104,14,5),(1105,14,10);
/*!40000 ALTER TABLE `hotel_idioma` ENABLE KEYS */;
UNLOCK TABLES;

--
-- Table structure for table `hotel_moneda`
--

DROP TABLE IF EXISTS `hotel_moneda`;
/*!40101 SET @saved_cs_client     = @@character_set_client */;
/*!40101 SET character_set_client = utf8 */;
CREATE TABLE `hotel_moneda` (
  `id` int(11) NOT NULL AUTO_INCREMENT,
  `hotel_id` int(11) NOT NULL,
  `moneda_id` int(11) NOT NULL,
  PRIMARY KEY (`id`),
  KEY `fk_hotelm_hotel_idx` (`hotel_id`),
  KEY `fk_hotelm_moneda1_idx` (`moneda_id`),
  CONSTRAINT `fk_hotelm_hotel1` FOREIGN KEY (`hotel_id`) REFERENCES `hotel` (`id`) ON DELETE NO ACTION ON UPDATE NO ACTION,
  CONSTRAINT `fk_hotelm_moneda1` FOREIGN KEY (`moneda_id`) REFERENCES `moneda` (`id`) ON DELETE NO ACTION ON UPDATE NO ACTION
) ENGINE=InnoDB AUTO_INCREMENT=516 DEFAULT CHARSET=latin1;
/*!40101 SET character_set_client = @saved_cs_client */;

--
-- Dumping data for table `hotel_moneda`
--

LOCK TABLES `hotel_moneda` WRITE;
/*!40000 ALTER TABLE `hotel_moneda` DISABLE KEYS */;
INSERT INTO `hotel_moneda` VALUES (423,6,1),(424,6,2),(425,6,3),(438,8,1),(439,8,2),(440,8,3),(450,9,1),(451,9,2),(452,9,3),(456,12,1),(457,12,2),(458,12,3),(462,13,1),(463,13,2),(464,13,3),(465,4,1),(466,4,2),(467,4,3),(471,5,1),(472,5,2),(473,5,3),(480,3,1),(481,3,2),(482,3,3),(513,14,1),(514,14,2),(515,14,3);
/*!40000 ALTER TABLE `hotel_moneda` ENABLE KEYS */;
UNLOCK TABLES;

--
-- Table structure for table `hotel_servicio`
--

DROP TABLE IF EXISTS `hotel_servicio`;
/*!40101 SET @saved_cs_client     = @@character_set_client */;
/*!40101 SET character_set_client = utf8 */;
CREATE TABLE `hotel_servicio` (
  `hotel_id` int(11) NOT NULL,
  `servicio_id` int(11) NOT NULL,
  `id` int(11) NOT NULL AUTO_INCREMENT,
  PRIMARY KEY (`id`),
  KEY `fk_hotel_has_servicio_servicio1_idx` (`servicio_id`),
  KEY `fk_hotel_has_servicio_hotel1_idx` (`hotel_id`),
  CONSTRAINT `fk_hotel_has_servicio_hotel1` FOREIGN KEY (`hotel_id`) REFERENCES `hotel` (`id`) ON DELETE NO ACTION ON UPDATE NO ACTION,
  CONSTRAINT `fk_hotel_has_servicio_servicio1` FOREIGN KEY (`servicio_id`) REFERENCES `servicio` (`id`) ON DELETE NO ACTION ON UPDATE NO ACTION
) ENGINE=InnoDB AUTO_INCREMENT=1443 DEFAULT CHARSET=latin1;
/*!40101 SET character_set_client = @saved_cs_client */;

--
-- Dumping data for table `hotel_servicio`
--

LOCK TABLES `hotel_servicio` WRITE;
/*!40000 ALTER TABLE `hotel_servicio` DISABLE KEYS */;
INSERT INTO `hotel_servicio` VALUES (12,895,1129),(12,896,1130),(12,897,1131),(12,898,1132),(12,899,1133),(12,900,1134),(12,901,1135),(12,902,1136),(12,903,1137),(12,904,1138),(12,905,1139),(12,906,1140),(12,907,1141),(12,908,1142),(12,909,1143),(12,910,1144),(12,911,1145),(12,912,1146),(12,913,1147),(12,914,1148),(12,915,1149),(12,916,1150),(12,917,1151),(12,918,1152),(12,919,1153),(12,920,1154),(12,921,1155),(12,922,1156),(12,624,1157),(13,923,1158),(13,896,1159),(13,924,1160),(13,897,1161),(13,898,1162),(13,925,1163),(13,899,1164),(13,926,1165),(13,927,1166),(13,928,1167),(13,929,1168),(13,930,1169),(13,901,1170),(13,902,1171),(13,931,1172),(13,906,1173),(13,907,1174),(13,908,1175),(13,932,1176),(13,909,1177),(13,933,1178),(13,910,1179),(13,934,1180),(13,911,1181),(13,935,1182),(13,914,1183),(13,936,1184),(13,937,1185),(13,919,1186),(13,920,1187),(13,922,1188),(13,918,1189),(13,921,1190),(13,624,1191),(3,977,1231),(3,978,1232),(3,979,1233),(3,980,1234),(3,981,1235),(3,982,1236),(3,983,1237),(3,984,1238),(3,985,1239),(3,986,1240),(3,987,1241),(3,988,1242),(3,989,1243),(3,990,1244),(3,991,1245),(3,992,1246),(3,993,1247),(3,994,1248),(3,995,1249),(3,996,1250),(3,997,1251),(3,998,1252),(3,999,1253),(3,1000,1254),(3,1001,1255),(3,1002,1256),(3,1003,1257),(3,1004,1258),(3,1005,1259),(3,1006,1260),(3,1007,1261),(3,1008,1262),(3,1009,1263),(3,624,1264),(4,977,1265),(4,978,1266),(4,979,1267),(4,1010,1268),(4,1011,1269),(4,1012,1270),(4,1013,1271),(4,1004,1272),(4,1014,1273),(6,1022,1281),(6,1023,1282),(6,1024,1283),(6,1025,1284),(6,1026,1285),(6,1027,1286),(6,1028,1287),(6,624,1288),(8,923,1289),(8,1029,1290),(8,895,1291),(8,1030,1292),(8,1031,1293),(8,924,1294),(8,897,1295),(8,1032,1296),(8,1033,1297),(8,1034,1298),(8,899,1299),(8,927,1300),(8,928,1301),(8,1035,1302),(8,1036,1303),(8,1037,1304),(8,1038,1305),(8,901,1306),(8,902,1307),(8,904,1308),(8,1039,1309),(8,1040,1310),(8,907,1311),(8,908,1312),(8,1041,1313),(8,932,1314),(8,909,1315),(8,910,1316),(8,934,1317),(8,911,1318),(8,1042,1319),(8,1043,1320),(8,915,1321),(8,916,1322),(8,1044,1323),(8,936,1324),(8,937,1325),(8,1014,1326),(8,1045,1327),(9,1046,1328),(9,1047,1329),(9,1048,1330),(9,1049,1331),(9,1050,1332),(9,1051,1333),(9,1052,1334),(9,1053,1335),(9,1054,1336),(9,1055,1337),(9,1056,1338),(9,1057,1339),(9,1058,1340),(9,1059,1341),(9,1060,1342),(9,1061,1343),(9,1062,1344),(9,1063,1345),(9,1064,1346),(9,1065,1347),(9,1066,1348),(9,1067,1349),(9,1068,1350),(9,1069,1351),(9,1070,1352),(9,1071,1353),(9,1072,1354),(9,1073,1355),(9,1074,1356),(9,1075,1357),(9,1076,1358),(9,1077,1359),(9,1078,1360),(9,1079,1361),(9,1080,1362),(9,1081,1363),(9,1082,1364),(9,1083,1365),(5,1084,1366),(5,1085,1367),(5,1086,1368),(5,1087,1369),(5,1088,1370),(5,1089,1371),(5,1090,1372),(5,1091,1373),(5,1092,1374),(5,1093,1375),(5,1094,1376),(5,1095,1377),(5,1096,1378),(5,1097,1379),(5,1098,1380),(5,1099,1381),(5,1100,1382),(5,1101,1383),(5,1102,1384),(5,1103,1385),(5,1104,1386),(5,1105,1387),(5,1106,1388),(5,1107,1389),(5,1108,1390),(5,1109,1391),(5,1110,1392),(5,1111,1393),(5,1112,1394),(5,1113,1395),(5,1114,1396),(5,1115,1397),(5,1116,1398),(5,1117,1399),(5,1118,1400),(5,1119,1401),(5,1120,1402),(5,1121,1403),(5,1122,1404),(14,923,1405),(14,1029,1406),(14,924,1407),(14,897,1408),(14,1032,1409),(14,1033,1410),(14,1123,1411),(14,898,1412),(14,925,1413),(14,899,1414),(14,1124,1415),(14,926,1416),(14,1125,1417),(14,1126,1418),(14,1127,1419),(14,1035,1420),(14,930,1421),(14,901,1422),(14,902,1423),(14,1039,1424),(14,1128,1425),(14,907,1426),(14,1129,1427),(14,1130,1428),(14,1041,1429),(14,932,1430),(14,1131,1431),(14,909,1432),(14,933,1433),(14,910,1434),(14,934,1435),(14,913,1436),(14,935,1437),(14,914,1438),(14,915,1439),(14,936,1440),(14,937,1441),(14,1014,1442);
/*!40000 ALTER TABLE `hotel_servicio` ENABLE KEYS */;
UNLOCK TABLES;

--
-- Table structure for table `idioma`
--

DROP TABLE IF EXISTS `idioma`;
/*!40101 SET @saved_cs_client     = @@character_set_client */;
/*!40101 SET character_set_client = utf8 */;
CREATE TABLE `idioma` (
  `id` int(11) NOT NULL AUTO_INCREMENT,
  `nombre` varchar(200) CHARACTER SET utf8 DEFAULT NULL,
  `codigo` varchar(200) DEFAULT NULL,
  PRIMARY KEY (`id`)
) ENGINE=InnoDB AUTO_INCREMENT=11 DEFAULT CHARSET=latin1;
/*!40101 SET character_set_client = @saved_cs_client */;

--
-- Dumping data for table `idioma`
--

LOCK TABLES `idioma` WRITE;
/*!40000 ALTER TABLE `idioma` DISABLE KEYS */;
INSERT INTO `idioma` VALUES (1,'Español','es'),(2,'English','en'),(3,'Deutsch','de'),(4,'Français','fr'),(5,'Italiano','it'),(6,'简体中文','zh'),(7,'Русский','ru'),(8,'Čeština','cs'),(9,'日本語','ja'),(10,'Português','pt');
/*!40000 ALTER TABLE `idioma` ENABLE KEYS */;
UNLOCK TABLES;

--
-- Table structure for table `mail`
--

DROP TABLE IF EXISTS `mail`;
/*!40101 SET @saved_cs_client     = @@character_set_client */;
/*!40101 SET character_set_client = utf8 */;
CREATE TABLE `mail` (
  `id` int(11) NOT NULL AUTO_INCREMENT,
  `email` varchar(250) DEFAULT NULL,
  `mailcol` varchar(45) DEFAULT NULL,
  `mail_tipo_id` int(11) NOT NULL,
  `empresa_id` int(11) NOT NULL,
  PRIMARY KEY (`id`),
  KEY `fk_mail_mail_tipo1_idx` (`mail_tipo_id`),
  KEY `fk_mail_empresa1_idx` (`empresa_id`),
  CONSTRAINT `fk_mail_mail_tipo1` FOREIGN KEY (`mail_tipo_id`) REFERENCES `mail_tipo` (`id`) ON DELETE NO ACTION ON UPDATE NO ACTION,
  CONSTRAINT `fk_mail_empresa1` FOREIGN KEY (`empresa_id`) REFERENCES `empresa` (`id`) ON DELETE NO ACTION ON UPDATE NO ACTION
) ENGINE=InnoDB DEFAULT CHARSET=latin1;
/*!40101 SET character_set_client = @saved_cs_client */;

--
-- Dumping data for table `mail`
--

LOCK TABLES `mail` WRITE;
/*!40000 ALTER TABLE `mail` DISABLE KEYS */;
/*!40000 ALTER TABLE `mail` ENABLE KEYS */;
UNLOCK TABLES;

--
-- Table structure for table `mail_tipo`
--

DROP TABLE IF EXISTS `mail_tipo`;
/*!40101 SET @saved_cs_client     = @@character_set_client */;
/*!40101 SET character_set_client = utf8 */;
CREATE TABLE `mail_tipo` (
  `id` int(11) NOT NULL AUTO_INCREMENT,
  `nombre` varchar(45) DEFAULT NULL,
  PRIMARY KEY (`id`)
) ENGINE=InnoDB DEFAULT CHARSET=latin1;
/*!40101 SET character_set_client = @saved_cs_client */;

--
-- Dumping data for table `mail_tipo`
--

LOCK TABLES `mail_tipo` WRITE;
/*!40000 ALTER TABLE `mail_tipo` DISABLE KEYS */;
/*!40000 ALTER TABLE `mail_tipo` ENABLE KEYS */;
UNLOCK TABLES;

--
-- Table structure for table `moneda`
--

DROP TABLE IF EXISTS `moneda`;
/*!40101 SET @saved_cs_client     = @@character_set_client */;
/*!40101 SET character_set_client = utf8 */;
CREATE TABLE `moneda` (
  `id` int(11) NOT NULL,
  `nombre` varchar(45) DEFAULT NULL,
  `simbolo` varchar(3) DEFAULT NULL,
  `codigo` varchar(4) DEFAULT NULL,
  `tasa_cambio` double DEFAULT NULL,
  PRIMARY KEY (`id`)
) ENGINE=InnoDB DEFAULT CHARSET=latin1;
/*!40101 SET character_set_client = @saved_cs_client */;

--
-- Dumping data for table `moneda`
--

LOCK TABLES `moneda` WRITE;
/*!40000 ALTER TABLE `moneda` DISABLE KEYS */;
INSERT INTO `moneda` VALUES (1,'Euro','€','EUR',1),(2,'Dolar','$','USD',1.3592),(3,'Pound','£','GBP',0.831989247),(4,'Peso argentino','$','ARS',8.38481144),(5,'Peso chileno','$','CLP',725.413775),(6,'Peso mexicano','$','MXN',17.9841165),(7,'Dolar canadiense','$','CAD',1.44755837);
/*!40000 ALTER TABLE `moneda` ENABLE KEYS */;
UNLOCK TABLES;

--
-- Table structure for table `pais`
--

DROP TABLE IF EXISTS `pais`;
/*!40101 SET @saved_cs_client     = @@character_set_client */;
/*!40101 SET character_set_client = utf8 */;
CREATE TABLE `pais` (
  `id` int(11) NOT NULL,
  `iso2` varchar(2) DEFAULT NULL,
  `iso3` varchar(3) DEFAULT NULL,
  `prefijo` smallint(5) DEFAULT NULL,
  `nombre` varchar(100) DEFAULT NULL,
  `continente` varchar(16) DEFAULT NULL,
  `subcontinente` varchar(32) DEFAULT NULL,
  `iso_moneda` varchar(3) DEFAULT NULL,
  `nombre_moneda` varchar(100) DEFAULT NULL,
  PRIMARY KEY (`id`)
) ENGINE=InnoDB DEFAULT CHARSET=latin1;
/*!40101 SET character_set_client = @saved_cs_client */;

--
-- Dumping data for table `pais`
--

LOCK TABLES `pais` WRITE;
/*!40000 ALTER TABLE `pais` DISABLE KEYS */;
INSERT INTO `pais` VALUES (4,'AF','AFG',93,'Afganistán','Asia',NULL,'AFN','Afgani afgano'),(8,'AL','ALB',355,'Albania','Europa',NULL,'ALL','Lek albanés'),(10,'AQ','ATA',672,'Antártida','Antártida',NULL,NULL,NULL),(12,'DZ','DZA',213,'Argelia','África',NULL,'DZD','Dinar algerino'),(16,'AS','ASM',1684,'Samoa Americana','Oceanía',NULL,NULL,NULL),(20,'AD','AND',376,'Andorra','Europa',NULL,'EUR','Euro'),(24,'AO','AGO',244,'Angola','África',NULL,'AOA','Kwanza angoleño'),(28,'AG','ATG',1268,'Antigua y Barbuda','América','El Caribe',NULL,NULL),(31,'AZ','AZE',994,'Azerbaiyán','Asia',NULL,'AZM','Manat azerbaiyano'),(32,'AR','ARG',54,'Argentina','América','América del Sur','ARS','Peso argentino'),(36,'AU','AUS',61,'Australia','Oceanía',NULL,'AUD','Dólar australiano'),(40,'AT','AUT',43,'Austria','Europa',NULL,'EUR','Euro'),(44,'BS','BHS',1242,'Bahamas','América','El Caribe','BSD','Dólar bahameño'),(48,'BH','BHR',973,'Bahréin','Asia',NULL,'BHD','Dinar bahreiní'),(50,'BD','BGD',880,'Bangladesh','Asia',NULL,'BDT','Taka de Bangladesh'),(51,'AM','ARM',374,'Armenia','Asia',NULL,'AMD','Dram armenio'),(52,'BB','BRB',1246,'Barbados','América','El Caribe','BBD','Dólar de Barbados'),(56,'BE','BEL',32,'Bélgica','Europa',NULL,'EUR','Euro'),(60,'BM','BMU',1441,'Bermudas','América','El Caribe','BMD','Dólar de Bermuda'),(64,'BT','BTN',975,'Bhután','Asia',NULL,'BTN','Ngultrum de Bután'),(68,'BO','BOL',591,'Bolivia','América','América del Sur','BOB','Boliviano'),(70,'BA','BIH',387,'Bosnia y Herzegovina','Europa',NULL,'BAM','Marco convertible de Bosnia-Herzegovina'),(72,'BW','BWA',267,'Botsuana','África',NULL,'BWP','Pula de Botsuana'),(74,'BV','BVT',0,'Isla Bouvet',NULL,NULL,NULL,NULL),(76,'BR','BRA',55,'Brasil','América','América del Sur','BRL','Real brasileño'),(84,'BZ','BLZ',501,'Belice','América','América Central','BZD','Dólar de Belice'),(86,'IO','IOT',0,'Territorio Británico del Océano Índico',NULL,NULL,NULL,NULL),(90,'SB','SLB',677,'Islas Salomón','Oceanía',NULL,'SBD','Dólar de las Islas Salomón'),(92,'VG','VGB',1284,'Islas Vírgenes Británicas','América','El Caribe',NULL,NULL),(96,'BN','BRN',673,'Brunéi','Asia',NULL,'BND','Dólar de Brunéi'),(100,'BG','BGR',359,'Bulgaria','Europa',NULL,'BGN','Lev búlgaro'),(104,'MM','MMR',95,'Myanmar','Asia',NULL,'MMK','Kyat birmano'),(108,'BI','BDI',257,'Burundi','África',NULL,'BIF','Franco burundés'),(112,'BY','BLR',375,'Bielorrusia','Europa',NULL,'BYR','Rublo bielorruso'),(116,'KH','KHM',855,'Camboya','Asia',NULL,'KHR','Riel camboyano'),(120,'CM','CMR',237,'Camerún','África',NULL,NULL,NULL),(124,'CA','CAN',1,'Canadá','América','América del Norte','CAD','Dólar canadiense'),(132,'CV','CPV',238,'Cabo Verde','África',NULL,'CVE','Escudo caboverdiano'),(136,'KY','CYM',1345,'Islas Caimán','América','El Caribe','KYD','Dólar caimano (de Islas Caimán)'),(140,'CF','CAF',236,'República Centroafricana','África',NULL,NULL,NULL),(144,'LK','LKA',94,'Sri Lanka','Asia',NULL,'LKR','Rupia de Sri Lanka'),(148,'TD','TCD',235,'Chad','África',NULL,NULL,NULL),(152,'CL','CHL',56,'Chile','América','América del Sur','CLP','Peso chileno'),(156,'CN','CHN',86,'China','Asia',NULL,'CNY','Yuan Renminbi de China'),(158,'TW','TWN',886,'Taiwán','Asia',NULL,'TWD','Dólar taiwanés'),(162,'CX','CXR',61,'Isla de Navidad','Oceanía',NULL,NULL,NULL),(166,'CC','CCK',61,'Islas Cocos','Óceanía',NULL,NULL,NULL),(170,'CO','COL',57,'Colombia','América','América del Sur','COP','Peso colombiano'),(174,'KM','COM',269,'Comoras','África',NULL,'KMF','Franco comoriano (de Comoras)'),(175,'YT','MYT',262,'Mayotte','África',NULL,NULL,NULL),(178,'CG','COG',242,'Congo','África',NULL,NULL,NULL),(180,'CD','COD',243,'República Democrática del Congo','África',NULL,'CDF','Franco congoleño'),(184,'CK','COK',682,'Islas Cook','Oceanía',NULL,NULL,NULL),(188,'CR','CRI',506,'Costa Rica','América','América Central','CRC','Colón costarricense'),(191,'HR','HRV',385,'Croacia','Europa',NULL,'HRK','Kuna croata'),(192,'CU','CUB',53,'Cuba','América','El Caribe','CUP','Peso cubano'),(196,'CY','CYP',357,'Chipre','Europa',NULL,'CYP','Libra chipriota'),(203,'CZ','CZE',420,'República Checa','Europa',NULL,'CZK','Koruna checa'),(204,'BJ','BEN',229,'Benín','África',NULL,NULL,NULL),(208,'DK','DNK',45,'Dinamarca','Europa',NULL,'DKK','Corona danesa'),(212,'DM','DMA',1767,'Dominica','América','El Caribe',NULL,NULL),(214,'DO','DOM',1809,'República Dominicana','América','El Caribe','DOP','Peso dominicano'),(218,'EC','ECU',593,'Ecuador','América','América del Sur',NULL,NULL),(222,'SV','SLV',503,'El Salvador','América','América Central','SVC','Colón salvadoreño'),(226,'GQ','GNQ',240,'Guinea Ecuatorial','África',NULL,NULL,NULL),(231,'ET','ETH',251,'Etiopía','África',NULL,'ETB','Birr etíope'),(232,'ER','ERI',291,'Eritrea','África',NULL,'ERN','Nakfa eritreo'),(233,'EE','EST',372,'Estonia','Europa',NULL,'EEK','Corona estonia'),(234,'FO','FRO',298,'Islas Feroe','Europa',NULL,NULL,NULL),(238,'FK','FLK',500,'Islas Malvinas','América','América del Sur','FKP','Libra malvinense'),(239,'GS','SGS',0,'Islas Georgias del Sur y Sandwich del Sur','América','América del Sur',NULL,NULL),(242,'FJ','FJI',679,'Fiyi','Oceanía',NULL,'FJD','Dólar fijiano'),(246,'FI','FIN',358,'Finlandia','Europa',NULL,'EUR','Euro'),(248,'AX','ALA',0,'Islas Gland','Europa',NULL,NULL,NULL),(250,'FR','FRA',33,'Francia','Europa',NULL,'EUR','Euro'),(254,'GF','GUF',0,'Guayana Francesa','América','América del Sur',NULL,NULL),(258,'PF','PYF',689,'Polinesia Francesa','Oceanía',NULL,NULL,NULL),(260,'TF','ATF',0,'Territorios Australes Franceses',NULL,NULL,NULL,NULL),(262,'DJ','DJI',253,'Yibuti','África',NULL,'DJF','Franco yibutiano'),(266,'GA','GAB',241,'Gabón','África',NULL,NULL,NULL),(268,'GE','GEO',995,'Georgia','Europa',NULL,'GEL','Lari georgiano'),(270,'GM','GMB',220,'Gambia','África',NULL,'GMD','Dalasi gambiano'),(275,'PS','PSE',0,'Palestina','Asia',NULL,NULL,NULL),(276,'DE','DEU',49,'Alemania','Europa',NULL,'EUR','Euro'),(288,'GH','GHA',233,'Ghana','África',NULL,'GHC','Cedi ghanés'),(292,'GI','GIB',350,'Gibraltar','Europa',NULL,'GIP','Libra de Gibraltar'),(296,'KI','KIR',686,'Kiribati','Oceanía',NULL,NULL,NULL),(300,'GR','GRC',30,'Grecia','Europa',NULL,'EUR','Euro'),(304,'GL','GRL',299,'Groenlandia','América','América del Norte',NULL,NULL),(308,'GD','GRD',1473,'Granada','América','El Caribe',NULL,NULL),(312,'GP','GLP',0,'Guadalupe','América','El Caribe',NULL,NULL),(316,'GU','GUM',1671,'Guam','Oceanía',NULL,NULL,NULL),(320,'GT','GTM',502,'Guatemala','América','América Central','GTQ','Quetzal guatemalteco'),(324,'GN','GIN',224,'Guinea','África',NULL,'GNF','Franco guineano'),(328,'GY','GUY',592,'Guyana','América','América del Sur','GYD','Dólar guyanés'),(332,'HT','HTI',509,'Haití','América','El Caribe','HTG','Gourde haitiano'),(334,'HM','HMD',0,'Islas Heard y McDonald','Oceanía',NULL,NULL,NULL),(336,'VA','VAT',39,'Ciudad del Vaticano','Europa',NULL,NULL,NULL),(340,'HN','HND',504,'Honduras','América','América Central','HNL','Lempira hondureño'),(344,'HK','HKG',852,'Hong Kong','Asia',NULL,'HKD','Dólar de Hong Kong'),(348,'HU','HUN',36,'Hungría','Europa',NULL,'HUF','Forint húngaro'),(352,'IS','ISL',354,'Islandia','Europa',NULL,'ISK','Króna islandesa'),(356,'IN','IND',91,'India','Asia',NULL,'INR','Rupia india'),(360,'ID','IDN',62,'Indonesia','Asia',NULL,'IDR','Rupiah indonesia'),(364,'IR','IRN',98,'Irán','Asia',NULL,'IRR','Rial iraní'),(368,'IQ','IRQ',964,'Iraq','Asia',NULL,'IQD','Dinar iraquí'),(372,'IE','IRL',353,'Irlanda','Europa',NULL,'EUR','Euro'),(376,'IL','ISR',972,'Israel','Asia',NULL,'ILS','Nuevo shéquel israelí'),(380,'IT','ITA',39,'Italia','Europa',NULL,'EUR','Euro'),(384,'CI','CIV',225,'Costa de Marfil','África',NULL,NULL,NULL),(388,'JM','JAM',1876,'Jamaica','América','El Caribe','JMD','Dólar jamaicano'),(392,'JP','JPN',81,'Japón','Asia',NULL,'JPY','Yen japonés'),(398,'KZ','KAZ',7,'Kazajstán','Asia',NULL,'KZT','Tenge kazajo'),(400,'JO','JOR',962,'Jordania','Asia',NULL,'JOD','Dinar jordano'),(404,'KE','KEN',254,'Kenia','África',NULL,'KES','Chelín keniata'),(408,'KP','PRK',850,'Corea del Norte','Asia',NULL,'KPW','Won norcoreano'),(410,'KR','KOR',82,'Corea del Sur','Asia',NULL,'KRW','Won surcoreano'),(414,'KW','KWT',965,'Kuwait','Asia',NULL,'KWD','Dinar kuwaití'),(417,'KG','KGZ',996,'Kirguistán','Asia',NULL,'KGS','Som kirguís (de Kirguistán)'),(418,'LA','LAO',856,'Laos','Asia',NULL,'LAK','Kip lao'),(422,'LB','LBN',961,'Líbano','Asia',NULL,'LBP','Libra libanesa'),(426,'LS','LSO',266,'Lesotho','África',NULL,'LSL','Loti lesotense'),(428,'LV','LVA',371,'Letonia','Europa',NULL,'LVL','Lat letón'),(430,'LR','LBR',231,'Liberia','África',NULL,'LRD','Dólar liberiano'),(434,'LY','LBY',218,'Libia','África',NULL,'LYD','Dinar libio'),(438,'LI','LIE',423,'Liechtenstein','Europa',NULL,NULL,NULL),(440,'LT','LTU',370,'Lituania','Europa',NULL,'LTL','Litas lituano'),(442,'LU','LUX',352,'Luxemburgo','Europa',NULL,'EUR','Euro'),(446,'MO','MAC',853,'Macao','Asia',NULL,'MOP','Pataca de Macao'),(450,'MG','MDG',261,'Madagascar','África',NULL,'MGA','Ariary malgache'),(454,'MW','MWI',265,'Malaui','África',NULL,'MWK','Kwacha malauiano'),(458,'MY','MYS',60,'Malasia','Asia',NULL,'MYR','Ringgit malayo'),(462,'MV','MDV',960,'Maldivas','Asia',NULL,'MVR','Rufiyaa maldiva'),(466,'ML','MLI',223,'Malí','África',NULL,NULL,NULL),(470,'MT','MLT',356,'Malta','Europa',NULL,'MTL','Lira maltesa'),(474,'MQ','MTQ',0,'Martinica','América','El Caribe',NULL,NULL),(478,'MR','MRT',222,'Mauritania','África',NULL,'MRO','Ouguiya mauritana'),(480,'MU','MUS',230,'Mauricio','África',NULL,'MUR','Rupia mauricia'),(484,'MX','MEX',52,'México','América','América del Norte','MXN','Peso mexicano'),(492,'MC','MCO',377,'Mónaco','Europa',NULL,NULL,NULL),(496,'MN','MNG',976,'Mongolia','Asia',NULL,'MNT','Tughrik mongol'),(498,'MD','MDA',373,'Moldavia','Europa',NULL,'MDL','Leu moldavo'),(499,'ME','MNE',382,'Montenegro','Europa',NULL,NULL,NULL),(500,'MS','MSR',1664,'Montserrat','América','El Caribe',NULL,NULL),(504,'MA','MAR',212,'Marruecos','África',NULL,'MAD','Dirham marroquí'),(508,'MZ','MOZ',258,'Mozambique','África',NULL,'MZM','Metical mozambiqueño'),(512,'OM','OMN',968,'Omán','Asia',NULL,'OMR','Rial omaní'),(516,'NA','NAM',264,'Namibia','África',NULL,'NAD','Dólar namibio'),(520,'NR','NRU',674,'Nauru','Oceanía',NULL,NULL,NULL),(524,'NP','NPL',977,'Nepal','Asia',NULL,'NPR','Rupia nepalesa'),(528,'NL','NLD',31,'Países Bajos','Europa',NULL,'EUR','Euro'),(530,'AN','ANT',599,'Antillas Holandesas','América','El Caribe','ANG','Florín antillano neerlandés'),(533,'AW','ABW',297,'Aruba','América','El Caribe','AWG','Florín arubeño'),(540,'NC','NCL',687,'Nueva Caledonia','Oceanía',NULL,NULL,NULL),(548,'VU','VUT',678,'Vanuatu','Oceanía',NULL,'VUV','Vatu vanuatense'),(554,'NZ','NZL',64,'Nueva Zelanda','Oceanía',NULL,'NZD','Dólar neozelandés'),(558,'NI','NIC',505,'Nicaragua','América','América Central','NIO','Córdoba nicaragüense'),(562,'NE','NER',227,'Níger','África',NULL,NULL,NULL),(566,'NG','NGA',234,'Nigeria','África',NULL,'NGN','Naira nigeriana'),(570,'NU','NIU',683,'Niue','Oceanía',NULL,NULL,NULL),(574,'NF','NFK',0,'Isla Norfolk','Oceanía',NULL,NULL,NULL),(578,'NO','NOR',47,'Noruega','Europa',NULL,'NOK','Corona noruega'),(580,'MP','MNP',1670,'Islas Marianas del Norte','Oceanía',NULL,NULL,NULL),(581,'UM','UMI',0,'Islas Ultramarinas de Estados Unidos',NULL,NULL,NULL,NULL),(583,'FM','FSM',691,'Micronesia','Oceanía',NULL,NULL,NULL),(584,'MH','MHL',692,'Islas Marshall','Oceanía',NULL,NULL,NULL),(585,'PW','PLW',680,'Palaos','Oceanía',NULL,NULL,NULL),(586,'PK','PAK',92,'Pakistán','Asia',NULL,'PKR','Rupia pakistaní'),(591,'PA','PAN',507,'Panamá','América','América Central','PAB','Balboa panameña'),(598,'PG','PNG',675,'Papúa Nueva Guinea','Oceanía',NULL,'PGK','Kina de Papúa Nueva Guinea'),(600,'PY','PRY',595,'Paraguay','América','América del Sur','PYG','Guaraní paraguayo'),(604,'PE','PER',51,'Perú','América','América del Sur','PEN','Nuevo sol peruano'),(608,'PH','PHL',63,'Filipinas','Asia',NULL,'PHP','Peso filipino'),(612,'PN','PCN',870,'Islas Pitcairn','Oceanía',NULL,NULL,NULL),(616,'PL','POL',48,'Polonia','Europa',NULL,'PLN','zloty polaco'),(620,'PT','PRT',351,'Portugal','Europa',NULL,'EUR','Euro'),(624,'GW','GNB',245,'Guinea-Bissau','África',NULL,NULL,NULL),(626,'TL','TLS',670,'Timor Oriental','Asia',NULL,NULL,NULL),(630,'PR','PRI',1,'Puerto Rico','América','El Caribe',NULL,NULL),(634,'QA','QAT',974,'Qatar','Asia',NULL,'QAR','Rial qatarí'),(638,'RE','REU',262,'Reunión','África',NULL,NULL,NULL),(642,'RO','ROU',40,'Rumania','Europa',NULL,'RON','Leu rumano'),(643,'RU','RUS',7,'Rusia','Asia',NULL,'RUB','Rublo ruso'),(646,'RW','RWA',250,'Ruanda','África',NULL,'RWF','Franco ruandés'),(654,'SH','SHN',290,'Santa Helena','África',NULL,'SHP','Libra de Santa Helena'),(659,'KN','KNA',1869,'San Cristóbal y Nieves','América','El Caribe',NULL,NULL),(660,'AI','AIA',1264,'Anguila','América','El Caribe',NULL,NULL),(662,'LC','LCA',1758,'Santa Lucía','América','El Caribe',NULL,NULL),(666,'PM','SPM',508,'San Pedro y Miquelón','América','América del Norte',NULL,NULL),(670,'VC','VCT',1784,'San Vicente y las Granadinas','América','El Caribe',NULL,NULL),(674,'SM','SMR',378,'San Marino','Europa',NULL,NULL,NULL),(678,'ST','STP',239,'Santo Tomé y Príncipe','África',NULL,'STD','Dobra de Santo Tomé y Príncipe'),(682,'SA','SAU',966,'Arabia Saudí','Asia',NULL,'SAR','Riyal saudí'),(686,'SN','SEN',221,'Senegal','África',NULL,NULL,NULL),(688,'RS','SRB',381,'Serbia','Europa',NULL,NULL,NULL),(690,'SC','SYC',248,'Seychelles','África',NULL,'SCR','Rupia de Seychelles'),(694,'SL','SLE',232,'Sierra Leona','África',NULL,'SLL','Leone de Sierra Leona'),(702,'SG','SGP',65,'Singapur','Asia',NULL,'SGD','Dólar de Singapur'),(703,'SK','SVK',421,'Eslovaquia','Europa',NULL,'SKK','Corona eslovaca'),(704,'VN','VNM',84,'Vietnam','Asia',NULL,'VND','Dong vietnamita'),(705,'SI','SVN',386,'Eslovenia','Europa',NULL,NULL,NULL),(706,'SO','SOM',252,'Somalia','África',NULL,'SOS','Chelín somalí'),(710,'ZA','ZAF',27,'Sudáfrica','África',NULL,'ZAR','Rand sudafricano'),(716,'ZW','ZWE',263,'Zimbabue','África',NULL,'ZWL','Dólar zimbabuense'),(724,'ES','ESP',34,'España','Europa',NULL,'EUR','Euro'),(732,'EH','ESH',0,'Sahara Occidental','África',NULL,NULL,NULL),(736,'SD','SDN',249,'Sudán','África',NULL,'SDD','Dinar sudanés'),(740,'SR','SUR',597,'Surinam','América','América del Sur','SRD','Dólar surinamés'),(744,'SJ','SJM',0,'Svalbard y Jan Mayen','Europa',NULL,NULL,NULL),(748,'SZ','SWZ',268,'Suazilandia','África',NULL,'SZL','Lilangeni suazi'),(752,'SE','SWE',46,'Suecia','Europa',NULL,'SEK','Corona sueca'),(756,'CH','CHE',41,'Suiza','Europa',NULL,'CHF','Franco suizo'),(760,'SY','SYR',963,'Siria','Asia',NULL,'SYP','Libra siria'),(762,'TJ','TJK',992,'Tayikistán','Asia',NULL,'TJS','Somoni tayik (de Tayikistán)'),(764,'TH','THA',66,'Tailandia','Asia',NULL,'THB','Baht tailandés'),(768,'TG','TGO',228,'Togo','África',NULL,NULL,NULL),(772,'TK','TKL',690,'Tokelau','Oceanía',NULL,NULL,NULL),(776,'TO','TON',676,'Tonga','Oceanía',NULL,'TOP','Pa\'anga tongano'),(780,'TT','TTO',1868,'Trinidad y Tobago','América','El Caribe','TTD','Dólar de Trinidad y Tobago'),(784,'AE','ARE',971,'Emiratos Árabes Unidos','Asia',NULL,'AED','Dirham de los Emiratos Árabes Unidos'),(788,'TN','TUN',216,'Túnez','África',NULL,'TND','Dinar tunecino'),(792,'TR','TUR',90,'Turquía','Asia',NULL,'TRY','Lira turca'),(795,'TM','TKM',993,'Turkmenistán','Asia',NULL,'TMM','Manat turcomano'),(796,'TC','TCA',1649,'Islas Turcas y Caicos','América','El Caribe',NULL,NULL),(798,'TV','TUV',688,'Tuvalu','Oceanía',NULL,NULL,NULL),(800,'UG','UGA',256,'Uganda','África',NULL,'UGX','Chelín ugandés'),(804,'UA','UKR',380,'Ucrania','Europa',NULL,'UAH','Grivna ucraniana'),(807,'MK','MKD',389,'Macedonia','Europa',NULL,'MKD','Denar macedonio'),(818,'EG','EGY',20,'Egipto','África',NULL,'EGP','Libra egipcia'),(826,'GB','GBR',44,'Reino Unido','Europa',NULL,'GBP','Libra esterlina (libra de Gran Bretaña)'),(834,'TZ','TZA',255,'Tanzania','África',NULL,'TZS','Chelín tanzano'),(840,'US','USA',1,'Estados Unidos','América','América del Norte','USD','Dólar estadounidense'),(850,'VI','VIR',1340,'Islas Vírgenes de los Estados Unidos','América','El Caribe',NULL,NULL),(854,'BF','BFA',226,'Burkina Faso','África',NULL,NULL,NULL),(858,'UY','URY',598,'Uruguay','América','América del Sur','UYU','Peso uruguayo'),(860,'UZ','UZB',998,'Uzbekistán','Asia',NULL,'UZS','Som uzbeko'),(862,'VE','VEN',58,'Venezuela','América','América del Sur','VEB','Bolívar venezolano'),(876,'WF','WLF',681,'Wallis y Futuna','Oceanía',NULL,NULL,NULL),(882,'WS','WSM',685,'Samoa','Oceanía',NULL,'WST','Tala samoana'),(887,'YE','YEM',967,'Yemen','Asia',NULL,'YER','Rial yemení (de Yemen)'),(894,'ZM','ZMB',260,'Zambia','África',NULL,'ZMK','Kwacha zambiano');
/*!40000 ALTER TABLE `pais` ENABLE KEYS */;
UNLOCK TABLES;

--
-- Table structure for table `reglas_cupones`
--

DROP TABLE IF EXISTS `reglas_cupones`;
/*!40101 SET @saved_cs_client     = @@character_set_client */;
/*!40101 SET character_set_client = utf8 */;
CREATE TABLE `reglas_cupones` (
  `id` int(11) NOT NULL AUTO_INCREMENT,
  `configuracion_id` int(11) NOT NULL,
  `monto` double DEFAULT NULL,
  `descuento` double DEFAULT NULL,
  `tipo_descuento` varchar(50) DEFAULT NULL,
  PRIMARY KEY (`id`),
  KEY `fk_reglas_cupones_configuracion1_idx` (`configuracion_id`),
  CONSTRAINT `fk_reglas_cupones_configuracion1` FOREIGN KEY (`configuracion_id`) REFERENCES `configuracion` (`id`) ON DELETE NO ACTION ON UPDATE NO ACTION
) ENGINE=InnoDB AUTO_INCREMENT=17 DEFAULT CHARSET=latin1;
/*!40101 SET character_set_client = @saved_cs_client */;

--
-- Dumping data for table `reglas_cupones`
--

LOCK TABLES `reglas_cupones` WRITE;
/*!40000 ALTER TABLE `reglas_cupones` DISABLE KEYS */;
INSERT INTO `reglas_cupones` VALUES (16,1,300,10,'€');
/*!40000 ALTER TABLE `reglas_cupones` ENABLE KEYS */;
UNLOCK TABLES;

--
-- Table structure for table `reserva`
--

DROP TABLE IF EXISTS `reserva`;
/*!40101 SET @saved_cs_client     = @@character_set_client */;
/*!40101 SET character_set_client = utf8 */;
CREATE TABLE `reserva` (
  `id` int(11) NOT NULL AUTO_INCREMENT,
  `usuario_id` int(11) NOT NULL,
  `peticiones_especiales` text,
  `tiempo_creacion` timestamp NULL DEFAULT NULL,
  `ultima_modificacion` timestamp NULL DEFAULT NULL,
  `hora_prevista` varchar(45) DEFAULT NULL,
  `total` double DEFAULT NULL,
  `moneda` varchar(45) DEFAULT NULL,
  `estado` varchar(45) DEFAULT NULL,
  PRIMARY KEY (`id`),
  KEY `fk_reserva_usuario1_idx` (`usuario_id`),
  CONSTRAINT `fk_reserva_usuario1` FOREIGN KEY (`usuario_id`) REFERENCES `usuario` (`id`) ON DELETE NO ACTION ON UPDATE NO ACTION
) ENGINE=InnoDB AUTO_INCREMENT=10 DEFAULT CHARSET=latin1;
/*!40101 SET character_set_client = @saved_cs_client */;

--
-- Dumping data for table `reserva`
--

LOCK TABLES `reserva` WRITE;
/*!40000 ALTER TABLE `reserva` DISABLE KEYS */;
INSERT INTO `reserva` VALUES (1,1,'','2013-11-26 23:00:00','0000-00-00 00:00:00','',118.8,'',''),(2,2,'','2013-11-30 23:00:00','0000-00-00 00:00:00','',621.76,'',''),(3,3,'','2013-12-01 23:00:00','0000-00-00 00:00:00','',533.36,'',''),(4,4,'','2013-12-01 23:00:00','0000-00-00 00:00:00','',533.36,'',''),(5,5,'','2013-12-01 23:00:00','0000-00-00 00:00:00','',373.08,'',''),(6,7,'','2013-12-01 23:00:00','0000-00-00 00:00:00','',469.8,'',''),(7,8,'','2013-12-05 23:00:00','0000-00-00 00:00:00','',6659,'',''),(8,9,'','2013-12-06 23:00:00','0000-00-00 00:00:00','',354.4,'',''),(9,10,'','2013-12-07 23:00:00','0000-00-00 00:00:00','',509,'','');
/*!40000 ALTER TABLE `reserva` ENABLE KEYS */;
UNLOCK TABLES;

--
-- Table structure for table `reserva_pago`
--

DROP TABLE IF EXISTS `reserva_pago`;
/*!40101 SET @saved_cs_client     = @@character_set_client */;
/*!40101 SET character_set_client = utf8 */;
CREATE TABLE `reserva_pago` (
  `id` int(11) NOT NULL AUTO_INCREMENT,
  `forma_pago` varchar(45) DEFAULT NULL,
  `autorizacion` text,
  `request` text,
  `importe` double DEFAULT NULL,
  `concepto` text,
  `estado` varchar(45) DEFAULT NULL,
  `tiempo_creacion` timestamp NULL DEFAULT NULL,
  `ultima_modificacion` timestamp NULL DEFAULT NULL,
  `origen` varchar(45) DEFAULT NULL,
  `validada` tinyint(1) DEFAULT NULL,
  `comentario` text,
  `tipo` varchar(45) DEFAULT NULL,
  `reserva_id` int(11) NOT NULL,
  `tarjeta_tipo` varchar(45) DEFAULT NULL,
  `caducidad_mes` int(11) DEFAULT NULL,
  `caducidad_anio` int(11) DEFAULT NULL,
  `paypal` text,
  `tarjeta_numero` text,
  `cvv` text,
  `moneda_id` int(11) DEFAULT NULL,
  PRIMARY KEY (`id`),
  KEY `fk_reserva_pago_reserva1_idx` (`reserva_id`),
  KEY `fk_reserva_pago_moneda1_idx` (`moneda_id`),
  CONSTRAINT `fk_reserva_pago_reserva1` FOREIGN KEY (`reserva_id`) REFERENCES `reserva` (`id`) ON DELETE NO ACTION ON UPDATE NO ACTION,
  CONSTRAINT `fk_reserva_pago_moneda1` FOREIGN KEY (`moneda_id`) REFERENCES `moneda` (`id`) ON DELETE NO ACTION ON UPDATE NO ACTION
) ENGINE=InnoDB AUTO_INCREMENT=10 DEFAULT CHARSET=latin1;
/*!40101 SET character_set_client = @saved_cs_client */;

--
-- Dumping data for table `reserva_pago`
--

LOCK TABLES `reserva_pago` WRITE;
/*!40000 ALTER TABLE `reserva_pago` DISABLE KEYS */;
INSERT INTO `reserva_pago` VALUES (1,'tarjeta','','',118.8,'','','0000-00-00 00:00:00','0000-00-00 00:00:00','http://or.vikatickets.com',NULL,'','pago',1,'MasterCard',1,2014,'','5593045978791827','123',NULL),(2,'tarjeta','','',621.76,'','','0000-00-00 00:00:00','0000-00-00 00:00:00','http://or.vikatickets.com',NULL,'','pago',2,'Visa',1,2015,'','4716767213050942','655',NULL),(3,'tarjeta','','',533.36,'','','0000-00-00 00:00:00','0000-00-00 00:00:00','http://or.vikatickets.com',NULL,'','pago',3,'Visa',1,2015,'','4485900407582227','756',NULL),(4,'tarjeta','','',533.36,'','','0000-00-00 00:00:00','0000-00-00 00:00:00','http://or.vikatickets.com',NULL,'','pago',4,'Visa',1,2015,'','4485900407582227','756',NULL),(5,'tarjeta','','',373.08,'','','0000-00-00 00:00:00','0000-00-00 00:00:00','http://or.vikatickets.com',NULL,'','pago',5,'Visa',1,2014,'','4624582300883837','5444',NULL),(6,'tarjeta','','',469.8,'','','0000-00-00 00:00:00','0000-00-00 00:00:00','http://or.vikatickets.com',NULL,'','pago',6,'MasterCard',6,2014,'','5282471792816655','123',NULL),(7,'tarjeta','','',6659,'','','0000-00-00 00:00:00','0000-00-00 00:00:00','http://or.vikatickets.com',NULL,'','pago',7,'Visa',1,2014,'','4539790565525415','1231',NULL),(8,'tarjeta','','',354.4,'','','0000-00-00 00:00:00','0000-00-00 00:00:00','http://or.vikatickets.com',NULL,'','pago',8,'MasterCard',2,2016,'','5490798175751622','6777',NULL),(9,'tarjeta','','',509,'','','0000-00-00 00:00:00','0000-00-00 00:00:00','http://or.vikatickets.com',NULL,'','pago',9,'MasterCard',10,2014,'','5120372180327501','1231',NULL);
/*!40000 ALTER TABLE `reserva_pago` ENABLE KEYS */;
UNLOCK TABLES;

--
-- Table structure for table `reserva_producto`
--

DROP TABLE IF EXISTS `reserva_producto`;
/*!40101 SET @saved_cs_client     = @@character_set_client */;
/*!40101 SET character_set_client = utf8 */;
CREATE TABLE `reserva_producto` (
  `id` int(11) NOT NULL AUTO_INCREMENT,
  `reserva_id` int(11) NOT NULL,
  `nombre` varchar(45) DEFAULT NULL,
  `tipo` varchar(45) DEFAULT NULL,
  `precio_unitario` double DEFAULT NULL,
  `cantidad` double DEFAULT NULL,
  `inicio` timestamp NULL DEFAULT NULL,
  `final` timestamp NULL DEFAULT NULL,
  PRIMARY KEY (`id`),
  KEY `fk_reserva_producto_reserva1_idx` (`reserva_id`),
  CONSTRAINT `fk_reserva_producto_reserva1` FOREIGN KEY (`reserva_id`) REFERENCES `reserva` (`id`) ON DELETE NO ACTION ON UPDATE NO ACTION
) ENGINE=InnoDB AUTO_INCREMENT=23 DEFAULT CHARSET=latin1;
/*!40101 SET character_set_client = @saved_cs_client */;

--
-- Dumping data for table `reserva_producto`
--

LOCK TABLES `reserva_producto` WRITE;
/*!40000 ALTER TABLE `reserva_producto` DISABLE KEYS */;
INSERT INTO `reserva_producto` VALUES (1,1,' Apartamento de 1 dormitorio (2 adultos) ','apartamento',118.8,1,'2013-12-16 23:00:00','2013-12-19 23:00:00'),(2,2,' Habitación Doble - 2 camas ','apartamento',607.36,1,'2014-01-06 23:00:00','2014-01-14 23:00:00'),(3,2,'','excursion',14.4,1,'2014-01-07 23:00:00','2014-01-07 23:00:00'),(4,3,' Habitación Doble - 2 camas ','apartamento',463.96,1,'2013-12-10 23:00:00','2013-12-17 23:00:00'),(5,3,'','excursion',14.4,1,'2013-12-11 23:00:00','2013-12-11 23:00:00'),(6,3,'','excursion',55,1,'2013-12-11 23:00:00','2013-12-11 23:00:00'),(7,3,'','excursion',0,1,'2013-12-11 23:00:00','2013-12-11 23:00:00'),(8,4,' Habitación Doble - 2 camas ','apartamento',463.96,1,'2013-12-10 23:00:00','2013-12-17 23:00:00'),(9,4,'','excursion',14.4,1,'2013-12-11 23:00:00','2013-12-11 23:00:00'),(10,4,'','excursion',55,1,'2013-12-11 23:00:00','2013-12-11 23:00:00'),(11,4,'','excursion',0,1,'2013-12-11 23:00:00','2013-12-11 23:00:00'),(12,5,' Habitación Doble - 2 camas ','apartamento',303.68,1,'2014-01-15 23:00:00','2014-01-19 23:00:00'),(13,5,'','excursion',14.4,1,'2014-01-16 23:00:00','2014-01-16 23:00:00'),(14,5,'','excursion',55,1,'2014-01-16 23:00:00','2014-01-16 23:00:00'),(15,6,' Apartamento de 1 dormitorio (2 adultos) ','apartamento',441,1,'2014-02-10 23:00:00','2014-02-20 23:00:00'),(16,6,'Transfer Aeropuerto','excursion',14.4,1,'2014-02-10 23:00:00','2014-02-10 23:00:00'),(17,6,'Transfer Aeropuerto','excursion',14.4,1,'2014-02-10 23:00:00','2014-02-10 23:00:00'),(18,7,' Apartamento de 1 dormitorio (2 adultos) ','apartamento',6401,1,'2014-02-09 23:00:00','2014-02-17 23:00:00'),(19,7,'Transfer Aeropuerto','excursion',258,1,'2014-02-09 23:00:00','2014-02-09 23:00:00'),(20,8,' Apartamento de 1 dormitorio (2 adultos) ','apartamento',354.4,1,'2013-12-11 23:00:00','2013-12-20 23:00:00'),(21,9,' Apartamento de 1 dormitorio (2 adultos) ','apartamento',491,1,'2014-02-09 23:00:00','2014-02-17 23:00:00'),(22,9,'Transfer Aeropuerto','excursion',18,1,'2014-02-09 23:00:00','2014-02-09 23:00:00');
/*!40000 ALTER TABLE `reserva_producto` ENABLE KEYS */;
UNLOCK TABLES;

--
-- Table structure for table `servicio`
--

DROP TABLE IF EXISTS `servicio`;
/*!40101 SET @saved_cs_client     = @@character_set_client */;
/*!40101 SET character_set_client = utf8 */;
CREATE TABLE `servicio` (
  `id` int(11) NOT NULL AUTO_INCREMENT,
  `nombre` text,
  `servicio_categoria_id` int(11) NOT NULL,
  `tipo` varchar(45) DEFAULT NULL,
  `descripcion` text,
  PRIMARY KEY (`id`),
  KEY `fk_servicio_servicio_categoria1_idx` (`servicio_categoria_id`),
  CONSTRAINT `fk_servicio_servicio_categoria1` FOREIGN KEY (`servicio_categoria_id`) REFERENCES `servicio_categoria` (`id`) ON DELETE NO ACTION ON UPDATE NO ACTION
) ENGINE=InnoDB AUTO_INCREMENT=1132 DEFAULT CHARSET=latin1;
/*!40101 SET character_set_client = @saved_cs_client */;

--
-- Dumping data for table `servicio`
--

LOCK TABLES `servicio` WRITE;
/*!40000 ALTER TABLE `servicio` DISABLE KEYS */;
INSERT INTO `servicio` VALUES (127,'{\"es\":\"Barbacoa\",\"en-us\":\"Barbacoa\",\"de\":\"Grillm\\u00f6glichkeiten\",\"fr\":\"installations pour barbecue\",\"it\":\"barbecue\"}',9,'hotel',''),(624,'{\"pt\":\"e custos adicionais s\\u00e3o aplic\\u00e1veis.\"}',27,'hotel',''),(895,'{\"es\":\"Terraza \\/ sol\\u00e1rium\",\"en\":\"Sun Deck\",\"de\":\"Sonnenterrasse\",\"fr\":\"terrasse bien expos\\u00e9e\",\"it\":\"terrazza solarium\",\"pt\":\"Terra\\u00e7o\"}',125,'hotel',''),(896,'{\"es\":\"Piscina al aire libre\",\"en\":\"Outdoor Pool\",\"de\":\"Au\\u00dfenpool\",\"fr\":\"piscine ext\\u00e9rieure\",\"it\":\"piscina all\'aperto\",\"pt\":\"Piscina ao ar livre\"}',125,'hotel',''),(897,'{\"es\":\"Gimnasio\",\"en\":\"Fitness Center\",\"de\":\"Fitnesscenter\",\"fr\":\"centre de remise en forme\",\"it\":\"palestra\",\"pt\":\"Academia\"}',126,'hotel',''),(898,'{\"es\":\"Masajes\",\"en\":\"Massage\",\"de\":\"Massage\",\"fr\":\"massage\",\"it\":\"massaggi\",\"pt\":\"Servi\\u00e7os de massagem\"}',126,'hotel',''),(899,'{\"es\":\"Billar\",\"en\":\"Pool Table\",\"de\":\"Billard\",\"fr\":\"billard\",\"it\":\"biliardo\",\"pt\":\"Bilhar\"}',126,'hotel',''),(900,'{\"es\":\"Squash\",\"en\":\"Racquetball\",\"de\":\"Squash\",\"fr\":\"squash\",\"it\":\"squash\",\"pt\":\"Squash\"}',126,'hotel',''),(901,'{\"es\":\"Restaurante\",\"en\":\"Restaurant\",\"de\":\"Restaurant\",\"fr\":\"restaurant\",\"it\":\"ristorante\",\"pt\":\"Restaurante\"}',127,'hotel',''),(902,'{\"es\":\"Bar\",\"en\":\"Bar\",\"de\":\"Bar\",\"fr\":\"bar\",\"it\":\"bar\",\"pt\":\"Bar\"}',127,'hotel',''),(903,'{\"es\":\"Restaurante (a la carta)\",\"en\":\"Restaurant With Dining Menu\",\"de\":\"Restaurant (\\u00e0 la carte)\",\"fr\":\"restaurant (\\u00e0 la carte)\",\"it\":\"ristorante (\\u00e0 la carte)\",\"pt\":\"Restaurante (\\u00e0 la carte)\"}',127,'hotel',''),(904,'{\"es\":\"Snack-bar\",\"en\":\"Snack Bar\",\"de\":\"Snackbar\",\"fr\":\"snack-bar\",\"it\":\"snack bar\",\"pt\":\"Lanchonete\"}',127,'hotel',''),(905,'{\"es\":\"Hay conexi\\u00f3n a internet Wi-Fi disponible en las zonas comunes. De pago.\",\"en\":\"Wi-Fi is available in public areas and charges apply.\",\"de\":\"WLAN ist in den \\u00f6ffentlichen Bereichen nutzbar gegen Geb\\u00fchren.\",\"fr\":\"Une connexion Wi-Fi est disponible dans les parties communes en suppl\\u00e9ment.\",\"it\":\"Internet Wi-Fi disponibile a pagamento nelle aree comuni.\",\"pt\":\"Acesso Wi-Fi dispon\\u00edvel nas \\u00e1reas p\\u00fablicas\"}',128,'hotel',''),(906,'{\"es\":\"No hay parking.\",\"en\":\"No parking available.\",\"de\":\"Es stehen keine Parkm\\u00f6glichkeiten zur Verf\\u00fcgung.\",\"fr\":\"L\'\\u00e9tablissement ne dispose pas de parking.\",\"it\":\"Parcheggio non disponibile\",\"pt\":\"Sem estacionamento dispon\\u00edvel.\"}',129,'hotel',''),(907,'{\"es\":\"Recepci\\u00f3n 24 horas\",\"en\":\"24-Hour Front Desk\",\"de\":\"24-Stunden-Rezeption\",\"fr\":\"r\\u00e9ception ouverte 24h\\/24\",\"it\":\"reception 24 ore su 24\",\"pt\":\"Recep\\u00e7\\u00e3o 24 horas\"}',130,'hotel',''),(908,'{\"es\":\"Guardaequipaje\",\"en\":\"Baggage Storage\",\"de\":\"Gep\\u00e4ckaufbewahrung\",\"fr\":\"bagagerie\",\"it\":\"deposito bagagli\",\"pt\":\"Dep\\u00f3sito de bagagens\"}',130,'hotel',''),(909,'{\"es\":\"Cambio de moneda\",\"en\":\"Currency Exchange\",\"de\":\"W\\u00e4hrungsumtausch\",\"fr\":\"service de change\",\"it\":\"cambio valuta\",\"pt\":\"C\\u00e2mbio de moedas\"}',130,'hotel',''),(910,'{\"es\":\"Alquiler de coches\",\"en\":\"Car Rental\",\"de\":\"Autovermietung\",\"fr\":\"location de voitures\",\"it\":\"autonoleggio\",\"pt\":\"Aluguel de carros\"}',130,'hotel',''),(911,'{\"es\":\"Fax \\/ fotocopiadora\",\"en\":\"Fax\\/Photocopying\",\"de\":\"Fax- u. Fotokopiereinrichtungen\",\"fr\":\"fax\\/photocopies\",\"it\":\"fax\\/fotocopiatrice\",\"pt\":\"Fax \\/ Fotoc\\u00f3pia\"}',130,'hotel',''),(912,'{\"es\":\"Servicio de traslado (de pago)\",\"en\":\"Shuttle Service (Surcharge)\",\"de\":\"Shuttleservice (gegen Aufpreis)\",\"fr\":\"service de navette (en suppl\\u00e9ment)\",\"it\":\"servizio navetta (a pagamento)\",\"pt\":\"Servi\\u00e7o de translado (custo adicional)\"}',130,'hotel',''),(913,'{\"es\":\"Habitaciones no fumadores\",\"en\":\"Non-smoking Rooms\",\"de\":\"Nichtraucherzimmer\",\"fr\":\"chambres non-fumeurs\",\"it\":\"camere non fumatori\",\"pt\":\"Quartos n\\u00e3o-fumantes\"}',131,'hotel',''),(914,'{\"es\":\"Habitaciones familiares\",\"en\":\"Family Rooms\",\"de\":\"Familienzimmer\",\"fr\":\"chambres familiales\",\"it\":\"disponibilit\\u00e0 di camere familiari\",\"pt\":\"Quartos para fam\\u00edlias\"}',131,'hotel',''),(915,'{\"es\":\"Ascensor\",\"en\":\"Elevator\",\"de\":\"Aufzug\",\"fr\":\"ascenseur\",\"it\":\"ascensore\",\"pt\":\"Elevador\"}',131,'hotel',''),(916,'{\"es\":\"Caja fuerte\",\"en\":\"Safe\",\"de\":\"Safe\",\"fr\":\"coffre-fort\",\"it\":\"cassaforte\",\"pt\":\"Cofre\"}',131,'hotel',''),(917,'{\"es\":\"Prohibido fumar en todo el recinto del hotel\",\"en\":\"All Spaces Non-Smoking (Public and Private)\",\"de\":\"Nichtraucherunterkunft (Alle \\u00f6ffentlichen und privaten Bereiche sind Nichtraucherzonen)\",\"fr\":\"Toutes les parties communes et priv\\u00e9es sont non-fumeurs\",\"it\":\"struttura interamente non fumatori\",\"pt\":\"Proibido fumar em todo hotel\"}',131,'hotel',''),(918,'{\"es\":\"italiano\",\"en\":\"Italian\",\"de\":\"Italienisch\",\"fr\":\"italien\",\"it\":\"italiano\",\"pt\":\"Italiano\"}',132,'hotel',''),(919,'{\"es\":\"espa\\u00f1ol\",\"en\":\"Spanish\",\"de\":\"Spanisch\",\"fr\":\"espagnol\",\"it\":\"spagnolo\",\"pt\":\"Espanhol\"}',132,'hotel',''),(920,'{\"es\":\"ingl\\u00e9s\",\"en\":\"English\",\"de\":\"Englisch\",\"fr\":\"anglais\",\"it\":\"inglese\",\"pt\":\"Ingl\\u00eas\"}',132,'hotel',''),(921,'{\"es\":\"franc\\u00e9s\",\"en\":\"French\",\"de\":\"Franz\\u00f6sisch\",\"fr\":\"fran\\u00e7ais\",\"it\":\"francese\",\"pt\":\"Franc\\u00eas\"}',132,'hotel',''),(922,'{\"es\":\"alem\\u00e1n\",\"en\":\"German\",\"de\":\"Deutsch\",\"fr\":\"allemand\",\"it\":\"tedesco\",\"pt\":\"Alem\\u00e3o\"}',132,'hotel',''),(923,'{\"es\":\"Jard\\u00edn\",\"en\":\"Grounds\",\"de\":\"Garten\",\"fr\":\"jardin\",\"it\":\"giardino\",\"pt\":\"Jardim\"}',125,'hotel',''),(924,'{\"es\":\"Pista de tenis\",\"en\":\"Tennis Court\",\"de\":\"Tennisplatz\",\"fr\":\"court de tennis\",\"it\":\"campo da tennis\",\"pt\":\"Quadra de t\\u00eanis\"}',126,'hotel',''),(925,'{\"es\":\"Zona de juegos infantil\",\"en\":\"Playground\",\"de\":\"Kinderspielplatz\",\"fr\":\"aire de jeux pour enfants\",\"it\":\"area giochi\",\"pt\":\"Parquinho infantil\"}',126,'hotel',''),(926,'{\"es\":\"Windsurf\",\"en\":\"Windsurfing\",\"de\":\"Windsurfen\",\"fr\":\"planche \\u00e0 voile\",\"it\":\"windsurf\",\"pt\":\"Windsurfe\"}',126,'hotel',''),(927,'{\"es\":\"Ciclismo\",\"en\":\"Cycling\",\"de\":\"Radfahren\",\"fr\":\"randonn\\u00e9e \\u00e0 v\\u00e9lo\",\"it\":\"escursioni in bicicletta\",\"pt\":\"Ciclismo\"}',126,'hotel',''),(928,'{\"es\":\"Submarinismo\",\"en\":\"Diving\",\"de\":\"Tauchen\",\"fr\":\"plong\\u00e9e sous-marine\",\"it\":\"immersioni subacquee\",\"pt\":\"Mergulho\"}',126,'hotel',''),(929,'{\"es\":\"Snorkel\",\"en\":\"Snorkeling\",\"de\":\"Schnorcheln\",\"fr\":\"plong\\u00e9e avec tuba\",\"it\":\"snorkeling\",\"pt\":\"Mergulho com snorkel\"}',126,'hotel',''),(930,'{\"es\":\"Alquiler de bicicletas\",\"en\":\"Bicycle Rental\",\"de\":\"Fahrradverleih\",\"fr\":\"location de v\\u00e9los\",\"it\":\"noleggio biciclette\",\"pt\":\"Aluguel de bicicletas\"}',126,'hotel',''),(931,'{\"es\":\"Hay conexi\\u00f3n a internet Wi-Fi disponible en algunas habitaciones. De pago.\",\"en\":\"Wi-Fi is available in some hotel rooms and charges apply.\",\"de\":\"WLAN ist in einigen Hotelzimmern nutzbar gegen Geb\\u00fchren.\",\"fr\":\"Une connexion Wi-Fi est disponible dans certaines chambres en suppl\\u00e9ment.\",\"it\":\"Internet Wi-Fi disponibile a pagamento in alcune camere.\",\"pt\":\"Acesso Wi-Fi dispon\\u00edvel em alguns quartos\"}',128,'hotel',''),(932,'{\"es\":\"Servicio de lavander\\u00eda\",\"en\":\"Laundry\",\"de\":\"Waschsalon\\/W\\u00e4scheservice\",\"fr\":\"blanchisserie\",\"it\":\"servizio lavanderia\",\"pt\":\"Lavanderia\"}',130,'hotel',''),(933,'{\"es\":\"Tienda de regalos \\/ recuerdos\",\"en\":\"Souvenir\\/Gift Shop\",\"de\":\"Souvenirgesch\\u00e4ft\",\"fr\":\"boutique de souvenirs \\/ cadeaux\",\"it\":\"negozio di souvenir\",\"pt\":\"Loja de souvenir\"}',130,'hotel',''),(934,'{\"es\":\"Informaci\\u00f3n tur\\u00edstica\",\"en\":\"Tour Desk\",\"de\":\"Informationsschalter f\\u00fcr Ausfl\\u00fcge\",\"fr\":\"bureau d\'excursions\",\"it\":\"banco escursioni\",\"pt\":\"Balc\\u00e3o de turismo\"}',130,'hotel',''),(935,'{\"es\":\"Adaptado personas de movilidad reducida\",\"en\":\"Facilities for Disabled Guests\",\"de\":\"Behindertenfreundlich\",\"fr\":\"accessible aux personnes \\u00e0 mobilit\\u00e9 r\\u00e9duite\",\"it\":\"camere\\/strutture per ospiti disabili\",\"pt\":\"Comodidades para h\\u00f3spedes com mobilidade reduzida\"}',131,'hotel',''),(936,'{\"es\":\"Tiendas en el hotel\",\"en\":\"Stores in Hotel\",\"de\":\"Gesch\\u00e4fte im Hotel\",\"fr\":\"boutiques dans l\'h\\u00f4tel\",\"it\":\"negozi\",\"pt\":\"Lojas no hotel\"}',131,'hotel',''),(937,'{\"es\":\"Aire acondicionado\",\"en\":\"Air Conditioning\",\"de\":\"Klimaanlage\",\"fr\":\"climatisation\",\"it\":\"aria condizionata\",\"pt\":\"Ar-condicionado\"}',131,'hotel',''),(977,'{\"es\":\"Jard\\u00edn\",\"en\":\"Grounds\",\"de\":\"Garten\",\"fr\":\"jardin\",\"it\":\"giardino\",\"ru\":\"\\u0421\\u0430\\u0434\",\"pt\":\"Jardim\"}',141,'hotel',''),(978,'{\"es\":\"Terraza\",\"en\":\"Terrace\",\"de\":\"Terrasse oder Innenhof\",\"fr\":\"terrasse\",\"it\":\"terrazza\",\"ru\":\"\\u0422\\u0435\\u0440\\u0440\\u0430\\u0441\\u0430\",\"pt\":\"Terra\\u00e7o\"}',141,'hotel',''),(979,'{\"es\":\"Terraza \\/ sol\\u00e1rium\",\"en\":\"Sun Deck\",\"de\":\"Sonnenterrasse\",\"fr\":\"terrasse bien expos\\u00e9e\",\"it\":\"terrazza solarium\",\"ru\":\"\\u0422\\u0435\\u0440\\u0440\\u0430\\u0441\\u0430 \\u0434\\u043b\\u044f \\u0437\\u0430\\u0433\\u0430\\u0440\\u0430\",\"pt\":\"Terra\\u00e7o\"}',141,'hotel',''),(980,'{\"es\":\"Piscina al aire libre (todo el a\\u00f1o)\",\"en\":\"Outdoor Pool (All Year)\",\"de\":\"Au\\u00dfenpool (ganzj\\u00e4hrig)\",\"fr\":\"piscine ext\\u00e9rieure (toute l\'ann\\u00e9e)\",\"it\":\"piscina all\'aperto (tutto l\'anno)\",\"ru\":\"\\u041e\\u0442\\u043a\\u0440\\u044b\\u0442\\u044b\\u0439 \\u0431\\u0430\\u0441\\u0441\\u0435\\u0439\\u043d (\\u0440\\u0430\\u0431\\u043e\\u0442\\u0430\\u0435\\u0442 \\u043a\\u0440\\u0443\\u0433\\u043b\\u044b\\u0439 \\u0433\\u043e\\u0434)\",\"pt\":\"Piscina (o ano inteiro)\"}',141,'hotel',''),(981,'{\"es\":\"Pista de tenis\",\"en\":\"Tennis Court\",\"de\":\"Tennisplatz\",\"fr\":\"court de tennis\",\"it\":\"campo da tennis\",\"ru\":\"\\u0422\\u0435\\u043d\\u043d\\u0438\\u0441\\u043d\\u044b\\u0439 \\u043a\\u043e\\u0440\\u0442\",\"pt\":\"Quadra de t\\u00eanis\"}',142,'hotel',''),(982,'{\"es\":\"Gimnasio\",\"en\":\"Fitness Center\",\"de\":\"Fitnesscenter\",\"fr\":\"centre de remise en forme\",\"it\":\"palestra\",\"ru\":\"\\u0424\\u0438\\u0442\\u043d\\u0435\\u0441-\\u0446\\u0435\\u043d\\u0442\\u0440\",\"pt\":\"Academia\"}',142,'hotel',''),(983,'{\"es\":\"Sala de juegos\",\"en\":\"Game Room\",\"de\":\"Spielzimmer\",\"fr\":\"salle de jeux\",\"it\":\"sala giochi\",\"ru\":\"\\u0418\\u0433\\u0440\\u043e\\u0432\\u0430\\u044f \\u043a\\u043e\\u043c\\u043d\\u0430\\u0442\\u0430\",\"pt\":\"Sal\\u00e3o de jogos\"}',142,'hotel',''),(984,'{\"es\":\"Sol\\u00e1rium\",\"en\":\"Solarium\",\"de\":\"Solarium\",\"fr\":\"solarium\",\"it\":\"solarium\",\"ru\":\"\\u0421\\u043e\\u043b\\u044f\\u0440\\u0438\\u0439\",\"pt\":\"Sol\\u00e1rio\"}',142,'hotel',''),(985,'{\"es\":\"Masajes\",\"en\":\"Massage\",\"de\":\"Massage\",\"fr\":\"massage\",\"it\":\"massaggi\",\"ru\":\"\\u041c\\u0430\\u0441\\u0441\\u0430\\u0436\",\"pt\":\"Servi\\u00e7os de massagem\"}',142,'hotel',''),(986,'{\"es\":\"Zona de juegos infantil\",\"en\":\"Playground\",\"de\":\"Kinderspielplatz\",\"fr\":\"aire de jeux pour enfants\",\"it\":\"area giochi\",\"ru\":\"\\u0414\\u0435\\u0442\\u0441\\u043a\\u0430\\u044f \\u0438\\u0433\\u0440\\u043e\\u0432\\u0430\\u044f \\u043f\\u043b\\u043e\\u0449\\u0430\\u0434\\u043a\\u0430\",\"pt\":\"Parquinho infantil\"}',142,'hotel',''),(987,'{\"es\":\"Billar\",\"en\":\"Pool Table\",\"de\":\"Billard\",\"fr\":\"billard\",\"it\":\"biliardo\",\"ru\":\"\\u0411\\u0438\\u043b\\u044c\\u044f\\u0440\\u0434\",\"pt\":\"Bilhar\"}',142,'hotel',''),(988,'{\"es\":\"Ping pong\",\"en\":\"Ping-Pong\",\"de\":\"Tischtennis\",\"fr\":\"tennis de table\",\"it\":\"ping-pong\",\"ru\":\"\\u041d\\u0430\\u0441\\u0442\\u043e\\u043b\\u044c\\u043d\\u044b\\u0439 \\u0442\\u0435\\u043d\\u043d\\u0438\\u0441\",\"pt\":\"T\\u00eanis de mesa\"}',142,'hotel',''),(989,'{\"es\":\"Dardos\",\"en\":\"Darts\",\"de\":\"Dart\",\"fr\":\"fl\\u00e9chettes\",\"it\":\"freccette\",\"ru\":\"\\u0414\\u0430\\u0440\\u0442\\u0441\",\"pt\":\"Jogo de dardos\"}',142,'hotel',''),(990,'{\"es\":\"Alquiler de bicicletas\",\"en\":\"Bicycle Rental\",\"de\":\"Fahrradverleih\",\"fr\":\"location de v\\u00e9los\",\"it\":\"noleggio biciclette\",\"ru\":\"\\u041f\\u0440\\u043e\\u043a\\u0430\\u0442 \\u0432\\u0435\\u043b\\u043e\\u0441\\u0438\\u043f\\u0435\\u0434\\u043e\\u0432\",\"pt\":\"Aluguel de bicicletas\"}',142,'hotel',''),(991,'{\"es\":\"Bar\",\"en\":\"Bar\",\"de\":\"Bar\",\"fr\":\"bar\",\"it\":\"bar\",\"ru\":\"\\u0411\\u0430\\u0440\",\"pt\":\"Bar\"}',143,'hotel',''),(992,'{\"es\":\"Restaurante (buffet)\",\"en\":\"Buffet-Style Restaurant\",\"de\":\"Restaurant (Buffet)\",\"fr\":\"restaurant (buffet)\",\"it\":\"ristorante (a buffet)\",\"ru\":\"\\u0420\\u0435\\u0441\\u0442\\u043e\\u0440\\u0430\\u043d (\\u00ab\\u0448\\u0432\\u0435\\u0434\\u0441\\u043a\\u0438\\u0439 \\u0441\\u0442\\u043e\\u043b\\u00bb)\",\"pt\":\"Restaurante (buffet)\"}',143,'hotel',''),(993,'{\"es\":\"Snack-bar\",\"en\":\"Snack Bar\",\"de\":\"Snackbar\",\"fr\":\"snack-bar\",\"it\":\"snack bar\",\"ru\":\"\\u0421\\u043d\\u044d\\u043a-\\u0431\\u0430\\u0440\",\"pt\":\"Lanchonete\"}',143,'hotel',''),(994,'{\"es\":\"Hay conexi\\u00f3n a internet Wi-Fi disponible en todo el establecimiento. De pago.\",\"en\":\"Wi-Fi is available in all areas and charges apply.\",\"de\":\"WLAN ist in allen Bereichen nutzbar gegen Geb\\u00fchren.\",\"fr\":\"Une connexion Wi-Fi est disponible dans tout l\'\\u00e9tablissement en suppl\\u00e9ment.\",\"it\":\"Internet Wi-Fi disponibile a pagamento in tutta la struttura.\",\"ru\":\"Wi-Fi \\u043f\\u0440\\u0435\\u0434\\u043e\\u0441\\u0442\\u0430\\u0432\\u043b\\u044f\\u0435\\u0442\\u0441\\u044f \\u043d\\u0430 \\u0442\\u0435\\u0440\\u0440\\u0438\\u0442\\u043e\\u0440\\u0438\\u0438 \\u0432\\u0441\\u0435\\u0433\\u043e \\u043e\\u0442\\u0435\\u043b\\u044f \\u0437\\u0430 \\u0434\\u043e\\u043f\\u043e\\u043b\\u043d\\u0438\\u0442\\u0435\\u043b\\u044c\\u043d\\u0443\\u044e \\u043f\\u043b\\u0430\\u0442\\u0443.\",\"pt\":\"Acesso Wi-Fi dispon\\u00edvel em todo o hotel\"}',144,'hotel',''),(995,'{\"es\":\"\\u00a1Gratis! Hay parking gratis p\\u00fablico en el establecimiento. No es necesario reservar.\",\"en\":\"Free! Free public parking is available on site (reservation is not needed).\",\"de\":\"Kostenlos! \\u00d6ffentliche Parkpl\\u00e4tze stehen kostenfrei an der Unterkunft (Reservierung ist nicht erforderlich) zur Verf\\u00fcgung.\",\"fr\":\"Gratuit\\u00a0! Un parking gratuit et public est disponible sur place (sans r\\u00e9servation pr\\u00e9alable).\",\"it\":\"Gratis! Parcheggio pubblico disponibile gratuitamente in loco senza prenotazione.\",\"ru\":\"\\u0411\\u0435\\u0441\\u043f\\u043b\\u0430\\u0442\\u043d\\u043e! \\u0411\\u0435\\u0441\\u043f\\u043b\\u0430\\u0442\\u043d\\u0430\\u044f \\u041e\\u0431\\u0449\\u0435\\u0441\\u0442\\u0432\\u0435\\u043d\\u043d\\u0430\\u044f \\u043f\\u0430\\u0440\\u043a\\u043e\\u0432\\u043a\\u0430 \\u043d\\u0430 \\u043c\\u0435\\u0441\\u0442\\u0435 (\\u043f\\u0440\\u0435\\u0434\\u0432\\u0430\\u0440\\u0438\\u0442\\u0435\\u043b\\u044c\\u043d\\u044b\\u0439 \\u0437\\u0430\\u043a\\u0430\\u0437 \\u043d\\u0435 \\u0442\\u0440\\u0435\\u0431\\u0443\\u0435\\u0442\\u0441\\u044f) .\",\"pt\":\"Gr\\u00e1tis! Estacionamento gratuito e p\\u00fablico dispon\\u00edvel no local (n\\u00e3o necessita de reserva).\"}',145,'hotel',''),(996,'{\"es\":\"Recepci\\u00f3n 24 horas\",\"en\":\"24-Hour Front Desk\",\"de\":\"24-Stunden-Rezeption\",\"fr\":\"r\\u00e9ception ouverte 24h\\/24\",\"it\":\"reception 24 ore su 24\",\"ru\":\"\\u041a\\u0440\\u0443\\u0433\\u043b\\u043e\\u0441\\u0443\\u0442\\u043e\\u0447\\u043d\\u0430\\u044f \\u0441\\u0442\\u043e\\u0439\\u043a\\u0430 \\u0440\\u0435\\u0433\\u0438\\u0441\\u0442\\u0440\\u0430\\u0446\\u0438\\u0438\",\"pt\":\"Recep\\u00e7\\u00e3o 24 horas\"}',146,'hotel',''),(997,'{\"es\":\"Salas de reuniones \\/ banquetes\",\"en\":\"Meeting\\/Banquet Facilities\",\"de\":\"Konferenz- und Veranstaltungsr\\u00e4ume\",\"fr\":\"salles de r\\u00e9unions\\/banquets\",\"it\":\"spazi per riunioni\\/banchetti\",\"ru\":\"\\u041a\\u043e\\u043d\\u0444\\u0435\\u0440\\u0435\\u043d\\u0446-\\u0437\\u0430\\u043b\\/\\u0411\\u0430\\u043d\\u043a\\u0435\\u0442\\u043d\\u044b\\u0439 \\u0437\\u0430\\u043b\",\"pt\":\"Comodidades reuni\\u00f5es \\/ Banquetes\"}',146,'hotel',''),(998,'{\"es\":\"Cambio de moneda\",\"en\":\"Currency Exchange\",\"de\":\"W\\u00e4hrungsumtausch\",\"fr\":\"service de change\",\"it\":\"cambio valuta\",\"ru\":\"\\u041e\\u0431\\u043c\\u0435\\u043d \\u0432\\u0430\\u043b\\u044e\\u0442\\u044b\",\"pt\":\"C\\u00e2mbio de moedas\"}',146,'hotel',''),(999,'{\"es\":\"Alquiler de coches\",\"en\":\"Car Rental\",\"de\":\"Autovermietung\",\"fr\":\"location de voitures\",\"it\":\"autonoleggio\",\"ru\":\"\\u041f\\u0440\\u043e\\u043a\\u0430\\u0442 \\u0430\\u0432\\u0442\\u043e\\u043c\\u043e\\u0431\\u0438\\u043b\\u0435\\u0439\",\"pt\":\"Aluguel de carros\"}',146,'hotel',''),(1000,'{\"es\":\"Informaci\\u00f3n tur\\u00edstica\",\"en\":\"Tour Desk\",\"de\":\"Informationsschalter f\\u00fcr Ausfl\\u00fcge\",\"fr\":\"bureau d\'excursions\",\"it\":\"banco escursioni\",\"ru\":\"\\u042d\\u043a\\u0441\\u043a\\u0443\\u0440\\u0441\\u0438\\u043e\\u043d\\u043d\\u043e\\u0435 \\u0431\\u044e\\u0440\\u043e\",\"pt\":\"Balc\\u00e3o de turismo\"}',146,'hotel',''),(1001,'{\"es\":\"Fax \\/ fotocopiadora\",\"en\":\"Fax\\/Photocopying\",\"de\":\"Fax- u. Fotokopiereinrichtungen\",\"fr\":\"fax\\/photocopies\",\"it\":\"fax\\/fotocopiatrice\",\"ru\":\"\\u0424\\u0430\\u043a\\u0441\\/\\u041a\\u0441\\u0435\\u0440\\u043e\\u043a\\u043e\\u043f\\u0438\\u0440\\u043e\\u0432\\u0430\\u043d\\u0438\\u0435\",\"pt\":\"Fax \\/ Fotoc\\u00f3pia\"}',146,'hotel',''),(1002,'{\"es\":\"Servicio de conserjer\\u00eda\",\"en\":\"Concierge Service\",\"de\":\"Conciergeservice\",\"fr\":\"service de concierge\",\"it\":\"servizio concierge\",\"ru\":\"\\u0423\\u0441\\u043b\\u0443\\u0433\\u0438 \\u043a\\u043e\\u043d\\u0441\\u044c\\u0435\\u0440\\u0436\\u0430\",\"pt\":\"Servi\\u00e7o de concierge\"}',146,'hotel',''),(1003,'{\"es\":\"Habitaciones familiares\",\"en\":\"Family Rooms\",\"de\":\"Familienzimmer\",\"fr\":\"chambres familiales\",\"it\":\"disponibilit\\u00e0 di camere familiari\",\"ru\":\"\\u0421\\u0435\\u043c\\u0435\\u0439\\u043d\\u044b\\u0435 \\u043d\\u043e\\u043c\\u0435\\u0440\\u0430\",\"pt\":\"Quartos para fam\\u00edlias\"}',147,'hotel',''),(1004,'{\"es\":\"Caja fuerte\",\"en\":\"Safe\",\"de\":\"Safe\",\"fr\":\"coffre-fort\",\"it\":\"cassaforte\",\"ru\":\"\\u0421\\u0435\\u0439\\u0444\",\"pt\":\"Cofre\"}',147,'hotel',''),(1005,'{\"es\":\"espa\\u00f1ol\",\"en\":\"Spanish\",\"de\":\"Spanisch\",\"fr\":\"espagnol\",\"it\":\"spagnolo\",\"ru\":\"\\u043d\\u0430 \\u0438\\u0441\\u043f\\u0430\\u043d\\u0441\\u043a\\u043e\\u043c\",\"pt\":\"Espanhol\"}',148,'hotel',''),(1006,'{\"es\":\"ingl\\u00e9s\",\"en\":\"English\",\"de\":\"Englisch\",\"fr\":\"anglais\",\"it\":\"inglese\",\"ru\":\"\\u043d\\u0430 \\u0430\\u043d\\u0433\\u043b\\u0438\\u0439\\u0441\\u043a\\u043e\\u043c\",\"pt\":\"Ingl\\u00eas\"}',148,'hotel',''),(1007,'{\"es\":\"italiano\",\"en\":\"Italian\",\"de\":\"Italienisch\",\"fr\":\"italien\",\"it\":\"italiano\",\"ru\":\"\\u043d\\u0430 \\u0438\\u0442\\u0430\\u043b\\u044c\\u044f\\u043d\\u0441\\u043a\\u043e\\u043c\",\"pt\":\"Italiano\"}',148,'hotel',''),(1008,'{\"es\":\"franc\\u00e9s\",\"en\":\"French\",\"de\":\"Franz\\u00f6sisch\",\"fr\":\"fran\\u00e7ais\",\"it\":\"francese\",\"ru\":\"\\u043d\\u0430 \\u0444\\u0440\\u0430\\u043d\\u0446\\u0443\\u0437\\u0441\\u043a\\u043e\\u043c\",\"pt\":\"Franc\\u00eas\"}',148,'hotel',''),(1009,'{\"es\":\"alem\\u00e1n\",\"en\":\"German\",\"de\":\"Deutsch\",\"fr\":\"allemand\",\"it\":\"tedesco\",\"ru\":\"\\u043d\\u0430 \\u043d\\u0435\\u043c\\u0435\\u0446\\u043a\\u043e\\u043c\",\"pt\":\"Alem\\u00e3o\"}',148,'hotel',''),(1010,'{\"es\":\"Barbacoa\",\"en\":\"BBQ Facilities\",\"de\":\"Grillm\\u00f6glichkeiten\",\"fr\":\"installations pour barbecue\",\"it\":\"barbecue\",\"ru\":\"\\u0411\\u0430\\u0440\\u0431\\u0435\\u043a\\u044e\",\"pt\":\"Churrasqueira\"}',141,'hotel',''),(1011,'{\"es\":\"Campo de golf (a menos de 3 km)\",\"en\":\"Golf Course (within 2 miles)\",\"de\":\"Golfplatz (max. 3 km entfernt)\",\"fr\":\"parcours de golf (\\u00e0 moins de 3 km)\",\"it\":\"campo da golf (nel raggio di 3 km)\",\"ru\":\"\\u041f\\u043e\\u043b\\u0435 \\u0434\\u043b\\u044f \\u0433\\u043e\\u043b\\u044c\\u0444\\u0430 (\\u0432 \\u043f\\u0440\\u0435\\u0434\\u0435\\u043b\\u0430\\u0445 3 \\u043a\\u043c)\",\"pt\":\"Campo de golfe (num raio de 3 km)\"}',142,'hotel',''),(1012,'{\"es\":\"\\u00a1Gratis! Hay conexi\\u00f3n a internet Wi-Fi disponible en todo el establecimiento. Gratis.\",\"en\":\"Free! Wi-Fi is available in all areas and is free of charge.\",\"de\":\"Kostenlos! WLAN ist in allen Bereichen nutzbar und ist kostenfrei.\",\"fr\":\"Gratuit\\u00a0! Une connexion Wi-Fi est disponible dans tout l\'\\u00e9tablissement gratuitement.\",\"it\":\"Gratis! Internet Wi-Fi disponibile gratuitamente in tutta la struttura.\",\"ru\":\"\\u0411\\u0435\\u0441\\u043f\\u043b\\u0430\\u0442\\u043d\\u043e! Wi-Fi \\u043f\\u0440\\u0435\\u0434\\u043e\\u0441\\u0442\\u0430\\u0432\\u043b\\u044f\\u0435\\u0442\\u0441\\u044f \\u043d\\u0430 \\u0442\\u0435\\u0440\\u0440\\u0438\\u0442\\u043e\\u0440\\u0438\\u0438 \\u0432\\u0441\\u0435\\u0433\\u043e \\u043e\\u0442\\u0435\\u043b\\u044f \\u0431\\u0435\\u0441\\u043f\\u043b\\u0430\\u0442\\u043d\\u043e.\",\"pt\":\"Gr\\u00e1tis! Acesso Wi-Fi dispon\\u00edvel em todo o hotel\"}',144,'hotel',''),(1013,'{\"es\":\"\\u00a1Gratis! Hay parking gratis privado en el establecimiento. No se puede reservar.\",\"en\":\"Free! Free private parking is available on site (reservation is not possible).\",\"de\":\"Kostenlos! Private Parkpl\\u00e4tze stehen kostenfrei an der Unterkunft (Reservierung ist nicht m\\u00f6glich) zur Verf\\u00fcgung.\",\"fr\":\"Gratuit\\u00a0! Un parking gratuit et priv\\u00e9 est disponible sur place (sans possibilit\\u00e9 de r\\u00e9server).\",\"it\":\"Gratis! Parcheggio privato disponibile gratuitamente in loco e non prenotabile.\",\"ru\":\"\\u0411\\u0435\\u0441\\u043f\\u043b\\u0430\\u0442\\u043d\\u043e! \\u0411\\u0435\\u0441\\u043f\\u043b\\u0430\\u0442\\u043d\\u0430\\u044f \\u0427\\u0430\\u0441\\u0442\\u043d\\u0430\\u044f \\u043f\\u0430\\u0440\\u043a\\u043e\\u0432\\u043a\\u0430 \\u043d\\u0430 \\u043c\\u0435\\u0441\\u0442\\u0435 (\\u043f\\u0440\\u0435\\u0434\\u0432\\u0430\\u0440\\u0438\\u0442\\u0435\\u043b\\u044c\\u043d\\u044b\\u0439 \\u0437\\u0430\\u043a\\u0430\\u0437 \\u043d\\u0435\\u0432\\u043e\\u0437\\u043c\\u043e\\u0436\\u0435\\u043d) .\",\"pt\":\"Gr\\u00e1tis! Estacionamento gratuito e privativo dispon\\u00edvel no local (sem possibilidade de reserva).\"}',145,'hotel',''),(1014,'{\"pt\":\"gratuitamente.\"}',27,'hotel',''),(1022,'{\"es\":\"Hay conexi\\u00f3n a internet Wi-Fi disponible en todo el establecimiento. De pago.\",\"en\":\"Wi-Fi is available in all areas and charges apply.\",\"de\":\"WLAN ist in allen Bereichen nutzbar gegen Geb\\u00fchren.\",\"fr\":\"Une connexion Wi-Fi est disponible dans tout l\'\\u00e9tablissement en suppl\\u00e9ment.\",\"pt\":\"Acesso Wi-Fi dispon\\u00edvel em todo o hotel\"}',152,'hotel',''),(1023,'{\"es\":\"\\u00a1Gratis! Hay parking gratis privado en el establecimiento. No es necesario reservar.\",\"en\":\"Free! Free private parking is available on site (reservation is not needed).\",\"de\":\"Kostenlos! Private Parkpl\\u00e4tze stehen kostenfrei an der Unterkunft (Reservierung ist nicht erforderlich) zur Verf\\u00fcgung.\",\"fr\":\"Gratuit\\u00a0! Un parking gratuit et priv\\u00e9 est disponible sur place (sans r\\u00e9servation pr\\u00e9alable).\",\"pt\":\"Gr\\u00e1tis! Estacionamento gratuito e privativo dispon\\u00edvel no local (n\\u00e3o necessita de reserva).\"}',153,'hotel',''),(1024,'{\"es\":\"italiano\",\"en\":\"Italian\",\"de\":\"Italienisch\",\"fr\":\"italien\",\"pt\":\"Italiano\"}',154,'hotel',''),(1025,'{\"es\":\"franc\\u00e9s\",\"en\":\"French\",\"de\":\"Franz\\u00f6sisch\",\"fr\":\"fran\\u00e7ais\",\"pt\":\"Franc\\u00eas\"}',154,'hotel',''),(1026,'{\"es\":\"espa\\u00f1ol\",\"en\":\"Spanish\",\"de\":\"Spanisch\",\"fr\":\"espagnol\",\"pt\":\"Espanhol\"}',154,'hotel',''),(1027,'{\"es\":\"ingl\\u00e9s\",\"en\":\"English\",\"de\":\"Englisch\",\"fr\":\"anglais\",\"pt\":\"Ingl\\u00eas\"}',154,'hotel',''),(1028,'{\"es\":\"alem\\u00e1n\",\"en\":\"German\",\"de\":\"Deutsch\",\"fr\":\"allemand\",\"pt\":\"Alem\\u00e3o\"}',154,'hotel',''),(1029,'{\"es\":\"Terraza\",\"en\":\"Terrace\",\"de\":\"Terrasse oder Innenhof\",\"fr\":\"terrasse\",\"it\":\"terrazza\",\"pt\":\"Terra\\u00e7o\"}',125,'hotel',''),(1030,'{\"es\":\"Piscina al aire libre (de temporada)\",\"en\":\"Outdoor Pool (Seasonal)\",\"de\":\"Au\\u00dfenpool (saisonal)\",\"fr\":\"piscine ext\\u00e9rieure (de saison)\",\"it\":\"piscina all\'aperto (stagionale)\",\"pt\":\"Piscina (sazonal)\"}',125,'hotel',''),(1031,'{\"es\":\"Prensa\",\"en\":\"Newspapers\",\"de\":\"Zeitungen\",\"fr\":\"journaux\",\"it\":\"quotidiani\",\"pt\":\"Jornais\"}',126,'hotel',''),(1032,'{\"es\":\"Campo de golf (a menos de 3 km)\",\"en\":\"Golf Course (within 2 miles)\",\"de\":\"Golfplatz (max. 3 km entfernt)\",\"fr\":\"parcours de golf (\\u00e0 moins de 3 km)\",\"it\":\"campo da golf (nel raggio di 3 km)\",\"pt\":\"Campo de golfe (num raio de 3 km)\"}',126,'hotel',''),(1033,'{\"es\":\"Sala de juegos\",\"en\":\"Game Room\",\"de\":\"Spielzimmer\",\"fr\":\"salle de jeux\",\"it\":\"sala giochi\",\"pt\":\"Sal\\u00e3o de jogos\"}',126,'hotel',''),(1034,'{\"es\":\"Sol\\u00e1rium\",\"en\":\"Solarium\",\"de\":\"Solarium\",\"fr\":\"solarium\",\"it\":\"solarium\",\"pt\":\"Sol\\u00e1rio\"}',126,'hotel',''),(1035,'{\"es\":\"Mini golf\",\"en\":\"Mini Golf\",\"de\":\"Minigolf\",\"fr\":\"minigolf\",\"it\":\"minigolf\",\"pt\":\"Mini-golfe\"}',126,'hotel',''),(1036,'{\"es\":\"Piscina interior (de temporada)\",\"en\":\"Indoor Pool (Seasonal)\",\"de\":\"Innenpool (saisonal)\",\"fr\":\"piscine int\\u00e9rieure (de saison)\",\"it\":\"piscina al coperto (stagionale)\",\"pt\":\"Piscina Coberta (sazonal)\"}',126,'hotel',''),(1037,'{\"es\":\"Personal de animaci\\u00f3n\",\"en\":\"Entertainment Staff\",\"de\":\"Entertainment-Team\",\"fr\":\"\\u00e9quipe d\'animation\",\"it\":\"staff di animazione\",\"pt\":\"Equipe de entretenimento\"}',126,'hotel',''),(1038,'{\"es\":\"Instalaciones para deportes acu\\u00e1ticos\",\"en\":\"On-Site Water Sports Facilities\",\"de\":\"Wassersporteinrichtungen vor Ort\",\"fr\":\"installations pour les sports nautiques sur place\",\"it\":\"attrezzature per sport acquatici\",\"pt\":\"Instala\\u00e7\\u00f5es de esportes aqu\\u00e1ticos no local\"}',126,'hotel',''),(1039,'{\"es\":\"\\u00a1Gratis! Hay conexi\\u00f3n a internet Wi-Fi disponible en las zonas comunes. Gratis.\",\"en\":\"Free! Wi-Fi is available in public areas and is free of charge.\",\"de\":\"Kostenlos! WLAN ist in den \\u00f6ffentlichen Bereichen nutzbar und ist kostenfrei.\",\"fr\":\"Gratuit\\u00a0! Une connexion Wi-Fi est disponible dans les parties communes gratuitement.\",\"it\":\"Gratis! Internet Wi-Fi disponibile gratuitamente nelle aree comuni.\",\"pt\":\"Gr\\u00e1tis! Acesso Wi-Fi dispon\\u00edvel nas \\u00e1reas p\\u00fablicas\"}',128,'hotel',''),(1040,'{\"es\":\"Hay parking privado en el establecimiento. No es necesario reservar. Precio: 11 EUR por d\\u00eda .\",\"en\":\"Private parking is available on site (reservation is not needed) and costs EUR 11 per day.\",\"de\":\"Private Parkpl\\u00e4tze stehen an der Unterkunft (Reservierung ist nicht erforderlich) zur Verf\\u00fcgung und kosten EUR 11 pro Tag .\",\"fr\":\"Un parking priv\\u00e9 est disponible sur place (sans r\\u00e9servation pr\\u00e9alable) au tarif de 11 EUR par jour.\",\"it\":\"Parcheggio privato disponibile in loco senza prenotazione al costo di 11 EUR al giorno .\",\"pt\":\"Estacionamento privativo dispon\\u00edvel no local (n\\u00e3o necessita de reserva)\"}',129,'hotel',''),(1041,'{\"es\":\"Salas de reuniones \\/ banquetes\",\"en\":\"Meeting\\/Banquet Facilities\",\"de\":\"Konferenz- und Veranstaltungsr\\u00e4ume\",\"fr\":\"salles de r\\u00e9unions\\/banquets\",\"it\":\"spazi per riunioni\\/banchetti\",\"pt\":\"Comodidades reuni\\u00f5es \\/ Banquetes\"}',130,'hotel',''),(1042,'{\"es\":\"Venta de entradas\",\"en\":\"Ticket Service\",\"de\":\"Ticketservice\",\"fr\":\"billetterie\",\"it\":\"servizio biglietteria\",\"pt\":\"Servi\\u00e7o de bilheteria\"}',130,'hotel',''),(1043,'{\"es\":\"Servicio de conserjer\\u00eda\",\"en\":\"Concierge Service\",\"de\":\"Conciergeservice\",\"fr\":\"service de concierge\",\"it\":\"servizio concierge\",\"pt\":\"Servi\\u00e7o de concierge\"}',130,'hotel',''),(1044,'{\"es\":\"Calefacci\\u00f3n\",\"en\":\"Heating\",\"de\":\"Heizung\",\"fr\":\"chauffage\",\"it\":\"riscaldamento\",\"pt\":\"Aquecimento\"}',131,'hotel',''),(1045,'{\"pt\":\"a um custo de EUR 11 por dia.\"}',155,'hotel',''),(1046,'{\"es\":\"Terraza\",\"en\":\"Terrace\",\"it\":\"terrazza\"}',156,'hotel',''),(1047,'{\"es\":\"Prensa\",\"en\":\"Newspapers\",\"it\":\"quotidiani\"}',157,'hotel',''),(1048,'{\"es\":\"Gimnasio\",\"en\":\"Fitness Center\",\"it\":\"palestra\"}',157,'hotel',''),(1049,'{\"es\":\"Spa y centro de bienestar\",\"en\":\"Spa\",\"it\":\"spa & centro benessere\"}',157,'hotel',''),(1050,'{\"es\":\"Masajes\",\"en\":\"Massage\",\"it\":\"massaggi\"}',157,'hotel',''),(1051,'{\"es\":\"Ciclismo\",\"en\":\"Cycling\",\"it\":\"escursioni in bicicletta\"}',157,'hotel',''),(1052,'{\"es\":\"Ba\\u00f1o turco\",\"en\":\"Turkish Bath\\/Steam Bath\",\"it\":\"bagno turco\\/di vapore\"}',157,'hotel',''),(1053,'{\"es\":\"Alquiler de bicicletas\",\"en\":\"Bicycle Rental\",\"it\":\"noleggio biciclette\"}',157,'hotel',''),(1054,'{\"es\":\"Bicicletas disponibles (gratis)\",\"en\":\"Bikes Available (Free)\",\"it\":\"noleggio biciclette gratuito\"}',157,'hotel',''),(1055,'{\"es\":\"Restaurante\",\"en\":\"Restaurant\",\"it\":\"ristorante\"}',158,'hotel',''),(1056,'{\"es\":\"Bar\",\"en\":\"Bar\",\"it\":\"bar\"}',158,'hotel',''),(1057,'{\"es\":\"Desayuno en la habitaci\\u00f3n\",\"en\":\"Breakfast in the Room\",\"it\":\"possibilit\\u00e0 di colazione in camera\"}',158,'hotel',''),(1058,'{\"es\":\"\\u00a1Gratis! Hay conexi\\u00f3n a internet Wi-Fi disponible en todo el establecimiento. Gratis.\",\"en\":\"Free! Wi-Fi is available in all areas and is free of charge.\",\"it\":\"Gratis! Internet Wi-Fi disponibile gratuitamente in tutta la struttura.\"}',159,'hotel',''),(1059,'{\"es\":\"Hay parking privado en las inmediaciones. No es necesario reservar. Precio: 50 EUR por d\\u00eda .\",\"en\":\"Private parking is available at a location nearby (reservation is not needed) and costs EUR 50 per day.\",\"it\":\"Parcheggio privato disponibile in zona senza prenotazione al costo di 50 EUR al giorno .\"}',160,'hotel',''),(1060,'{\"es\":\"Recepci\\u00f3n 24 horas\",\"en\":\"24-Hour Front Desk\",\"it\":\"reception 24 ore su 24\"}',161,'hotel',''),(1061,'{\"es\":\"Guardaequipaje\",\"en\":\"Baggage Storage\",\"it\":\"deposito bagagli\"}',161,'hotel',''),(1062,'{\"es\":\"Servicio de habitaciones\",\"en\":\"Room Service\",\"it\":\"servizio in camera\"}',161,'hotel',''),(1063,'{\"es\":\"Salas de reuniones \\/ banquetes\",\"en\":\"Meeting\\/Banquet Facilities\",\"it\":\"spazi per riunioni\\/banchetti\"}',161,'hotel',''),(1064,'{\"es\":\"Centro de negocios\",\"en\":\"Business Center\",\"it\":\"centro business\"}',161,'hotel',''),(1065,'{\"es\":\"Ni\\u00f1era \\/ servicios infantiles\",\"en\":\"Babysitting\\/Child Services\",\"it\":\"servizio baby-sitter\"}',161,'hotel',''),(1066,'{\"es\":\"Servicio de lavander\\u00eda\",\"en\":\"Laundry\",\"it\":\"servizio lavanderia\"}',161,'hotel',''),(1067,'{\"es\":\"Servicio de limpieza en seco\",\"en\":\"Dry Cleaning\",\"it\":\"lavaggio a secco\"}',161,'hotel',''),(1068,'{\"es\":\"Servicio de planchado\",\"en\":\"Ironing Service\",\"it\":\"servizio stireria\"}',161,'hotel',''),(1069,'{\"es\":\"Suite nupcial\",\"en\":\"Honeymoon Suite\",\"it\":\"suite nuziale\"}',161,'hotel',''),(1070,'{\"es\":\"Cambio de moneda\",\"en\":\"Currency Exchange\",\"it\":\"cambio valuta\"}',161,'hotel',''),(1071,'{\"es\":\"Limpiabotas\",\"en\":\"Shoeshine\",\"it\":\"lustrascarpe\"}',161,'hotel',''),(1072,'{\"es\":\"Alquiler de coches\",\"en\":\"Car Rental\",\"it\":\"autonoleggio\"}',161,'hotel',''),(1073,'{\"es\":\"Fax \\/ fotocopiadora\",\"en\":\"Fax\\/Photocopying\",\"it\":\"fax\\/fotocopiatrice\"}',161,'hotel',''),(1074,'{\"es\":\"Venta de entradas\",\"en\":\"Ticket Service\",\"it\":\"servizio biglietteria\"}',161,'hotel',''),(1075,'{\"es\":\"Servicio de conserjer\\u00eda\",\"en\":\"Concierge Service\",\"it\":\"servizio concierge\"}',161,'hotel',''),(1076,'{\"es\":\"Habitaciones no fumadores\",\"en\":\"Non-smoking Rooms\",\"it\":\"camere non fumatori\"}',162,'hotel',''),(1077,'{\"es\":\"Adaptado personas de movilidad reducida\",\"en\":\"Facilities for Disabled Guests\",\"it\":\"camere\\/strutture per ospiti disabili\"}',162,'hotel',''),(1078,'{\"es\":\"Ascensor\",\"en\":\"Elevator\",\"it\":\"ascensore\"}',162,'hotel',''),(1079,'{\"es\":\"Caja fuerte\",\"en\":\"Safe\",\"it\":\"cassaforte\"}',162,'hotel',''),(1080,'{\"es\":\"Habitaciones insonorizadas\",\"en\":\"Soundproof Rooms\",\"it\":\"disponibilit\\u00e0 di camere insonorizzate\"}',162,'hotel',''),(1081,'{\"es\":\"Calefacci\\u00f3n\",\"en\":\"Heating\",\"it\":\"riscaldamento\"}',162,'hotel',''),(1082,'{\"es\":\"Hotel de dise\\u00f1o\",\"en\":\"Designer Hotel\",\"it\":\"hotel di design\"}',162,'hotel',''),(1083,'{\"es\":\"Aire acondicionado\",\"en\":\"Air Conditioning\",\"it\":\"aria condizionata\"}',162,'hotel',''),(1084,'{\"es\":\"Jard\\u00edn\",\"en\":\"Grounds\",\"de\":\"Garten\",\"fr\":\"jardin\",\"it\":\"giardino\",\"ru\":\"\\u0421\\u0430\\u0434\",\"cs\":\"Zahrada\",\"pt\":\"Jardim\"}',163,'hotel',''),(1085,'{\"es\":\"Terraza\",\"en\":\"Terrace\",\"de\":\"Terrasse oder Innenhof\",\"fr\":\"terrasse\",\"it\":\"terrazza\",\"ru\":\"\\u0422\\u0435\\u0440\\u0440\\u0430\\u0441\\u0430\",\"cs\":\"Terasa\",\"pt\":\"Terra\\u00e7o\"}',163,'hotel',''),(1086,'{\"es\":\"Terraza \\/ sol\\u00e1rium\",\"en\":\"Sun Deck\",\"de\":\"Sonnenterrasse\",\"fr\":\"terrasse bien expos\\u00e9e\",\"it\":\"terrazza solarium\",\"ru\":\"\\u0422\\u0435\\u0440\\u0440\\u0430\\u0441\\u0430 \\u0434\\u043b\\u044f \\u0437\\u0430\\u0433\\u0430\\u0440\\u0430\",\"cs\":\"Slune\\u010dn\\u00ed terasa\",\"pt\":\"Terra\\u00e7o\"}',163,'hotel',''),(1087,'{\"es\":\"Piscina al aire libre (todo el a\\u00f1o)\",\"en\":\"Outdoor Pool (All Year)\",\"de\":\"Au\\u00dfenpool (ganzj\\u00e4hrig)\",\"fr\":\"piscine ext\\u00e9rieure (toute l\'ann\\u00e9e)\",\"it\":\"piscina all\'aperto (tutto l\'anno)\",\"ru\":\"\\u041e\\u0442\\u043a\\u0440\\u044b\\u0442\\u044b\\u0439 \\u0431\\u0430\\u0441\\u0441\\u0435\\u0439\\u043d (\\u0440\\u0430\\u0431\\u043e\\u0442\\u0430\\u0435\\u0442 \\u043a\\u0440\\u0443\\u0433\\u043b\\u044b\\u0439 \\u0433\\u043e\\u0434)\",\"cs\":\"Venkovn\\u00ed baz\\u00e9n (po cel\\u00fd rok)\",\"pt\":\"Piscina (o ano inteiro)\"}',163,'hotel',''),(1088,'{\"es\":\"Sauna\",\"en\":\"Sauna\",\"de\":\"Sauna\",\"fr\":\"sauna\",\"it\":\"sauna\",\"ru\":\"\\u0421\\u0430\\u0443\\u043d\\u0430\",\"cs\":\"Sauna\",\"pt\":\"Sauna\"}',164,'hotel',''),(1089,'{\"es\":\"Gimnasio\",\"en\":\"Fitness Center\",\"de\":\"Fitnesscenter\",\"fr\":\"centre de remise en forme\",\"it\":\"palestra\",\"ru\":\"\\u0424\\u0438\\u0442\\u043d\\u0435\\u0441-\\u0446\\u0435\\u043d\\u0442\\u0440\",\"cs\":\"Fitness centrum\",\"pt\":\"Academia\"}',164,'hotel',''),(1090,'{\"es\":\"Billar\",\"en\":\"Pool Table\",\"de\":\"Billard\",\"fr\":\"billard\",\"it\":\"biliardo\",\"ru\":\"\\u0411\\u0438\\u043b\\u044c\\u044f\\u0440\\u0434\",\"cs\":\"Kule\\u010dn\\u00edk\",\"pt\":\"Bilhar\"}',164,'hotel',''),(1091,'{\"es\":\"Ping pong\",\"en\":\"Ping-Pong\",\"de\":\"Tischtennis\",\"fr\":\"tennis de table\",\"it\":\"ping-pong\",\"ru\":\"\\u041d\\u0430\\u0441\\u0442\\u043e\\u043b\\u044c\\u043d\\u044b\\u0439 \\u0442\\u0435\\u043d\\u043d\\u0438\\u0441\",\"cs\":\"Stoln\\u00ed tenis\",\"pt\":\"T\\u00eanis de mesa\"}',164,'hotel',''),(1092,'{\"es\":\"Karaoke\",\"en\":\"Karaoke\",\"de\":\"Karaoke\",\"fr\":\"karaok\\u00e9\",\"it\":\"karaoke\",\"ru\":\"\\u041a\\u0430\\u0440\\u0430\\u043e\\u043a\\u0435\",\"cs\":\"Karaoke\",\"pt\":\"Karaok\\u00ea\"}',164,'hotel',''),(1093,'{\"es\":\"Dardos\",\"en\":\"Darts\",\"de\":\"Dart\",\"fr\":\"fl\\u00e9chettes\",\"it\":\"freccette\",\"ru\":\"\\u0414\\u0430\\u0440\\u0442\\u0441\",\"cs\":\"\\u0160ipky\",\"pt\":\"Jogo de dardos\"}',164,'hotel',''),(1094,'{\"es\":\"Ba\\u00f1era de hidromasaje\",\"en\":\"Hot Tub\",\"de\":\"Whirlpool\",\"fr\":\"bain \\u00e0 remous\",\"it\":\"vasca idromassaggio\",\"ru\":\"\\u0413\\u0438\\u0434\\u0440\\u043e\\u043c\\u0430\\u0441\\u0441\\u0430\\u0436\\u043d\\u0430\\u044f \\u0432\\u0430\\u043d\\u043d\\u0430\",\"cs\":\"V\\u00ed\\u0159ivka\",\"pt\":\"Banheira de hidromassagem\"}',164,'hotel',''),(1095,'{\"es\":\"Squash\",\"en\":\"Racquetball\",\"de\":\"Squash\",\"fr\":\"squash\",\"it\":\"squash\",\"ru\":\"\\u0421\\u043a\\u0432\\u043e\\u0448\",\"cs\":\"Squash\",\"pt\":\"Squash\"}',164,'hotel',''),(1096,'{\"es\":\"Alquiler de bicicletas\",\"en\":\"Bicycle Rental\",\"de\":\"Fahrradverleih\",\"fr\":\"location de v\\u00e9los\",\"it\":\"noleggio biciclette\",\"ru\":\"\\u041f\\u0440\\u043e\\u043a\\u0430\\u0442 \\u0432\\u0435\\u043b\\u043e\\u0441\\u0438\\u043f\\u0435\\u0434\\u043e\\u0432\",\"cs\":\"Pron\\u00e1jem kol\",\"pt\":\"Aluguel de bicicletas\"}',164,'hotel',''),(1097,'{\"es\":\"Personal de animaci\\u00f3n\",\"en\":\"Entertainment Staff\",\"de\":\"Entertainment-Team\",\"fr\":\"\\u00e9quipe d\'animation\",\"it\":\"staff di animazione\",\"ru\":\"\\u0410\\u043d\\u0438\\u043c\\u0430\\u0446\\u0438\\u043e\\u043d\\u043d\\u044b\\u0439 \\u043f\\u0435\\u0440\\u0441\\u043e\\u043d\\u0430\\u043b\",\"cs\":\"Anima\\u010dn\\u00ed t\\u00fdm\",\"pt\":\"Equipe de entretenimento\"}',164,'hotel',''),(1098,'{\"es\":\"Restaurante\",\"en\":\"Restaurant\",\"de\":\"Restaurant\",\"fr\":\"restaurant\",\"it\":\"ristorante\",\"ru\":\"\\u0420\\u0435\\u0441\\u0442\\u043e\\u0440\\u0430\\u043d\",\"cs\":\"Restaurace\",\"pt\":\"Restaurante\"}',165,'hotel',''),(1099,'{\"es\":\"Bar\",\"en\":\"Bar\",\"de\":\"Bar\",\"fr\":\"bar\",\"it\":\"bar\",\"ru\":\"\\u0411\\u0430\\u0440\",\"cs\":\"Bar\",\"pt\":\"Bar\"}',165,'hotel',''),(1100,'{\"es\":\"Snack-bar\",\"en\":\"Snack Bar\",\"de\":\"Snackbar\",\"fr\":\"snack-bar\",\"it\":\"snack bar\",\"ru\":\"\\u0421\\u043d\\u044d\\u043a-\\u0431\\u0430\\u0440\",\"cs\":\"Snack bar\",\"pt\":\"Lanchonete\"}',165,'hotel',''),(1101,'{\"es\":\"Internet wi-fi (hotspot) disponible en las zonas comunes. Precio: 4 EUR por hora .\",\"en\":\"Wireless Internet Hotspot is available in public areas and costs EUR 4 per hour.\",\"de\":\"WLAN Hotspot ist in den \\u00f6ffentlichen Bereichen nutzbar und kostet EUR 4 pro Stunde.\",\"fr\":\"Un acc\\u00e8s sans fil via Hotspot est disponible dans les parties communes au tarif de 4 EUR par heure.\",\"it\":\"La connessione Internet wireless tramite hotspot al costo di 4 EUR ogni ora nelle aree comuni.\",\"ru\":\"\\u0422\\u043e\\u0447\\u043a\\u0430 \\u0431\\u0435\\u0441\\u043f\\u0440\\u043e\\u0432\\u043e\\u0434\\u043d\\u043e\\u0433\\u043e \\u0434\\u043e\\u0441\\u0442\\u0443\\u043f\\u0430 \\u0432 \\u0418\\u043d\\u0442\\u0435\\u0440\\u043d\\u0435\\u0442 \\u043f\\u0440\\u0435\\u0434\\u043e\\u0441\\u0442\\u0430\\u0432\\u043b\\u044f\\u0435\\u0442\\u0441\\u044f \\u0432 \\u043e\\u0431\\u0449\\u0435\\u0441\\u0442\\u0432\\u0435\\u043d\\u043d\\u044b\\u0445 \\u0437\\u043e\\u043d\\u0430\\u0445 \\u043f\\u043e \\u0446\\u0435\\u043d\\u0435 EUR 4 \\u0432 \\u0447\\u0430\\u0441.\",\"cs\":\"Bezdr\\u00e1tov\\u00e9 internetov\\u00e9 p\\u0159ipojen\\u00ed Hotspot je dostupn\\u00e9 ve spole\\u010dn\\u00fdch prostor\\u00e1ch za 4 EUR na hodinu.\",\"pt\":\"Wireless Internet Hotspot dispon\\u00edvel nas \\u00e1reas p\\u00fablicas\"}',166,'hotel',''),(1102,'{\"es\":\"\\u00a1Gratis! Hay parking gratis p\\u00fablico en las inmediaciones. No es necesario reservar.\",\"en\":\"Free! Free public parking is available at a location nearby (reservation is not needed).\",\"de\":\"Kostenlos! \\u00d6ffentliche Parkpl\\u00e4tze stehen kostenfrei in der N\\u00e4he (Reservierung ist nicht erforderlich) zur Verf\\u00fcgung.\",\"fr\":\"Gratuit\\u00a0! Un parking gratuit et public est disponible \\u00e0 proximit\\u00e9 (sans r\\u00e9servation pr\\u00e9alable).\",\"it\":\"Gratis! Parcheggio pubblico disponibile gratuitamente in zona senza prenotazione.\",\"ru\":\"\\u0411\\u0435\\u0441\\u043f\\u043b\\u0430\\u0442\\u043d\\u043e! \\u0411\\u0435\\u0441\\u043f\\u043b\\u0430\\u0442\\u043d\\u0430\\u044f \\u041e\\u0431\\u0449\\u0435\\u0441\\u0442\\u0432\\u0435\\u043d\\u043d\\u0430\\u044f \\u043f\\u0430\\u0440\\u043a\\u043e\\u0432\\u043a\\u0430 \\u043d\\u0430 \\u043f\\u0440\\u0438\\u043b\\u0435\\u0433\\u0430\\u044e\\u0449\\u0435\\u0439 \\u0442\\u0435\\u0440\\u0440\\u0438\\u0442\\u043e\\u0440\\u0438\\u0438 (\\u043f\\u0440\\u0435\\u0434\\u0432\\u0430\\u0440\\u0438\\u0442\\u0435\\u043b\\u044c\\u043d\\u044b\\u0439 \\u0437\\u0430\\u043a\\u0430\\u0437 \\u043d\\u0435 \\u0442\\u0440\\u0435\\u0431\\u0443\\u0435\\u0442\\u0441\\u044f) .\",\"cs\":\"Zdarma! Ve\\u0159ejn\\u00e9 parkov\\u00e1n\\u00ed je mo\\u017en\\u00e9 zdarma na p\\u0159ilehl\\u00e9m m\\u00edst\\u011b (rezervace nen\\u00ed nutn\\u00e1).\",\"pt\":\"Gr\\u00e1tis! Estacionamento gratuito e p\\u00fablico dispon\\u00edvel em localiza\\u00e7\\u00e3o pr\\u00f3xima (n\\u00e3o necessita de reserva).\"}',167,'hotel',''),(1103,'{\"es\":\"Recepci\\u00f3n 24 horas\",\"en\":\"24-Hour Front Desk\",\"de\":\"24-Stunden-Rezeption\",\"fr\":\"r\\u00e9ception ouverte 24h\\/24\",\"it\":\"reception 24 ore su 24\",\"ru\":\"\\u041a\\u0440\\u0443\\u0433\\u043b\\u043e\\u0441\\u0443\\u0442\\u043e\\u0447\\u043d\\u0430\\u044f \\u0441\\u0442\\u043e\\u0439\\u043a\\u0430 \\u0440\\u0435\\u0433\\u0438\\u0441\\u0442\\u0440\\u0430\\u0446\\u0438\\u0438\",\"cs\":\"Recepce 24 hodin denn\\u011b\",\"pt\":\"Recep\\u00e7\\u00e3o 24 horas\"}',168,'hotel',''),(1104,'{\"es\":\"Registro de entrada y salida expr\\u00e9s\",\"en\":\"Express Check-in\\/Check-out\",\"de\":\"Express-Check-in\\/-out\",\"fr\":\"enregistrement et r\\u00e8glement rapides\",\"it\":\"check-in e check-out express\",\"ru\":\"\\u0423\\u0441\\u043a\\u043e\\u0440\\u0435\\u043d\\u043d\\u0430\\u044f \\u0440\\u0435\\u0433\\u0438\\u0441\\u0442\\u0440\\u0430\\u0446\\u0438\\u044f \\u0437\\u0430\\u0435\\u0437\\u0434\\u0430\\/\\u043e\\u0442\\u044a\\u0435\\u0437\\u0434\\u0430\",\"cs\":\"Expresn\\u00ed p\\u0159ihl\\u00e1\\u0161en\\u00ed\\/odhl\\u00e1\\u0161en\\u00ed\",\"pt\":\"Check-in \\/ Check-out expressos\"}',168,'hotel',''),(1105,'{\"es\":\"Servicio de lavander\\u00eda\",\"en\":\"Laundry\",\"de\":\"Waschsalon\\/W\\u00e4scheservice\",\"fr\":\"blanchisserie\",\"it\":\"servizio lavanderia\",\"ru\":\"\\u041f\\u0440\\u0430\\u0447\\u0435\\u0447\\u043d\\u0430\\u044f\",\"cs\":\"Slu\\u017eba pran\\u00ed\",\"pt\":\"Lavanderia\"}',168,'hotel',''),(1106,'{\"es\":\"Cambio de moneda\",\"en\":\"Currency Exchange\",\"de\":\"W\\u00e4hrungsumtausch\",\"fr\":\"service de change\",\"it\":\"cambio valuta\",\"ru\":\"\\u041e\\u0431\\u043c\\u0435\\u043d \\u0432\\u0430\\u043b\\u044e\\u0442\\u044b\",\"cs\":\"Sm\\u011bn\\u00e1rna\",\"pt\":\"C\\u00e2mbio de moedas\"}',168,'hotel',''),(1107,'{\"es\":\"Alquiler de coches\",\"en\":\"Car Rental\",\"de\":\"Autovermietung\",\"fr\":\"location de voitures\",\"it\":\"autonoleggio\",\"ru\":\"\\u041f\\u0440\\u043e\\u043a\\u0430\\u0442 \\u0430\\u0432\\u0442\\u043e\\u043c\\u043e\\u0431\\u0438\\u043b\\u0435\\u0439\",\"cs\":\"Pron\\u00e1jem aut\",\"pt\":\"Aluguel de carros\"}',168,'hotel',''),(1108,'{\"es\":\"Informaci\\u00f3n tur\\u00edstica\",\"en\":\"Tour Desk\",\"de\":\"Informationsschalter f\\u00fcr Ausfl\\u00fcge\",\"fr\":\"bureau d\'excursions\",\"it\":\"banco escursioni\",\"ru\":\"\\u042d\\u043a\\u0441\\u043a\\u0443\\u0440\\u0441\\u0438\\u043e\\u043d\\u043d\\u043e\\u0435 \\u0431\\u044e\\u0440\\u043e\",\"cs\":\"Turistick\\u00e9 informace\",\"pt\":\"Balc\\u00e3o de turismo\"}',168,'hotel',''),(1109,'{\"es\":\"Fax \\/ fotocopiadora\",\"en\":\"Fax\\/Photocopying\",\"de\":\"Fax- u. Fotokopiereinrichtungen\",\"fr\":\"fax\\/photocopies\",\"it\":\"fax\\/fotocopiatrice\",\"ru\":\"\\u0424\\u0430\\u043a\\u0441\\/\\u041a\\u0441\\u0435\\u0440\\u043e\\u043a\\u043e\\u043f\\u0438\\u0440\\u043e\\u0432\\u0430\\u043d\\u0438\\u0435\",\"cs\":\"Fax\\/Kop\\u00edrka\",\"pt\":\"Fax \\/ Fotoc\\u00f3pia\"}',168,'hotel',''),(1110,'{\"es\":\"M\\u00e1quina expendedora (bebidas)\",\"en\":\"Vending Machine (Drinks)\",\"de\":\"Getr\\u00e4nkeautomat\",\"fr\":\"distributeur automatique (boissons)\",\"it\":\"distributore automatico di bevande\",\"ru\":\"\\u0422\\u043e\\u0440\\u0433\\u043e\\u0432\\u044b\\u0439 \\u0430\\u0432\\u0442\\u043e\\u043c\\u0430\\u0442 (\\u043d\\u0430\\u043f\\u0438\\u0442\\u043a\\u0438)\",\"cs\":\"Automat (n\\u00e1poje)\",\"pt\":\"M\\u00e1quina de venda autom\\u00e1tica (bebidas)\"}',168,'hotel',''),(1111,'{\"es\":\"M\\u00e1quina expendedora (aperitivos)\",\"en\":\"Vending Machine (Snacks)\",\"de\":\"Snackautomat\",\"fr\":\"distributeur automatique (collations)\",\"it\":\"distributore automatico di snack\",\"ru\":\"\\u0422\\u043e\\u0440\\u0433\\u043e\\u0432\\u044b\\u0439 \\u0430\\u0432\\u0442\\u043e\\u043c\\u0430\\u0442 (\\u0437\\u0430\\u043a\\u0443\\u0441\\u043a\\u0438)\",\"cs\":\"Automat (ob\\u010derstven\\u00ed)\",\"pt\":\"M\\u00e1quina de venda autom\\u00e1tica (lanches)\"}',168,'hotel',''),(1112,'{\"es\":\"Habitaciones no fumadores\",\"en\":\"Non-smoking Rooms\",\"de\":\"Nichtraucherzimmer\",\"fr\":\"chambres non-fumeurs\",\"it\":\"camere non fumatori\",\"ru\":\"\\u041d\\u043e\\u043c\\u0435\\u0440\\u0430 \\u0434\\u043b\\u044f \\u043d\\u0435\\u043a\\u0443\\u0440\\u044f\\u0449\\u0438\\u0445\",\"cs\":\"Neku\\u0159\\u00e1ck\\u00e9 pokoje\",\"pt\":\"Quartos n\\u00e3o-fumantes\"}',169,'hotel',''),(1113,'{\"es\":\"Adaptado personas de movilidad reducida\",\"en\":\"Facilities for Disabled Guests\",\"de\":\"Behindertenfreundlich\",\"fr\":\"accessible aux personnes \\u00e0 mobilit\\u00e9 r\\u00e9duite\",\"it\":\"camere\\/strutture per ospiti disabili\",\"ru\":\"\\u041d\\u043e\\u043c\\u0435\\u0440\\u0430\\/\\u0423\\u0434\\u043e\\u0431\\u0441\\u0442\\u0432\\u0430 \\u0434\\u043b\\u044f \\u0433\\u043e\\u0441\\u0442\\u0435\\u0439 \\u0441 \\u043e\\u0433\\u0440\\u0430\\u043d\\u0438\\u0447\\u0435\\u043d\\u043d\\u044b\\u043c\\u0438 \\u0444\\u0438\\u0437\\u0438\\u0447\\u0435\\u0441\\u043a\\u0438\\u043c\\u0438 \\u0432\\u043e\\u0437\\u043c\\u043e\\u0436\\u043d\\u043e\\u0441\\u0442\\u044f\\u043c\\u0438\",\"cs\":\"Bezbari\\u00e9rov\\u00e9\",\"pt\":\"Comodidades para h\\u00f3spedes com mobilidade reduzida\"}',169,'hotel',''),(1114,'{\"es\":\"Habitaciones familiares\",\"en\":\"Family Rooms\",\"de\":\"Familienzimmer\",\"fr\":\"chambres familiales\",\"it\":\"disponibilit\\u00e0 di camere familiari\",\"ru\":\"\\u0421\\u0435\\u043c\\u0435\\u0439\\u043d\\u044b\\u0435 \\u043d\\u043e\\u043c\\u0435\\u0440\\u0430\",\"cs\":\"Rodinn\\u00e9 pokoje\",\"pt\":\"Quartos para fam\\u00edlias\"}',169,'hotel',''),(1115,'{\"es\":\"Caja fuerte\",\"en\":\"Safe\",\"de\":\"Safe\",\"fr\":\"coffre-fort\",\"it\":\"cassaforte\",\"ru\":\"\\u0421\\u0435\\u0439\\u0444\",\"cs\":\"Trezor\",\"pt\":\"Cofre\"}',169,'hotel',''),(1116,'{\"es\":\"Aire acondicionado\",\"en\":\"Air Conditioning\",\"de\":\"Klimaanlage\",\"fr\":\"climatisation\",\"it\":\"aria condizionata\",\"ru\":\"\\u041a\\u043e\\u043d\\u0434\\u0438\\u0446\\u0438\\u043e\\u043d\\u0435\\u0440\",\"cs\":\"Klimatizace\",\"pt\":\"Ar-condicionado\"}',169,'hotel',''),(1117,'{\"es\":\"italiano\",\"en\":\"Italian\",\"de\":\"Italienisch\",\"fr\":\"italien\",\"it\":\"italiano\",\"ru\":\"\\u043d\\u0430 \\u0438\\u0442\\u0430\\u043b\\u044c\\u044f\\u043d\\u0441\\u043a\\u043e\\u043c\",\"cs\":\"v ital\\u0161tin\\u011b\",\"pt\":\"Italiano\"}',170,'hotel',''),(1118,'{\"es\":\"franc\\u00e9s\",\"en\":\"French\",\"de\":\"Franz\\u00f6sisch\",\"fr\":\"fran\\u00e7ais\",\"it\":\"francese\",\"ru\":\"\\u043d\\u0430 \\u0444\\u0440\\u0430\\u043d\\u0446\\u0443\\u0437\\u0441\\u043a\\u043e\\u043c\",\"cs\":\"ve francouz\\u0161tin\\u011b\",\"pt\":\"Franc\\u00eas\"}',170,'hotel',''),(1119,'{\"es\":\"espa\\u00f1ol\",\"en\":\"Spanish\",\"de\":\"Spanisch\",\"fr\":\"espagnol\",\"it\":\"spagnolo\",\"ru\":\"\\u043d\\u0430 \\u0438\\u0441\\u043f\\u0430\\u043d\\u0441\\u043a\\u043e\\u043c\",\"cs\":\"ve \\u0161pan\\u011bl\\u0161tin\\u011b\",\"pt\":\"Espanhol\"}',170,'hotel',''),(1120,'{\"es\":\"ingl\\u00e9s\",\"en\":\"English\",\"de\":\"Englisch\",\"fr\":\"anglais\",\"it\":\"inglese\",\"ru\":\"\\u043d\\u0430 \\u0430\\u043d\\u0433\\u043b\\u0438\\u0439\\u0441\\u043a\\u043e\\u043c\",\"cs\":\"v angli\\u010dtin\\u011b\",\"pt\":\"Ingl\\u00eas\"}',170,'hotel',''),(1121,'{\"es\":\"alem\\u00e1n\",\"en\":\"German\",\"de\":\"Deutsch\",\"fr\":\"allemand\",\"it\":\"tedesco\",\"ru\":\"\\u043d\\u0430 \\u043d\\u0435\\u043c\\u0435\\u0446\\u043a\\u043e\\u043c\",\"cs\":\"v n\\u011bm\\u010din\\u011b\",\"pt\":\"Alem\\u00e3o\"}',170,'hotel',''),(1122,'{\"pt\":\"a um custo de EUR 4 por hora.\"}',27,'hotel',''),(1123,'{\"es\":\"Spa y centro de bienestar\",\"en\":\"Spa\",\"de\":\"Spa & Wellnesscenter\",\"fr\":\"spa et centre de bien-\\u00eatre\",\"it\":\"spa & centro benessere\",\"pt\":\"Spa \\/ Centro de bem-estar\"}',126,'hotel',''),(1124,'{\"es\":\"Ping pong\",\"en\":\"Ping-Pong\",\"de\":\"Tischtennis\",\"fr\":\"tennis de table\",\"it\":\"ping-pong\",\"pt\":\"T\\u00eanis de mesa\"}',126,'hotel',''),(1125,'{\"es\":\"Dardos\",\"en\":\"Darts\",\"de\":\"Dart\",\"fr\":\"fl\\u00e9chettes\",\"it\":\"freccette\",\"pt\":\"Jogo de dardos\"}',126,'hotel',''),(1126,'{\"es\":\"Ba\\u00f1era de hidromasaje\",\"en\":\"Hot Tub\",\"de\":\"Whirlpool\",\"fr\":\"bain \\u00e0 remous\",\"it\":\"vasca idromassaggio\",\"pt\":\"Banheira de hidromassagem\"}',126,'hotel',''),(1127,'{\"es\":\"Ba\\u00f1o turco\",\"en\":\"Turkish Bath\\/Steam Bath\",\"de\":\"Dampfbad\\/T\\u00fcrkisches Bad\",\"fr\":\"bain turc\\/\\u00e0 vapeur\",\"it\":\"bagno turco\\/di vapore\",\"pt\":\"Banho turco \\/ Sauna vapor\"}',126,'hotel',''),(1128,'{\"es\":\"\\u00a1Gratis! Hay parking gratis p\\u00fablico en el establecimiento. No es necesario reservar.\",\"en\":\"Free! Free public parking is available on site (reservation is not needed).\",\"de\":\"Kostenlos! \\u00d6ffentliche Parkpl\\u00e4tze stehen kostenfrei an der Unterkunft (Reservierung ist nicht erforderlich) zur Verf\\u00fcgung.\",\"fr\":\"Gratuit\\u00a0! Un parking gratuit et public est disponible sur place (sans r\\u00e9servation pr\\u00e9alable).\",\"it\":\"Gratis! Parcheggio pubblico disponibile gratuitamente in loco senza prenotazione.\",\"pt\":\"Gr\\u00e1tis! Estacionamento gratuito e p\\u00fablico dispon\\u00edvel no local (n\\u00e3o necessita de reserva).\"}',129,'hotel',''),(1129,'{\"es\":\"Registro de entrada y salida expr\\u00e9s\",\"en\":\"Express Check-in\\/Check-out\",\"de\":\"Express-Check-in\\/-out\",\"fr\":\"enregistrement et r\\u00e8glement rapides\",\"it\":\"check-in e check-out express\",\"pt\":\"Check-in \\/ Check-out expressos\"}',130,'hotel',''),(1130,'{\"es\":\"Servicio de habitaciones\",\"en\":\"Room Service\",\"de\":\"Zimmerservice\",\"fr\":\"service d\'\\u00e9tage\",\"it\":\"servizio in camera\",\"pt\":\"Servi\\u00e7o de quarto\"}',130,'hotel',''),(1131,'{\"es\":\"Peluquer\\u00eda \\/ sal\\u00f3n de belleza\",\"en\":\"Hair\\/Beauty Salon\",\"de\":\"Friseur-\\/Sch\\u00f6nheitssalon\",\"fr\":\"salon de coiffure\\/institut de beaut\\u00e9\",\"it\":\"parrucchiere\\/salone di bellezza\",\"pt\":\"Barbeiro \\/ Sal\\u00e3o de beleza\"}',130,'hotel','');
/*!40000 ALTER TABLE `servicio` ENABLE KEYS */;
UNLOCK TABLES;

--
-- Table structure for table `servicio_categoria`
--

DROP TABLE IF EXISTS `servicio_categoria`;
/*!40101 SET @saved_cs_client     = @@character_set_client */;
/*!40101 SET character_set_client = utf8 */;
CREATE TABLE `servicio_categoria` (
  `id` int(11) NOT NULL AUTO_INCREMENT,
  `nombre` text,
  PRIMARY KEY (`id`)
) ENGINE=InnoDB AUTO_INCREMENT=171 DEFAULT CHARSET=latin1;
/*!40101 SET character_set_client = @saved_cs_client */;

--
-- Dumping data for table `servicio_categoria`
--

LOCK TABLES `servicio_categoria` WRITE;
/*!40000 ALTER TABLE `servicio_categoria` DISABLE KEYS */;
INSERT INTO `servicio_categoria` VALUES (9,'{\"es\":\"Exteriores\",\"en-us\":\"Exteriores\",\"de\":\"Au\\u00dfenbereich\",\"fr\":\"En ext\\u00e9rieur\",\"it\":\"Spazi all\'aperto\"}'),(27,'{\"pt\":\"Internet\"}'),(125,'{\"es\":\"Exteriores\",\"en\":\"Outdoors\",\"de\":\"Au\\u00dfenbereich\",\"fr\":\"En ext\\u00e9rieur\",\"it\":\"Spazi all\'aperto\",\"pt\":\"\\u00c1rea externa\"}'),(126,'{\"es\":\"Actividades\",\"en\":\"Activities\",\"de\":\"Aktivit\\u00e4ten\",\"fr\":\"Activit\\u00e9s\",\"it\":\"Attivit\\u00e0\",\"pt\":\"Atividades\"}'),(127,'{\"es\":\"Comida & bebida\",\"en\":\"Food & Drink\",\"de\":\"Speisen & Getr\\u00e4nke\",\"fr\":\"Restauration\",\"it\":\"Servizi di ristorazione\",\"pt\":\"Alimentos\\/bebidas\"}'),(128,'{\"es\":\"Internet\",\"en\":\"Internet\",\"de\":\"Internet\",\"fr\":\"Internet\",\"it\":\"Internet\",\"pt\":\"Internet\"}'),(129,'{\"es\":\"Aparcamiento\",\"en\":\"Parking\",\"de\":\"Parkpl\\u00e4tze\",\"fr\":\"Parking\",\"it\":\"Parcheggio\",\"pt\":\"Estacionamento\"}'),(130,'{\"es\":\"Servicios\",\"en\":\"Services\",\"de\":\"Dienstleistungen\",\"fr\":\"Services\",\"it\":\"Altri servizi\",\"pt\":\"Servi\\u00e7os\"}'),(131,'{\"es\":\"General\",\"en\":\"General\",\"de\":\"Allgemein\",\"fr\":\"G\\u00e9n\\u00e9ral\",\"it\":\"Servizi generali\",\"pt\":\"Geral\"}'),(132,'{\"es\":\"Idiomas que se hablan\",\"en\":\"Languages spoken\",\"de\":\"Gesprochene Sprachen\",\"fr\":\"Langues parl\\u00e9es\\u00a0\",\"it\":\"Lingue parlate\",\"pt\":\"Idiomas falados\"}'),(141,'{\"es\":\"Exteriores\",\"en\":\"Outdoors\",\"de\":\"Au\\u00dfenbereich\",\"fr\":\"En ext\\u00e9rieur\",\"it\":\"Spazi all\'aperto\",\"ru\":\"\\u041d\\u0430 \\u0441\\u0432\\u0435\\u0436\\u0435\\u043c \\u0432\\u043e\\u0437\\u0434\\u0443\\u0445\\u0435\",\"pt\":\"\\u00c1rea externa\"}'),(142,'{\"es\":\"Actividades\",\"en\":\"Activities\",\"de\":\"Aktivit\\u00e4ten\",\"fr\":\"Activit\\u00e9s\",\"it\":\"Attivit\\u00e0\",\"ru\":\"\\u0421\\u043f\\u043e\\u0440\\u0442 \\u0438 \\u041e\\u0442\\u0434\\u044b\\u0445\",\"pt\":\"Atividades\"}'),(143,'{\"es\":\"Comida & bebida\",\"en\":\"Food & Drink\",\"de\":\"Speisen & Getr\\u00e4nke\",\"fr\":\"Restauration\",\"it\":\"Servizi di ristorazione\",\"ru\":\"\\u041f\\u0438\\u0442\\u0430\\u043d\\u0438\\u0435 \\u0438 \\u043d\\u0430\\u043f\\u0438\\u0442\\u043a\\u0438\",\"pt\":\"Alimentos\\/bebidas\"}'),(144,'{\"es\":\"Internet\",\"en\":\"Internet\",\"de\":\"Internet\",\"fr\":\"Internet\",\"it\":\"Internet\",\"ru\":\"\\u0418\\u043d\\u0442\\u0435\\u0440\\u043d\\u0435\\u0442\",\"pt\":\"Internet\"}'),(145,'{\"es\":\"Aparcamiento\",\"en\":\"Parking\",\"de\":\"Parkpl\\u00e4tze\",\"fr\":\"Parking\",\"it\":\"Parcheggio\",\"ru\":\"\\u041f\\u0430\\u0440\\u043a\\u043e\\u0432\\u043a\\u0430\",\"pt\":\"Estacionamento\"}'),(146,'{\"es\":\"Servicios\",\"en\":\"Services\",\"de\":\"Dienstleistungen\",\"fr\":\"Services\",\"it\":\"Altri servizi\",\"ru\":\"\\u0421\\u0435\\u0440\\u0432\\u0438\\u0441\\u044b\",\"pt\":\"Servi\\u00e7os\"}'),(147,'{\"es\":\"General\",\"en\":\"General\",\"de\":\"Allgemein\",\"fr\":\"G\\u00e9n\\u00e9ral\",\"it\":\"Servizi generali\",\"ru\":\"\\u041e\\u0431\\u0449\\u0438\\u0435\",\"pt\":\"Geral\"}'),(148,'{\"es\":\"Idiomas que se hablan\",\"en\":\"Languages spoken\",\"de\":\"Gesprochene Sprachen\",\"fr\":\"Langues parl\\u00e9es\\u00a0\",\"it\":\"Lingue parlate\",\"ru\":\"\\u041f\\u0435\\u0440\\u0441\\u043e\\u043d\\u0430\\u043b \\u0433\\u043e\\u0432\\u043e\\u0440\\u0438\\u0442\",\"pt\":\"Idiomas falados\"}'),(152,'{\"es\":\"Internet\",\"en\":\"Internet\",\"de\":\"Internet\",\"fr\":\"Internet\",\"pt\":\"Internet\"}'),(153,'{\"es\":\"Aparcamiento\",\"en\":\"Parking\",\"de\":\"Parkpl\\u00e4tze\",\"fr\":\"Parking\",\"pt\":\"Estacionamento\"}'),(154,'{\"es\":\"Idiomas que se hablan\",\"en\":\"Languages spoken\",\"de\":\"Gesprochene Sprachen\",\"fr\":\"Langues parl\\u00e9es\\u00a0\",\"pt\":\"Idiomas falados\"}'),(155,'{\"pt\":\"Estacionamento\"}'),(156,'{\"es\":\"Exteriores\",\"en\":\"Outdoors\",\"it\":\"Spazi all\'aperto\"}'),(157,'{\"es\":\"Actividades\",\"en\":\"Activities\",\"it\":\"Attivit\\u00e0\"}'),(158,'{\"es\":\"Comida & bebida\",\"en\":\"Food & Drink\",\"it\":\"Servizi di ristorazione\"}'),(159,'{\"es\":\"Internet\",\"en\":\"Internet\",\"it\":\"Internet\"}'),(160,'{\"es\":\"Aparcamiento\",\"en\":\"Parking\",\"it\":\"Parcheggio\"}'),(161,'{\"es\":\"Servicios\",\"en\":\"Services\",\"it\":\"Altri servizi\"}'),(162,'{\"es\":\"General\",\"en\":\"General\",\"it\":\"Servizi generali\"}'),(163,'{\"es\":\"Exteriores\",\"en\":\"Outdoors\",\"de\":\"Au\\u00dfenbereich\",\"fr\":\"En ext\\u00e9rieur\",\"it\":\"Spazi all\'aperto\",\"ru\":\"\\u041d\\u0430 \\u0441\\u0432\\u0435\\u0436\\u0435\\u043c \\u0432\\u043e\\u0437\\u0434\\u0443\\u0445\\u0435\",\"cs\":\"Exteri\\u00e9r\",\"pt\":\"\\u00c1rea externa\"}'),(164,'{\"es\":\"Actividades\",\"en\":\"Activities\",\"de\":\"Aktivit\\u00e4ten\",\"fr\":\"Activit\\u00e9s\",\"it\":\"Attivit\\u00e0\",\"ru\":\"\\u0421\\u043f\\u043e\\u0440\\u0442 \\u0438 \\u041e\\u0442\\u0434\\u044b\\u0445\",\"cs\":\"Aktivity\",\"pt\":\"Atividades\"}'),(165,'{\"es\":\"Comida & bebida\",\"en\":\"Food & Drink\",\"de\":\"Speisen & Getr\\u00e4nke\",\"fr\":\"Restauration\",\"it\":\"Servizi di ristorazione\",\"ru\":\"\\u041f\\u0438\\u0442\\u0430\\u043d\\u0438\\u0435 \\u0438 \\u043d\\u0430\\u043f\\u0438\\u0442\\u043a\\u0438\",\"cs\":\"J\\u00eddlo a pit\\u00ed\",\"pt\":\"Alimentos\\/bebidas\"}'),(166,'{\"es\":\"Internet\",\"en\":\"Internet\",\"de\":\"Internet\",\"fr\":\"Internet\",\"it\":\"Internet\",\"ru\":\"\\u0418\\u043d\\u0442\\u0435\\u0440\\u043d\\u0435\\u0442\",\"cs\":\"Internet\",\"pt\":\"Internet\"}'),(167,'{\"es\":\"Aparcamiento\",\"en\":\"Parking\",\"de\":\"Parkpl\\u00e4tze\",\"fr\":\"Parking\",\"it\":\"Parcheggio\",\"ru\":\"\\u041f\\u0430\\u0440\\u043a\\u043e\\u0432\\u043a\\u0430\",\"cs\":\"Parkov\\u00e1n\\u00ed\",\"pt\":\"Estacionamento\"}'),(168,'{\"es\":\"Servicios\",\"en\":\"Services\",\"de\":\"Dienstleistungen\",\"fr\":\"Services\",\"it\":\"Altri servizi\",\"ru\":\"\\u0421\\u0435\\u0440\\u0432\\u0438\\u0441\\u044b\",\"cs\":\"Slu\\u017eby\",\"pt\":\"Servi\\u00e7os\"}'),(169,'{\"es\":\"General\",\"en\":\"General\",\"de\":\"Allgemein\",\"fr\":\"G\\u00e9n\\u00e9ral\",\"it\":\"Servizi generali\",\"ru\":\"\\u041e\\u0431\\u0449\\u0438\\u0435\",\"cs\":\"Obecn\\u00e9\",\"pt\":\"Geral\"}'),(170,'{\"es\":\"Idiomas que se hablan\",\"en\":\"Languages spoken\",\"de\":\"Gesprochene Sprachen\",\"fr\":\"Langues parl\\u00e9es\\u00a0\",\"it\":\"Lingue parlate\",\"ru\":\"\\u041f\\u0435\\u0440\\u0441\\u043e\\u043d\\u0430\\u043b \\u0433\\u043e\\u0432\\u043e\\u0440\\u0438\\u0442\",\"cs\":\"Person\\u00e1l hovo\\u0159\\u00ed t\\u011bmito jazyky:\",\"pt\":\"Idiomas falados\"}');
/*!40000 ALTER TABLE `servicio_categoria` ENABLE KEYS */;
UNLOCK TABLES;

--
-- Table structure for table `telefono`
--

DROP TABLE IF EXISTS `telefono`;
/*!40101 SET @saved_cs_client     = @@character_set_client */;
/*!40101 SET character_set_client = utf8 */;
CREATE TABLE `telefono` (
  `id` int(11) NOT NULL AUTO_INCREMENT,
  `numero` varchar(45) DEFAULT NULL,
  `telefono_tipo_id` int(11) NOT NULL,
  `empresa_id` int(11) NOT NULL,
  PRIMARY KEY (`id`),
  KEY `fk_telefono_telefono_tipo1_idx` (`telefono_tipo_id`),
  KEY `fk_telefono_empresa1_idx` (`empresa_id`),
  CONSTRAINT `fk_telefono_telefono_tipo1` FOREIGN KEY (`telefono_tipo_id`) REFERENCES `telefono_tipo` (`id`) ON DELETE NO ACTION ON UPDATE NO ACTION,
  CONSTRAINT `fk_telefono_empresa1` FOREIGN KEY (`empresa_id`) REFERENCES `empresa` (`id`) ON DELETE NO ACTION ON UPDATE NO ACTION
) ENGINE=InnoDB DEFAULT CHARSET=latin1;
/*!40101 SET character_set_client = @saved_cs_client */;

--
-- Dumping data for table `telefono`
--

LOCK TABLES `telefono` WRITE;
/*!40000 ALTER TABLE `telefono` DISABLE KEYS */;
/*!40000 ALTER TABLE `telefono` ENABLE KEYS */;
UNLOCK TABLES;

--
-- Table structure for table `telefono_tipo`
--

DROP TABLE IF EXISTS `telefono_tipo`;
/*!40101 SET @saved_cs_client     = @@character_set_client */;
/*!40101 SET character_set_client = utf8 */;
CREATE TABLE `telefono_tipo` (
  `id` int(11) NOT NULL AUTO_INCREMENT,
  `nombre` varchar(45) DEFAULT NULL,
  PRIMARY KEY (`id`)
) ENGINE=InnoDB DEFAULT CHARSET=latin1;
/*!40101 SET character_set_client = @saved_cs_client */;

--
-- Dumping data for table `telefono_tipo`
--

LOCK TABLES `telefono_tipo` WRITE;
/*!40000 ALTER TABLE `telefono_tipo` DISABLE KEYS */;
/*!40000 ALTER TABLE `telefono_tipo` ENABLE KEYS */;
UNLOCK TABLES;

--
-- Table structure for table `usuario`
--

DROP TABLE IF EXISTS `usuario`;
/*!40101 SET @saved_cs_client     = @@character_set_client */;
/*!40101 SET character_set_client = utf8 */;
CREATE TABLE `usuario` (
  `id` int(11) NOT NULL AUTO_INCREMENT,
  `nombre` varchar(100) DEFAULT NULL,
  `apellido` varchar(100) DEFAULT NULL,
  `email` varchar(150) DEFAULT NULL,
  `tiempo_creacion` timestamp NULL DEFAULT NULL,
  `ultima_modificacion` timestamp NULL DEFAULT NULL,
  `status` varchar(10) DEFAULT NULL,
  `direccion_id` int(11) DEFAULT NULL,
  `usuario_grupo_id` int(11) DEFAULT NULL,
  `telefono` varchar(45) DEFAULT NULL,
  `pais_id` int(11) DEFAULT NULL,
  `password` varchar(50) DEFAULT NULL,
  PRIMARY KEY (`id`),
  KEY `fk_usuario_direccion1_idx` (`direccion_id`),
  KEY `fk_usuario_usuario_grupo1_idx` (`usuario_grupo_id`),
  KEY `fk_usuario_pais1_idx` (`pais_id`),
  CONSTRAINT `fk_usuario_direccion1` FOREIGN KEY (`direccion_id`) REFERENCES `direccion` (`id`) ON DELETE NO ACTION ON UPDATE NO ACTION,
  CONSTRAINT `fk_usuario_pais1` FOREIGN KEY (`pais_id`) REFERENCES `pais` (`id`) ON DELETE NO ACTION ON UPDATE NO ACTION,
  CONSTRAINT `fk_usuario_usuario_grupo1` FOREIGN KEY (`usuario_grupo_id`) REFERENCES `usuario_grupo` (`id`) ON DELETE NO ACTION ON UPDATE NO ACTION
) ENGINE=InnoDB AUTO_INCREMENT=11 DEFAULT CHARSET=latin1;
/*!40101 SET character_set_client = @saved_cs_client */;

--
-- Dumping data for table `usuario`
--

LOCK TABLES `usuario` WRITE;
/*!40000 ALTER TABLE `usuario` DISABLE KEYS */;
INSERT INTO `usuario` VALUES (1,'Ruben','Velazquez','ruben.velazquez.calva@gmail.com','2013-11-26 23:00:00','0000-00-00 00:00:00','',NULL,NULL,'12312312',724,NULL),(2,'Matias','Barbarroja','matias.barbarroja@gmail.com','2013-11-30 23:00:00','0000-00-00 00:00:00','',NULL,NULL,'666564986',724,NULL),(3,'Matias','barbarroja','matias.barbarroja@gmail.com','2013-12-01 23:00:00','0000-00-00 00:00:00','',NULL,NULL,'+34913991668',724,NULL),(4,'Matias','barbarroja','matias.barbarroja@gmail.com','2013-12-01 23:00:00','0000-00-00 00:00:00','',NULL,NULL,'+34913991668',724,NULL),(5,'Matias Barbarroja','Barbarroja','matias.barbarroja@gmail.com','2013-12-01 23:00:00','0000-00-00 00:00:00','',NULL,NULL,'6546456546546',724,NULL),(6,'Administrador',NULL,'admin@vikahotel.com',NULL,NULL,'activo',NULL,1,NULL,NULL,'admin'),(7,'Ruben','Velazquez','ruben.velazquez.calva@gmail.com','2013-12-01 23:00:00','0000-00-00 00:00:00','',NULL,NULL,'123123123123',724,''),(8,'Ruben','Velazquez','ruben.velazquez.calva@gmail.com','2013-12-05 23:00:00','0000-00-00 00:00:00','',NULL,NULL,'123123123123',724,''),(9,'Matias','Barbarroja','matias.barbarroja@gmail.com','2013-12-06 23:00:00','0000-00-00 00:00:00','',NULL,NULL,'630454550',724,''),(10,'Ruben','Velazquez','ruben.velazquez.calva@gmail.com','2013-12-07 23:00:00','0000-00-00 00:00:00','',NULL,NULL,'13123123',724,'');
/*!40000 ALTER TABLE `usuario` ENABLE KEYS */;
UNLOCK TABLES;

--
-- Table structure for table `usuario_grupo`
--

DROP TABLE IF EXISTS `usuario_grupo`;
/*!40101 SET @saved_cs_client     = @@character_set_client */;
/*!40101 SET character_set_client = utf8 */;
CREATE TABLE `usuario_grupo` (
  `id` int(11) NOT NULL AUTO_INCREMENT,
  `nombre` varchar(45) DEFAULT NULL,
  PRIMARY KEY (`id`)
) ENGINE=InnoDB AUTO_INCREMENT=2 DEFAULT CHARSET=latin1;
/*!40101 SET character_set_client = @saved_cs_client */;

--
-- Dumping data for table `usuario_grupo`
--

LOCK TABLES `usuario_grupo` WRITE;
/*!40000 ALTER TABLE `usuario_grupo` DISABLE KEYS */;
INSERT INTO `usuario_grupo` VALUES (1,'Administrador');
/*!40000 ALTER TABLE `usuario_grupo` ENABLE KEYS */;
UNLOCK TABLES;
/*!40103 SET TIME_ZONE=@OLD_TIME_ZONE */;

/*!40101 SET SQL_MODE=@OLD_SQL_MODE */;
/*!40014 SET FOREIGN_KEY_CHECKS=@OLD_FOREIGN_KEY_CHECKS */;
/*!40014 SET UNIQUE_CHECKS=@OLD_UNIQUE_CHECKS */;
/*!40101 SET CHARACTER_SET_CLIENT=@OLD_CHARACTER_SET_CLIENT */;
/*!40101 SET CHARACTER_SET_RESULTS=@OLD_CHARACTER_SET_RESULTS */;
/*!40101 SET COLLATION_CONNECTION=@OLD_COLLATION_CONNECTION */;
/*!40111 SET SQL_NOTES=@OLD_SQL_NOTES */;

-- Dump completed on 2013-12-08 23:40:26
